IDN4,IDN2,nationality_majority,SK-2021-rate,HU-2021-rate,RMY-2021-rate,RUE-2021-rate
500011,4,SK,90.7%,1.0%,0.1%,0.0%
500020,4,SK,91.3%,0.4%,0.1%,0.0%
500046,4,SK,95.5%,0.3%,0.0%,0.0%
500062,4,SK,91.4%,0.6%,1.3%,0.0%
500071,4,SK,83.2%,13.8%,0.3%,0.0%
500101,4,SK,93.6%,0.2%,0.3%,0.0%
500127,4,SK,92.0%,0.4%,0.0%,0.0%
500135,4,SK,95.7%,1.2%,0.1%,0.0%
500151,4,SK,98.1%,0.3%,0.1%,0.1%
500160,4,SK,78.5%,17.1%,0.0%,0.0%
500194,4,SK,49.9%,45.9%,0.0%,0.0%
500232,4,SK,96.4%,1.0%,0.0%,0.1%
500241,4,SK,91.0%,0.8%,0.3%,0.1%
500267,1,SK,90.5%,0.0%,0.0%,0.0%
500283,4,SK,97.4%,0.0%,0.0%,0.0%
500305,4,SK,93.9%,0.4%,0.0%,0.0%
500313,4,SK,95.4%,0.0%,0.0%,0.0%
500321,4,SK,94.2%,0.0%,1.6%,0.0%
500348,3,SK,98.1%,0.0%,0.0%,0.0%
500356,4,SK,96.4%,0.4%,0.0%,0.0%
500364,4,SK,97.3%,0.0%,0.0%,0.0%
500372,4,SK,72.0%,21.7%,0.0%,0.0%
500381,4,SK,94.2%,1.4%,0.1%,0.0%
500399,4,SK,98.4%,1.1%,0.0%,0.5%
500402,4,SK,67.7%,23.1%,0.0%,0.0%
500411,4,SK,56.7%,39.4%,0.0%,0.0%
500429,4,SK,96.5%,2.0%,0.0%,0.0%
500437,4,SK,69.4%,24.3%,0.0%,0.0%
500453,4,SK,94.5%,0.2%,0.0%,0.0%
500461,4,SK,97.7%,0.6%,0.0%,0.3%
500470,4,SK,92.5%,0.6%,0.4%,0.0%
500488,4,SK,97.3%,0.1%,0.3%,0.0%
500500,4,SK,96.8%,0.1%,0.0%,0.0%
500518,4,SK,86.4%,10.4%,0.0%,0.0%
500534,4,SK,94.7%,0.0%,0.0%,0.0%
500542,4,SK,97.3%,0.2%,0.0%,0.0%
500551,4,SK,97.4%,0.2%,0.2%,0.0%
500569,4,SK,93.0%,0.0%,0.2%,0.0%
500577,4,SK,92.0%,0.5%,0.0%,0.0%
500585,4,SK,92.7%,0.2%,0.3%,0.0%
500593,4,SK,96.8%,0.6%,0.0%,0.0%
500607,4,SK,96.6%,1.0%,0.0%,0.0%
500631,4,SK,89.9%,0.2%,0.0%,0.0%
500640,4,SK,94.8%,0.2%,0.0%,0.0%
500658,4,SK,96.7%,0.0%,0.0%,0.0%
500666,4,SK,92.1%,3.8%,0.0%,0.3%
500674,4,SK,95.8%,2.8%,0.0%,0.0%
500682,4,SK,59.3%,36.8%,0.0%,0.1%
500691,4,SK,93.4%,0.3%,0.0%,0.0%
500704,4,SK,95.2%,0.3%,0.0%,0.0%
500712,4,SK,97.6%,0.4%,0.0%,0.0%
500721,4,SK,96.8%,0.4%,0.0%,0.0%
500739,4,SK,92.1%,1.2%,0.2%,0.0%
500747,4,SK,95.6%,0.5%,0.0%,0.1%
500755,4,SK,94.0%,0.5%,0.0%,0.0%
500780,4,SK,96.8%,0.3%,0.0%,0.0%
500798,4,SK,94.5%,0.4%,0.0%,0.0%
500810,4,SK,91.7%,0.3%,0.1%,0.1%
500828,4,SK,96.7%,0.1%,0.0%,0.0%
500836,4,SK,97.9%,0.6%,0.0%,0.0%
500844,4,SK,94.3%,0.1%,0.0%,0.0%
500887,4,SK,93.0%,0.3%,0.0%,0.0%
500895,4,HU,39.2%,56.5%,0.0%,0.1%
500909,4,SK,98.1%,0.9%,0.0%,0.0%
500917,4,SK,94.9%,2.1%,0.4%,0.0%
500925,4,SK,97.5%,1.0%,0.1%,0.0%
500933,4,SK,89.7%,2.4%,0.1%,0.0%
500941,4,SK,95.2%,1.3%,0.0%,0.0%
500950,4,SK,91.4%,0.4%,0.1%,0.0%
500968,4,SK,89.0%,0.3%,1.3%,0.0%
500976,4,SK,98.1%,0.5%,0.0%,0.0%
500984,4,SK,95.1%,0.2%,0.0%,0.0%
500992,4,SK,57.4%,37.2%,0.1%,0.0%
501018,4,SK,93.4%,0.5%,0.0%,0.0%
501026,4,HU,31.3%,53.7%,0.5%,0.0%
501034,4,SK,48.1%,40.5%,0.8%,0.0%
501042,4,HU,14.4%,80.1%,0.3%,0.0%
501069,4,HU,6.8%,91.1%,0.0%,0.0%
501077,4,HU,10.4%,86.8%,0.1%,0.0%
501085,4,HU,26.2%,67.2%,0.1%,0.0%
501093,4,HU,10.7%,78.8%,0.0%,0.0%
501107,4,HU,38.6%,55.5%,0.5%,0.0%
501115,4,HU,29.5%,64.9%,0.2%,0.0%
501123,4,SK,92.2%,3.8%,0.4%,0.0%
501140,4,SK,50.6%,40.7%,2.4%,0.0%
501158,4,HU,12.7%,82.3%,0.0%,0.0%
501166,4,SK,58.5%,39.5%,0.0%,0.0%
501174,4,HU,26.8%,63.5%,0.2%,0.1%
501182,4,HU,22.8%,69.1%,1.0%,0.0%
501191,4,HU,11.8%,84.2%,0.0%,0.0%
501204,4,HU,20.4%,74.1%,0.3%,0.0%
501212,4,HU,18.2%,77.4%,0.0%,0.0%
501221,4,SK,79.6%,12.0%,0.0%,0.0%
501239,4,HU,13.8%,73.8%,0.8%,0.0%
501247,4,HU,13.0%,82.3%,1.0%,0.0%
501255,4,HU,7.2%,87.8%,0.0%,0.0%
501263,4,HU,11.8%,81.7%,0.2%,0.0%
501271,4,SK,85.5%,8.9%,0.0%,0.0%
501280,4,HU,41.1%,49.1%,8.3%,0.0%
501301,4,HU,17.2%,79.8%,0.1%,0.0%
501310,4,HU,16.1%,78.6%,0.2%,0.0%
501328,4,HU,26.8%,67.6%,0.6%,0.0%
501336,4,HU,13.1%,84.8%,0.0%,0.0%
501344,4,HU,7.0%,85.4%,0.4%,0.0%
501352,4,SK,91.5%,3.8%,0.0%,0.2%
501361,4,HU,14.7%,82.1%,0.0%,0.0%
501379,4,HU,14.1%,81.1%,0.0%,0.0%
501387,4,HU,17.8%,75.3%,0.2%,0.0%
501395,4,HU,19.7%,76.0%,0.2%,0.0%
501409,4,HU,14.2%,78.3%,2.8%,0.2%
501417,4,HU,11.2%,80.5%,0.0%,0.0%
501425,4,HU,13.3%,73.6%,0.3%,0.0%
501433,2,HU,19.0%,71.9%,0.4%,0.0%
501441,2,HU,24.9%,72.5%,0.0%,0.0%
501450,2,HU,13.0%,83.0%,0.0%,0.0%
501468,2,HU,9.3%,87.8%,0.1%,0.0%
501484,2,SK,60.8%,31.7%,0.0%,0.6%
501492,2,HU,27.1%,70.1%,0.0%,0.0%
501506,2,HU,14.0%,84.3%,0.0%,0.0%
501514,2,HU,35.3%,60.2%,0.2%,0.0%
501522,2,HU,14.6%,78.4%,0.2%,0.0%
501531,2,HU,9.5%,87.7%,0.0%,0.0%
501549,2,HU,45.6%,49.9%,0.2%,0.0%
501557,2,HU,25.6%,71.7%,0.0%,0.0%
501573,2,HU,13.9%,80.6%,0.0%,0.0%
501581,2,HU,16.4%,81.6%,0.0%,0.0%
501590,2,HU,28.5%,65.8%,0.0%,0.0%
501603,2,HU,23.7%,74.2%,0.4%,0.0%
501611,2,HU,10.4%,86.6%,0.0%,0.0%
501620,2,HU,42.0%,56.1%,0.3%,0.0%
501638,2,SK,85.0%,7.3%,0.0%,0.0%
501654,2,HU,16.3%,80.5%,0.2%,0.0%
501662,2,HU,28.7%,68.6%,0.0%,0.0%
501671,2,HU,14.8%,82.7%,0.0%,0.0%
501689,2,HU,11.9%,84.3%,0.0%,0.0%
501697,2,HU,11.4%,87.0%,0.0%,0.0%
501701,2,HU,17.4%,77.3%,0.0%,0.0%
501719,2,HU,18.5%,77.2%,0.1%,0.0%
501727,2,SK,79.1%,15.2%,0.0%,0.1%
501735,2,SK,47.9%,46.9%,0.5%,0.1%
501743,2,HU,12.2%,85.7%,0.0%,0.0%
501760,2,HU,16.7%,80.8%,0.0%,0.0%
501778,2,HU,22.1%,73.0%,0.5%,0.0%
501786,2,HU,27.3%,67.2%,0.2%,0.0%
501808,2,HU,28.5%,67.4%,1.4%,0.0%
501816,2,HU,8.1%,90.7%,0.0%,0.0%
501824,2,HU,10.2%,85.6%,0.3%,0.0%
501832,2,SK,55.6%,41.7%,0.0%,0.2%
501859,2,HU,19.5%,77.5%,0.3%,0.0%
501867,2,HU,14.6%,82.9%,0.2%,0.0%
501875,2,HU,12.4%,84.4%,0.0%,0.0%
501883,2,HU,15.5%,79.8%,2.7%,0.0%
501891,2,HU,21.5%,74.7%,0.2%,0.0%
501905,2,HU,41.1%,49.5%,0.2%,0.0%
501913,2,HU,29.8%,67.2%,0.7%,0.0%
501921,2,HU,10.1%,86.5%,0.1%,0.0%
501930,2,HU,7.4%,90.6%,0.0%,0.0%
501956,2,HU,32.8%,63.2%,0.0%,0.2%
501964,2,HU,15.9%,82.7%,0.0%,0.0%
501972,2,SK,60.9%,36.5%,0.0%,0.1%
501981,2,HU,22.2%,66.3%,1.1%,0.1%
501999,2,HU,33.9%,60.2%,0.0%,0.0%
502006,2,HU,16.1%,79.1%,0.7%,0.0%
502014,2,HU,16.7%,77.5%,0.4%,0.0%
502022,2,SK,34.2%,32.0%,25.1%,0.0%
502031,4,SK,83.4%,8.3%,0.4%,0.0%
502049,4,SK,81.1%,9.5%,0.0%,0.0%
502057,4,SK,93.4%,0.5%,0.2%,0.1%
502065,4,SK,62.7%,29.6%,2.2%,0.2%
502073,4,HU,18.7%,77.3%,0.0%,0.0%
502090,4,SK,71.0%,25.2%,0.0%,0.0%
502103,4,SK,98.3%,0.0%,0.0%,0.0%
502111,4,SK,98.0%,0.4%,0.0%,0.0%
502120,4,SK,94.8%,1.1%,0.9%,0.0%
502154,4,SK,72.8%,18.3%,0.0%,0.0%
502162,4,SK,94.4%,0.5%,0.0%,0.0%
502171,4,SK,88.2%,5.1%,1.1%,0.0%
502189,4,XR,24.4%,31.9%,36.9%,0.0%
502197,4,SK,92.9%,2.4%,0.4%,0.0%
502201,4,SK,92.1%,0.8%,0.0%,0.0%
502219,4,SK,91.6%,0.8%,0.3%,0.0%
502227,4,HU,27.9%,64.0%,2.9%,0.0%
502243,4,SK,57.6%,32.9%,0.0%,0.0%
502251,4,SK,69.1%,25.2%,0.0%,0.0%
502260,4,SK,84.9%,12.8%,0.2%,0.2%
502278,4,SK,51.0%,38.2%,0.2%,0.0%
502286,4,HU,38.4%,58.7%,0.7%,0.0%
502294,4,SK,66.0%,26.9%,1.1%,0.0%
502324,4,SK,55.0%,37.7%,0.5%,0.0%
502332,4,SK,95.4%,0.6%,0.0%,0.0%
502341,4,SK,91.9%,1.1%,0.0%,0.0%
502359,4,SK,89.5%,3.5%,0.0%,0.0%
502367,4,HU,19.3%,78.5%,0.0%,0.0%
502375,4,HU,30.6%,58.9%,3.6%,0.0%
502383,4,SK,92.3%,0.0%,0.0%,0.0%
502391,4,SK,67.9%,25.8%,0.0%,0.1%
502413,4,SK,75.8%,10.2%,0.0%,0.0%
502421,4,SK,93.9%,0.5%,0.8%,0.0%
502430,4,SK,94.6%,1.4%,0.0%,0.0%
502448,4,HU,26.2%,70.3%,0.0%,0.0%
502456,4,SK,71.2%,16.5%,0.2%,0.0%
502464,4,SK,91.4%,3.8%,0.0%,0.0%
502472,4,HU,13.2%,82.5%,0.0%,0.0%
502481,4,SK,79.0%,8.2%,0.2%,0.0%
502499,4,SK,46.8%,44.0%,2.9%,0.0%
502502,4,SK,98.3%,1.1%,0.0%,0.0%
502511,4,SK,63.1%,27.1%,0.2%,0.2%
502537,4,HU,15.9%,78.8%,0.0%,0.0%
502570,4,SK,67.0%,24.5%,0.1%,0.0%
502588,4,SK,96.8%,0.7%,0.0%,0.1%
502596,4,SK,88.2%,5.4%,0.0%,0.0%
502600,4,HU,36.9%,56.2%,0.0%,0.0%
502618,4,SK,79.8%,15.0%,0.2%,0.0%
502626,4,HU,34.1%,60.0%,0.2%,0.0%
502634,4,SK,96.9%,0.0%,0.0%,0.0%
502642,4,HU,38.0%,59.7%,0.5%,0.0%
502651,4,SK,75.3%,0.6%,2.2%,0.0%
502669,4,SK,97.5%,0.5%,0.0%,0.0%
502677,4,HU,41.8%,45.4%,2.7%,0.1%
502693,4,SK,91.5%,0.3%,0.6%,0.0%
502707,4,SK,96.9%,0.4%,0.0%,0.0%
502715,4,SK,88.3%,5.0%,1.7%,0.3%
502723,4,SK,48.0%,44.7%,0.0%,0.0%
502731,4,SK,68.3%,20.7%,0.0%,0.0%
502740,4,SK,57.4%,34.6%,0.0%,0.0%
502758,4,SK,82.1%,15.0%,0.0%,0.0%
502766,4,SK,95.1%,0.5%,0.0%,0.0%
502782,4,HU,36.3%,57.3%,0.4%,0.0%
502791,4,HU,29.0%,53.4%,6.0%,0.0%
502804,4,SK,49.5%,36.5%,1.4%,0.0%
502812,4,SK,79.6%,11.6%,0.0%,0.0%
502821,4,SK,68.4%,23.1%,0.3%,0.0%
502847,4,SK,65.5%,31.6%,0.0%,0.8%
502863,4,SK,91.4%,0.9%,0.1%,0.1%
502871,4,SK,72.2%,25.2%,0.0%,0.0%
502880,4,SK,62.3%,34.0%,0.0%,0.0%
502898,4,SK,92.8%,1.1%,0.0%,0.0%
502910,4,HU,24.5%,69.2%,2.0%,0.0%
502928,4,HU,43.9%,53.5%,0.0%,0.0%
502936,4,SK,91.7%,1.8%,0.3%,0.0%
502944,4,HU,29.8%,57.9%,6.3%,0.0%
502952,4,SK,50.9%,41.7%,0.6%,0.0%
502961,4,HU,17.0%,82.3%,0.0%,0.0%
502979,4,SK,72.9%,23.3%,0.0%,0.0%
502987,4,SK,49.9%,41.7%,0.1%,0.0%
502995,4,SK,92.6%,1.1%,0.1%,0.1%
503002,4,HU,40.7%,57.3%,0.0%,0.0%
503011,4,SK,70.2%,21.4%,0.1%,0.0%
503029,4,SK,50.7%,42.8%,0.0%,0.0%
503037,4,HU,11.7%,79.1%,0.3%,0.0%
503045,4,SK,92.7%,1.1%,0.1%,0.0%
503053,4,SK,67.2%,29.3%,0.0%,0.0%
503061,4,HU,23.4%,71.4%,0.0%,0.0%
503070,4,HU,30.6%,68.0%,0.0%,0.0%
503088,4,HU,15.1%,74.2%,0.3%,0.0%
503096,4,SK,93.8%,4.7%,0.0%,0.0%
503100,4,HU,13.8%,77.2%,0.2%,0.0%
503118,4,SK,94.4%,3.0%,0.0%,0.0%
503126,4,SK,93.0%,0.5%,0.0%,0.0%
503134,4,SK,95.7%,0.9%,0.0%,0.0%
503151,4,SK,93.4%,0.7%,0.3%,0.0%
503169,4,HU,45.2%,48.6%,0.0%,0.0%
503177,4,HU,34.3%,52.9%,0.6%,0.0%
503185,4,HU,28.6%,64.2%,0.0%,0.0%
503193,4,SK,96.3%,0.6%,0.0%,0.0%
503207,4,HU,24.1%,73.5%,0.0%,0.0%
503215,4,SK,89.4%,2.0%,0.1%,0.0%
503223,4,SK,91.4%,4.3%,0.0%,0.0%
503231,4,HU,20.5%,69.6%,0.6%,0.0%
503240,4,HU,18.1%,70.0%,0.4%,0.0%
503258,4,HU,14.1%,79.4%,0.3%,0.0%
503266,4,SK,96.3%,0.4%,0.0%,0.0%
503274,4,SK,92.5%,1.7%,0.1%,0.0%
503282,4,SK,90.3%,0.6%,0.1%,0.0%
503291,4,HU,23.5%,68.0%,0.2%,0.0%
503312,4,HU,16.6%,81.8%,0.0%,0.0%
503321,4,SK,95.5%,0.3%,0.0%,0.0%
503339,4,HU,24.0%,69.1%,0.2%,0.0%
503347,4,HU,15.3%,80.9%,0.0%,0.0%
503355,4,HU,12.9%,78.6%,0.0%,0.0%
503363,4,SK,95.7%,0.4%,0.4%,0.0%
503371,4,SK,97.2%,0.7%,0.0%,0.0%
503380,4,SK,50.5%,47.8%,0.1%,0.0%
503398,4,SK,95.2%,0.4%,0.0%,0.0%
503401,4,HU,16.1%,76.6%,2.2%,0.0%
503436,4,HU,12.5%,85.4%,0.0%,0.0%
503452,4,SK,88.8%,1.8%,0.3%,0.1%
503461,2,HU,29.9%,68.6%,0.0%,0.0%
503479,4,SK,92.2%,1.1%,0.0%,0.1%
503487,4,HU,29.6%,68.6%,0.0%,0.0%
503495,4,SK,97.4%,0.3%,0.0%,0.0%
503509,4,SK,97.1%,0.9%,0.0%,0.0%
503517,4,HU,29.6%,67.0%,0.4%,0.0%
503525,4,HU,7.9%,85.7%,0.0%,0.0%
503533,4,SK,91.7%,2.9%,0.4%,0.0%
503541,4,HU,9.4%,84.4%,0.2%,0.0%
503550,4,HU,14.7%,79.9%,0.5%,0.0%
503568,4,HU,25.7%,68.8%,0.1%,0.0%
503576,4,HU,35.0%,61.5%,0.0%,0.0%
503584,4,HU,27.5%,64.4%,0.1%,0.0%
503592,4,SK,91.2%,0.6%,0.2%,0.1%
503606,4,SK,94.6%,1.2%,0.0%,0.0%
503614,4,HU,39.2%,55.1%,0.3%,0.0%
503631,4,SK,79.3%,7.9%,1.3%,0.0%
503649,4,HU,21.4%,70.4%,3.7%,0.0%
503665,2,SK,63.1%,27.7%,0.2%,0.0%
503673,2,SK,96.8%,1.0%,0.1%,0.0%
503681,1,HU,46.7%,47.5%,0.0%,0.0%
503690,2,HU,19.0%,80.2%,0.0%,0.0%
503703,2,HU,24.6%,70.7%,0.3%,0.0%
503711,4,HU,42.2%,51.7%,0.8%,0.0%
503720,4,HU,45.6%,51.0%,0.0%,0.2%
503746,2,HU,30.4%,66.8%,0.1%,0.0%
503754,2,HU,48.2%,48.8%,0.0%,0.0%
503762,2,SK,92.8%,4.3%,0.0%,0.1%
503771,2,HU,37.4%,57.0%,0.1%,0.1%
503789,2,SK,96.1%,0.5%,0.0%,0.0%
503797,1,SK,85.4%,9.0%,0.0%,0.1%
503801,1,SK,51.4%,40.8%,0.1%,0.1%
503819,1,SK,87.3%,8.5%,0.0%,0.0%
503827,2,SK,77.8%,18.5%,0.0%,0.0%
503835,2,HU,43.6%,49.9%,1.1%,0.1%
503843,2,HU,39.6%,50.4%,0.2%,0.1%
503851,1,SK,62.0%,35.0%,0.0%,0.5%
503860,2,SK,58.3%,37.4%,0.0%,0.1%
503878,2,HU,20.9%,77.0%,0.0%,0.0%
503886,4,HU,41.7%,53.6%,0.1%,0.0%
503894,1,SK,88.0%,3.3%,0.0%,0.0%
503924,2,HU,20.1%,74.9%,0.3%,0.0%
503932,4,HU,41.7%,51.5%,2.8%,0.0%
503959,2,SK,96.3%,0.4%,0.0%,0.0%
503967,2,SK,94.9%,0.7%,0.0%,0.0%
503975,2,SK,94.7%,2.4%,0.0%,0.0%
503983,1,SK,67.3%,26.6%,0.1%,0.1%
503991,4,SK,50.5%,35.1%,1.5%,0.0%
504009,2,SK,91.4%,0.9%,0.0%,0.0%
504017,2,SK,70.9%,25.4%,0.4%,0.0%
504025,4,SK,78.5%,13.1%,0.1%,0.0%
504033,2,SK,95.7%,0.6%,0.0%,0.0%
504041,2,SK,96.4%,0.5%,0.0%,0.0%
504050,2,SK,93.3%,0.5%,0.1%,0.0%
504068,4,HU,24.5%,70.4%,0.1%,0.0%
504076,2,HU,18.1%,71.7%,1.2%,0.0%
504084,2,SK,54.9%,42.8%,0.0%,0.0%
504092,4,SK,75.6%,12.0%,0.1%,0.0%
504106,2,HU,11.5%,85.6%,0.0%,0.0%
504114,2,HU,40.4%,53.1%,0.4%,0.0%
504122,2,HU,28.7%,66.4%,0.0%,0.0%
504131,2,HU,41.6%,53.7%,0.0%,0.0%
504149,2,SK,91.6%,1.9%,0.3%,0.1%
504157,2,SK,93.1%,0.2%,0.0%,0.1%
504165,4,HU,30.9%,62.1%,0.1%,0.0%
504173,2,HU,23.8%,71.9%,0.1%,0.0%
504181,2,SK,95.3%,0.6%,0.0%,0.1%
504190,4,HU,35.0%,59.4%,0.2%,0.0%
504203,2,SK,93.5%,0.1%,0.1%,0.0%
504211,2,SK,99.0%,0.0%,0.0%,0.0%
504220,2,SK,96.1%,0.2%,0.1%,0.0%
504238,2,SK,96.4%,0.2%,0.1%,0.1%
504254,3,SK,97.7%,0.0%,0.0%,0.1%
504262,3,SK,93.5%,0.1%,0.1%,0.0%
504271,2,SK,90.7%,0.1%,0.4%,0.0%
504289,3,SK,97.0%,0.5%,0.0%,0.0%
504297,2,SK,96.9%,0.1%,0.0%,0.0%
504319,2,SK,95.9%,0.3%,0.7%,0.0%
504327,2,SK,98.4%,0.0%,0.0%,0.0%
504335,2,SK,97.6%,0.0%,0.1%,0.0%
504343,2,SK,95.9%,0.2%,0.0%,0.0%
504351,2,SK,90.1%,0.2%,0.1%,0.0%
504360,2,SK,93.8%,0.0%,0.2%,0.0%
504378,2,SK,89.6%,0.1%,0.3%,0.0%
504386,2,SK,94.3%,0.7%,0.6%,0.0%
504394,2,SK,95.8%,0.0%,1.6%,0.0%
504408,3,SK,95.1%,0.3%,0.0%,0.0%
504416,2,SK,97.8%,0.1%,0.0%,0.1%
504424,3,SK,96.4%,0.9%,0.0%,0.0%
504432,2,SK,96.2%,0.3%,0.0%,0.0%
504459,2,SK,92.2%,0.1%,0.1%,0.0%
504467,3,SK,97.3%,0.2%,0.0%,0.0%
504475,2,SK,98.0%,0.0%,0.0%,0.0%
504483,2,SK,93.8%,0.0%,0.0%,0.0%
504491,2,SK,97.3%,0.3%,0.3%,0.1%
504513,2,SK,95.1%,0.1%,0.1%,0.0%
504521,2,SK,95.4%,0.1%,0.3%,0.0%
504530,2,SK,96.4%,0.2%,0.0%,0.0%
504548,2,SK,98.8%,0.0%,0.0%,0.0%
504556,1,SK,88.4%,0.3%,0.8%,0.1%
504564,2,SK,94.4%,0.3%,0.0%,0.0%
504572,2,SK,95.5%,0.1%,0.0%,0.0%
504581,3,SK,91.9%,0.2%,0.2%,0.0%
504599,2,SK,97.7%,0.0%,0.0%,0.0%
504602,2,SK,97.5%,0.0%,0.3%,0.0%
504611,2,SK,97.8%,0.5%,0.0%,0.0%
504629,1,SK,96.8%,0.1%,0.0%,0.1%
504637,1,SK,98.0%,0.3%,0.0%,0.0%
504645,2,SK,95.4%,0.0%,0.0%,0.0%
504653,2,SK,95.7%,0.0%,0.0%,0.0%
504661,3,SK,92.7%,0.3%,0.0%,0.0%
504670,2,SK,96.4%,0.1%,0.6%,0.0%
504688,3,SK,98.2%,0.1%,0.1%,0.0%
504696,3,SK,96.0%,0.0%,0.6%,0.8%
504700,2,SK,92.6%,0.1%,0.0%,0.4%
504718,2,SK,96.1%,0.0%,0.0%,0.0%
504726,2,SK,96.8%,0.1%,0.0%,0.0%
504734,2,SK,98.7%,0.0%,0.0%,0.0%
504742,2,SK,94.9%,0.2%,0.0%,0.0%
504769,1,SK,90.6%,0.2%,0.1%,0.1%
504777,2,SK,97.9%,0.0%,0.0%,0.0%
504793,3,SK,98.3%,0.0%,0.0%,0.0%
504815,2,SK,89.0%,0.1%,0.1%,0.0%
504823,2,SK,98.6%,0.2%,0.0%,0.0%
504831,2,SK,98.8%,0.2%,0.0%,0.0%
504840,2,SK,97.6%,0.1%,0.1%,0.0%
504858,1,SK,96.0%,0.5%,0.1%,0.1%
504866,3,SK,96.7%,0.0%,0.0%,0.0%
504874,1,SK,96.4%,0.2%,0.2%,0.0%
504882,2,SK,94.8%,0.1%,0.3%,0.0%
504891,2,SK,94.0%,0.1%,1.9%,0.0%
504904,2,SK,93.4%,0.1%,5.3%,0.0%
504912,2,SK,96.1%,0.0%,0.0%,0.0%
504939,2,SK,94.5%,0.0%,0.3%,0.0%
504947,1,SK,92.0%,0.3%,0.4%,0.1%
504963,2,SK,95.4%,0.2%,0.0%,0.0%
504971,3,SK,92.8%,0.1%,0.1%,0.0%
504980,1,SK,96.5%,0.3%,0.3%,0.0%
504998,4,SK,91.3%,0.2%,0.1%,0.0%
505021,4,SK,98.1%,0.3%,0.3%,0.0%
505048,4,SK,94.1%,0.3%,0.1%,0.0%
505056,3,SK,98.9%,0.0%,0.0%,0.0%
505064,4,SK,99.1%,0.4%,0.0%,0.0%
505072,3,SK,99.0%,0.0%,0.0%,0.0%
505102,3,SK,97.6%,0.0%,0.0%,0.0%
505129,3,SK,95.1%,0.2%,0.0%,0.0%
505137,4,SK,96.9%,0.2%,0.0%,0.0%
505153,3,SK,99.3%,0.0%,0.0%,0.0%
505170,3,SK,98.1%,0.0%,0.0%,0.0%
505196,3,SK,98.9%,0.2%,0.2%,0.0%
505200,3,SK,97.5%,0.2%,0.0%,0.0%
505226,4,SK,99.0%,0.0%,0.0%,0.0%
505234,4,SK,96.3%,0.1%,0.1%,0.0%
505242,4,SK,96.9%,0.0%,0.1%,0.0%
505251,4,SK,94.0%,0.0%,0.0%,0.0%
505277,3,SK,100.0%,0.0%,0.0%,0.0%
505285,4,SK,93.2%,0.4%,0.0%,0.0%
505307,3,SK,97.9%,0.0%,0.0%,0.0%
505315,3,SK,90.4%,0.2%,0.2%,0.0%
505323,3,SK,97.0%,0.0%,0.2%,0.0%
505331,3,SK,95.4%,0.0%,1.0%,0.2%
505340,4,SK,97.2%,0.0%,0.0%,0.0%
505358,3,SK,95.8%,0.0%,0.2%,0.0%
505374,4,SK,96.9%,0.1%,0.0%,0.0%
505382,3,SK,98.8%,0.0%,0.0%,0.0%
505404,4,SK,96.0%,0.1%,0.0%,0.0%
505412,3,SK,96.9%,0.3%,0.0%,0.0%
505421,4,SK,93.6%,0.2%,0.1%,0.0%
505439,4,SK,96.3%,0.0%,0.0%,0.0%
505447,3,SK,98.7%,0.0%,0.0%,0.0%
505455,3,SK,95.5%,0.1%,0.3%,0.0%
505463,3,SK,97.2%,1.5%,0.1%,0.0%
505471,3,SK,97.1%,0.2%,0.0%,0.0%
505480,3,SK,97.0%,0.0%,0.0%,0.0%
505498,4,SK,97.1%,0.1%,0.0%,0.0%
505510,4,SK,98.0%,0.0%,0.0%,0.0%
505536,4,SK,97.1%,0.4%,0.0%,0.0%
505544,3,SK,96.6%,0.0%,0.0%,0.0%
505552,3,SK,97.6%,0.0%,0.0%,0.0%
505561,4,SK,97.4%,0.1%,0.0%,0.1%
505579,3,SK,98.8%,0.0%,0.0%,0.0%
505595,3,SK,92.7%,0.0%,0.0%,0.0%
505617,4,SK,98.2%,0.0%,0.0%,0.0%
505625,3,SK,97.1%,0.3%,0.0%,0.0%
505633,3,SK,92.3%,0.0%,0.0%,0.0%
505641,4,SK,94.8%,0.0%,0.0%,0.0%
505676,4,SK,95.6%,0.0%,0.0%,0.0%
505684,3,SK,98.2%,0.0%,0.0%,0.0%
505692,3,SK,97.6%,0.0%,0.2%,0.0%
505706,3,SK,93.8%,0.0%,0.3%,0.0%
505714,4,SK,95.9%,0.1%,0.0%,0.3%
505722,3,SK,97.5%,0.2%,0.0%,0.1%
505731,3,SK,98.5%,0.2%,0.0%,0.0%
505749,4,SK,97.3%,0.0%,0.0%,0.0%
505757,4,SK,97.4%,0.0%,0.0%,0.0%
505765,3,SK,99.1%,0.0%,0.0%,0.0%
505773,4,SK,98.0%,0.0%,0.0%,0.0%
505790,3,SK,96.2%,0.1%,0.0%,0.0%
505803,3,SK,98.2%,0.0%,0.0%,0.0%
505811,3,SK,96.0%,0.2%,0.2%,0.0%
505820,3,SK,92.4%,0.2%,0.0%,0.0%
505838,3,SK,98.5%,0.1%,0.0%,0.0%
505846,3,SK,96.1%,0.0%,0.0%,0.0%
505854,3,SK,97.9%,0.1%,0.0%,0.0%
505871,3,SK,95.9%,0.1%,0.0%,0.0%
505889,3,SK,94.8%,0.0%,0.0%,0.5%
505897,3,SK,93.5%,0.0%,0.0%,0.0%
505901,3,SK,93.6%,0.1%,0.2%,0.0%
505919,3,SK,97.1%,0.3%,0.2%,0.0%
505935,3,SK,97.1%,0.0%,0.1%,0.0%
505943,3,SK,98.8%,0.0%,0.0%,0.1%
505951,3,SK,94.9%,0.1%,0.0%,0.0%
505960,3,SK,95.3%,0.1%,0.0%,0.0%
505978,3,SK,98.9%,0.0%,0.0%,0.0%
505994,3,SK,97.8%,0.1%,0.0%,0.0%
506001,3,SK,97.0%,0.1%,0.1%,0.0%
506010,3,SK,95.6%,0.2%,0.0%,0.0%
506028,3,SK,96.3%,0.2%,0.0%,0.0%
506036,3,SK,94.5%,0.0%,0.0%,0.0%
506044,3,SK,98.1%,0.2%,0.0%,0.0%
506052,3,SK,97.3%,0.1%,0.0%,0.0%
506061,3,SK,95.9%,0.1%,0.4%,0.0%
506079,3,SK,97.5%,0.0%,0.0%,0.2%
506087,3,SK,95.7%,0.1%,0.0%,0.0%
506095,3,SK,96.7%,0.3%,0.0%,0.0%
506109,3,SK,98.3%,0.1%,0.0%,0.0%
506125,3,SK,97.2%,0.1%,0.0%,0.0%
506133,3,SK,98.4%,0.0%,0.0%,0.0%
506141,3,SK,96.0%,0.2%,0.0%,0.0%
506150,3,SK,96.9%,0.0%,0.7%,0.0%
506168,3,SK,98.3%,0.0%,0.0%,0.0%
506184,3,SK,92.5%,0.1%,0.1%,0.0%
506206,3,SK,96.9%,0.9%,0.0%,0.0%
506231,3,SK,98.4%,0.2%,0.0%,0.0%
506249,3,SK,97.1%,0.4%,0.2%,0.0%
506257,3,SK,97.5%,0.0%,0.0%,0.0%
506265,3,SK,95.7%,0.2%,0.2%,0.0%
506273,3,SK,98.2%,0.0%,0.0%,0.0%
506281,3,SK,94.5%,0.1%,0.0%,0.0%
506290,3,SK,98.9%,0.1%,0.0%,0.0%
506303,3,SK,97.2%,0.1%,0.0%,0.0%
506311,3,SK,95.2%,0.0%,0.0%,0.5%
506338,3,SK,91.9%,0.1%,0.2%,0.0%
506346,3,SK,98.5%,0.0%,0.0%,0.0%
506354,3,SK,96.9%,0.1%,0.0%,0.0%
506371,3,SK,98.8%,0.0%,0.0%,0.0%
506401,3,SK,95.6%,0.0%,0.3%,0.0%
506419,3,SK,93.5%,0.0%,0.0%,0.0%
506427,3,SK,93.8%,0.1%,0.9%,0.0%
506435,3,SK,97.9%,0.4%,0.0%,0.0%
506443,3,SK,97.2%,0.1%,0.0%,0.0%
506478,3,SK,98.3%,0.1%,0.0%,0.0%
506508,3,SK,97.6%,0.1%,0.1%,0.0%
506516,3,SK,94.3%,0.6%,0.6%,0.0%
506524,3,SK,92.5%,0.1%,0.0%,0.0%
506532,3,SK,97.0%,0.1%,0.0%,0.1%
506541,3,SK,96.7%,0.0%,0.0%,0.0%
506559,3,SK,97.2%,0.2%,0.2%,0.0%
506567,3,SK,97.7%,0.1%,0.0%,0.0%
506583,3,SK,95.7%,0.1%,0.0%,0.0%
506591,3,SK,98.6%,0.0%,0.0%,0.0%
506605,3,SK,98.9%,0.1%,0.4%,0.0%
506613,3,SK,91.8%,0.2%,0.1%,0.1%
506630,3,SK,95.1%,0.0%,0.3%,0.0%
506648,3,SK,97.8%,0.0%,0.0%,0.0%
506656,3,SK,98.6%,0.0%,0.0%,0.1%
506672,3,SK,97.7%,0.0%,0.0%,0.0%
506745,2,SK,90.5%,0.3%,0.2%,0.0%
506788,2,SK,98.8%,0.0%,0.0%,0.0%
506796,2,SK,98.2%,0.1%,0.1%,0.0%
506800,2,SK,98.0%,0.1%,0.0%,0.0%
506818,2,SK,96.6%,0.5%,0.1%,0.0%
506826,2,SK,97.2%,0.2%,0.0%,0.0%
506834,2,SK,95.9%,0.1%,0.0%,0.0%
506842,2,SK,91.4%,0.2%,0.0%,0.1%
506851,2,SK,97.6%,0.2%,0.0%,0.0%
506869,2,SK,96.3%,0.0%,0.0%,0.0%
506877,2,SK,95.4%,0.3%,0.0%,0.0%
506885,2,SK,95.7%,0.1%,0.0%,0.0%
506893,2,SK,98.2%,0.2%,0.0%,0.1%
506915,2,SK,96.8%,0.1%,0.0%,0.0%
506923,2,SK,93.4%,0.0%,0.3%,0.0%
506931,2,SK,98.2%,0.0%,0.1%,0.0%
506940,2,SK,97.4%,0.1%,0.2%,0.0%
506958,2,SK,98.2%,0.8%,0.0%,0.0%
506966,2,SK,96.9%,0.2%,0.0%,0.2%
506982,2,SK,96.1%,0.0%,0.0%,0.0%
506991,2,SK,92.0%,0.2%,0.1%,0.0%
507008,2,SK,96.7%,0.4%,0.0%,0.0%
507024,2,SK,95.4%,0.4%,0.0%,0.0%
507032,2,SK,92.2%,0.1%,0.1%,0.0%
507041,2,SK,96.7%,0.0%,0.0%,0.0%
507059,2,SK,96.7%,0.5%,0.0%,0.0%
507067,2,SK,97.2%,0.1%,0.1%,0.1%
507075,2,SK,98.0%,0.3%,0.1%,0.0%
507121,2,SK,96.8%,0.2%,0.0%,0.0%
507130,2,SK,97.7%,0.2%,0.0%,0.0%
507156,2,SK,97.0%,0.1%,0.3%,0.1%
507164,2,SK,98.1%,0.0%,0.3%,0.0%
507172,2,SK,95.7%,0.0%,0.0%,0.0%
507199,2,SK,95.8%,0.0%,0.0%,0.0%
507202,2,SK,96.8%,0.1%,0.1%,0.0%
507211,2,SK,97.6%,0.2%,0.1%,0.0%
507229,2,SK,96.8%,0.0%,0.0%,0.0%
507253,2,SK,95.5%,0.2%,0.1%,0.0%
507288,2,SK,95.0%,0.2%,0.0%,0.0%
507296,2,SK,97.5%,0.5%,0.0%,0.0%
507300,5,SK,97.4%,0.0%,0.0%,0.0%
507318,2,SK,96.9%,0.1%,0.0%,0.0%
507326,2,SK,96.0%,0.9%,0.2%,0.0%
507342,2,SK,96.1%,0.1%,0.0%,0.0%
507351,2,SK,97.2%,0.0%,0.0%,0.0%
507369,2,SK,97.2%,0.2%,0.0%,0.2%
507385,2,SK,97.3%,0.2%,0.0%,0.0%
507393,5,SK,96.9%,0.0%,0.0%,0.0%
507407,5,SK,98.2%,0.0%,0.0%,0.0%
507415,2,SK,96.8%,0.2%,0.0%,0.0%
507431,2,SK,97.0%,0.0%,0.0%,0.0%
507440,2,SK,90.1%,0.3%,0.0%,0.0%
507466,2,SK,95.6%,0.4%,0.7%,0.0%
507482,2,SK,95.3%,0.0%,0.0%,0.0%
507491,2,SK,92.3%,0.3%,0.1%,0.0%
507512,2,SK,94.8%,0.2%,0.0%,0.0%
507521,2,SK,95.2%,0.1%,0.0%,0.0%
507539,2,SK,96.7%,0.0%,0.1%,0.0%
507555,2,SK,94.9%,0.2%,0.0%,0.0%
507563,2,SK,95.2%,0.2%,0.0%,0.0%
507571,2,SK,94.7%,0.1%,0.0%,0.0%
507601,2,SK,97.6%,0.0%,0.0%,0.0%
507636,2,SK,95.0%,0.3%,0.1%,0.0%
507661,2,SK,97.7%,0.1%,0.1%,0.0%
507679,2,SK,95.7%,0.1%,0.0%,0.0%
507687,2,SK,96.6%,0.4%,0.0%,0.1%
507709,2,SK,92.7%,0.2%,0.0%,0.0%
507725,2,SK,94.4%,0.2%,0.1%,0.1%
507741,2,SK,97.8%,0.1%,0.1%,0.0%
507750,2,SK,95.9%,0.1%,0.0%,0.0%
507768,2,SK,81.4%,0.2%,0.0%,0.2%
507776,2,SK,98.4%,0.0%,0.0%,0.0%
507792,2,SK,94.4%,0.0%,0.3%,0.0%
507806,1,SK,96.3%,0.5%,0.1%,0.1%
507814,1,SK,89.1%,0.9%,0.0%,0.3%
507822,1,SK,92.0%,0.5%,0.0%,0.0%
507831,1,SK,90.0%,0.7%,0.0%,0.1%
507849,1,SK,95.8%,0.3%,0.0%,0.0%
507857,1,SK,97.8%,0.1%,0.0%,0.0%
507865,1,SK,92.4%,0.8%,0.0%,0.2%
507873,1,SK,98.1%,0.1%,0.0%,0.0%
507881,1,SK,95.1%,0.3%,0.0%,0.0%
507890,1,SK,86.0%,0.2%,0.6%,0.0%
507903,1,SK,74.4%,20.7%,0.1%,0.1%
507911,1,SK,90.7%,0.8%,0.0%,0.2%
507938,1,SK,89.1%,1.0%,0.0%,0.1%
507946,1,SK,95.0%,0.2%,0.0%,0.0%
507954,1,SK,94.9%,0.2%,1.1%,0.2%
507962,1,SK,93.6%,0.3%,0.1%,0.0%
507989,1,SK,93.8%,0.7%,0.0%,0.1%
507997,1,SK,78.3%,17.9%,0.0%,0.0%
508012,1,SK,94.9%,0.3%,0.1%,0.0%
508021,1,SK,92.6%,0.5%,1.0%,0.0%
508039,1,SK,95.6%,0.3%,0.0%,0.1%
508047,1,SK,92.5%,0.7%,0.0%,0.0%
508055,1,SK,92.7%,0.3%,0.3%,0.0%
508063,1,SK,89.4%,0.5%,0.1%,0.0%
508071,1,SK,76.3%,14.9%,0.0%,0.2%
508080,1,SK,90.5%,0.4%,0.0%,0.2%
508098,1,SK,90.8%,2.5%,0.1%,0.2%
508101,1,SK,91.6%,0.7%,0.1%,0.1%
508110,1,SK,87.2%,2.1%,0.1%,0.3%
508136,1,SK,83.7%,10.9%,0.0%,0.1%
508161,1,SK,91.8%,0.7%,0.0%,0.0%
508179,1,SK,90.7%,0.4%,0.0%,0.1%
508187,1,SK,98.0%,0.0%,0.0%,0.3%
508195,1,SK,90.2%,0.4%,0.4%,0.0%
508209,1,SK,89.3%,2.7%,0.0%,0.1%
508217,1,SK,78.0%,11.4%,0.1%,0.1%
508225,1,SK,90.5%,0.5%,0.0%,0.1%
508233,1,SK,90.2%,0.6%,0.0%,0.2%
508241,1,SK,93.6%,0.6%,0.0%,0.0%
508250,1,SK,95.0%,0.5%,0.0%,0.1%
508268,1,SK,92.5%,1.3%,0.5%,0.5%
508276,1,SK,60.3%,33.9%,0.0%,0.0%
508284,1,SK,49.9%,47.0%,0.0%,0.2%
508292,1,SK,73.8%,18.0%,0.0%,0.1%
508306,1,SK,93.3%,0.2%,0.0%,0.1%
508314,1,SK,93.0%,0.4%,0.0%,0.0%
508322,1,SK,95.4%,0.4%,0.0%,0.2%
508331,1,HU,37.1%,60.5%,0.0%,0.0%
508349,1,SK,89.9%,0.2%,0.2%,0.0%
508365,1,SK,91.6%,0.2%,1.2%,0.2%
508381,1,SK,91.7%,0.2%,0.3%,0.0%
508438,6,SK,92.1%,0.4%,0.2%,0.0%
508446,6,SK,97.5%,0.2%,0.0%,0.0%
508454,6,SK,96.4%,0.2%,0.1%,0.0%
508462,6,SK,97.0%,0.0%,0.1%,0.1%
508471,6,SK,97.7%,0.5%,0.0%,0.0%
508489,6,SK,96.6%,0.1%,0.1%,0.0%
508497,6,SK,92.5%,0.2%,0.4%,0.0%
508519,6,SK,94.9%,0.0%,1.6%,0.0%
508527,6,SK,96.4%,0.0%,0.9%,0.0%
508535,6,SK,96.8%,0.0%,0.0%,0.0%
508543,6,SK,95.7%,0.2%,0.0%,0.0%
508551,6,SK,97.3%,0.0%,0.8%,0.0%
508560,6,SK,90.4%,0.4%,0.0%,0.0%
508578,6,SK,99.4%,0.0%,0.0%,0.0%
508586,6,SK,90.4%,0.0%,0.5%,0.0%
508594,6,SK,87.6%,0.4%,0.4%,0.0%
508608,6,SK,94.8%,0.0%,0.8%,0.0%
508616,6,SK,98.4%,0.0%,0.0%,0.0%
508624,6,SK,94.5%,0.5%,0.3%,0.0%
508632,6,SK,96.3%,0.0%,0.2%,0.2%
508641,6,SK,97.5%,0.0%,0.0%,0.0%
508659,6,SK,90.4%,0.3%,0.5%,0.0%
508667,6,SK,93.9%,0.1%,1.2%,0.1%
508675,6,SK,95.8%,0.1%,0.0%,0.0%
508691,6,SK,94.9%,0.0%,0.0%,0.0%
508705,6,SK,98.2%,0.2%,0.1%,0.0%
508713,6,SK,98.1%,0.4%,0.0%,0.0%
508721,6,SK,97.1%,0.0%,0.0%,0.0%
508730,6,SK,99.6%,0.0%,0.0%,0.0%
508748,6,SK,97.6%,0.0%,0.0%,0.0%
508756,6,SK,98.4%,0.1%,0.0%,0.0%
508764,6,SK,97.4%,0.1%,0.0%,0.0%
508772,6,SK,95.5%,0.1%,0.0%,0.0%
508781,6,SK,91.7%,0.0%,3.9%,0.0%
508799,6,SK,94.8%,1.3%,0.0%,0.0%
508802,6,SK,97.1%,0.0%,0.0%,0.0%
508811,6,SK,93.9%,1.0%,0.0%,0.8%
508829,6,SK,94.2%,0.1%,0.6%,0.0%
508837,6,SK,97.2%,0.0%,0.0%,0.0%
508845,6,SK,97.5%,0.6%,0.0%,0.6%
508853,6,SK,90.6%,0.3%,0.5%,0.0%
508861,6,SK,97.4%,0.0%,0.0%,0.1%
508870,6,SK,96.7%,0.0%,0.1%,0.0%
508888,6,SK,92.2%,0.0%,0.7%,0.1%
508896,6,SK,96.6%,0.0%,0.0%,0.0%
508900,6,SK,92.7%,0.2%,2.6%,0.1%
508918,6,SK,98.0%,0.1%,0.1%,0.1%
508926,6,SK,90.9%,0.0%,0.0%,0.0%
508934,6,SK,93.2%,0.1%,0.1%,0.0%
508942,6,SK,99.3%,0.0%,0.0%,0.0%
508951,6,SK,97.5%,0.0%,0.0%,0.0%
508969,6,SK,98.7%,0.0%,0.0%,0.0%
508977,6,SK,97.5%,0.0%,0.0%,0.0%
508985,6,SK,98.1%,0.2%,0.0%,0.0%
508993,6,SK,100.0%,0.0%,0.0%,0.0%
509001,6,SK,95.1%,0.2%,0.6%,0.0%
509019,6,SK,94.6%,0.4%,0.2%,0.0%
509027,6,SK,98.8%,0.3%,0.0%,0.0%
509035,6,SK,91.0%,0.4%,0.0%,0.0%
509043,6,SK,91.2%,0.2%,1.8%,0.4%
509051,6,SK,79.7%,0.0%,10.6%,0.1%
509060,6,SK,96.3%,0.1%,0.0%,0.0%
509086,6,SK,88.3%,0.1%,1.2%,0.0%
509094,6,SK,93.5%,0.0%,0.7%,0.0%
509124,6,SK,90.1%,0.2%,1.3%,0.0%
509132,5,SK,91.6%,0.1%,0.0%,0.0%
509159,5,SK,97.6%,0.0%,0.0%,0.0%
509167,5,SK,93.1%,0.2%,0.0%,0.0%
509175,5,SK,98.1%,0.0%,0.0%,0.2%
509183,5,SK,96.7%,0.1%,0.0%,0.1%
509205,5,SK,96.8%,0.1%,0.1%,0.0%
509213,5,SK,95.0%,0.0%,0.0%,0.0%
509221,5,SK,97.4%,0.0%,0.0%,0.0%
509230,5,SK,97.0%,0.0%,0.0%,0.0%
509248,5,SK,97.3%,0.1%,0.0%,0.0%
509256,5,SK,93.9%,0.1%,0.0%,0.0%
509264,5,SK,94.4%,0.0%,0.0%,0.0%
509272,5,SK,97.5%,0.0%,0.0%,0.1%
509281,5,SK,98.0%,0.7%,0.0%,0.0%
509299,5,SK,96.7%,0.1%,0.0%,0.0%
509302,5,SK,92.1%,0.0%,0.1%,0.0%
509311,5,SK,97.2%,0.0%,0.0%,0.0%
509329,5,SK,97.0%,0.1%,0.0%,0.0%
509337,5,SK,96.3%,0.0%,0.1%,0.0%
509345,5,SK,96.2%,0.0%,0.0%,0.0%
509361,5,SK,97.1%,0.0%,0.1%,0.0%
509370,5,SK,96.6%,0.0%,0.0%,0.0%
509396,5,SK,98.6%,0.0%,0.0%,0.0%
509400,5,SK,98.4%,0.0%,0.0%,0.0%
509426,5,SK,96.4%,0.0%,0.0%,0.0%
509434,5,SK,96.5%,0.0%,0.0%,0.0%
509442,5,SK,95.7%,0.0%,0.0%,0.0%
509451,5,SK,98.5%,0.1%,0.0%,0.0%
509469,5,SK,97.3%,0.0%,0.0%,0.0%
509477,5,SK,97.9%,0.0%,0.0%,0.0%
509485,5,SK,95.9%,0.0%,0.0%,0.0%
509493,5,SK,98.0%,0.0%,0.1%,0.0%
509507,5,SK,92.5%,0.1%,0.7%,0.0%
509515,5,SK,95.3%,0.1%,0.3%,0.0%
509523,5,SK,96.7%,0.1%,0.0%,0.0%
509531,5,SK,98.8%,0.0%,0.0%,0.0%
509540,5,SK,94.6%,0.1%,0.2%,0.0%
509558,5,SK,98.9%,0.1%,0.0%,0.0%
509566,5,SK,99.5%,0.1%,0.0%,0.0%
509582,5,SK,96.8%,0.0%,0.0%,0.0%
509591,5,SK,98.0%,0.1%,0.0%,0.0%
509604,5,SK,99.3%,0.1%,0.0%,0.0%
509639,5,SK,98.5%,0.1%,0.0%,0.0%
509655,5,SK,98.8%,0.0%,0.0%,0.0%
509663,5,SK,98.6%,0.0%,0.0%,0.0%
509671,5,SK,98.6%,0.2%,0.0%,0.0%
509680,5,SK,99.2%,0.1%,0.0%,0.0%
509698,5,SK,99.8%,0.0%,0.0%,0.0%
509701,5,SK,95.0%,0.2%,0.1%,0.0%
509710,5,SK,98.6%,0.0%,0.0%,0.0%
509728,5,SK,98.6%,0.0%,0.0%,0.0%
509744,5,SK,98.8%,0.0%,0.0%,0.0%
509761,5,SK,99.0%,0.0%,0.0%,0.0%
509779,5,SK,99.9%,0.0%,0.0%,0.0%
509787,5,SK,97.3%,0.0%,0.0%,0.0%
509795,5,SK,99.0%,0.0%,0.0%,0.0%
509809,5,SK,97.9%,0.0%,0.0%,0.0%
509817,5,SK,98.1%,0.0%,0.0%,0.0%
509825,5,SK,96.6%,0.0%,0.0%,0.0%
509833,5,SK,98.8%,0.2%,0.0%,0.0%
509850,5,SK,99.0%,0.0%,0.0%,0.0%
509868,5,SK,94.0%,0.0%,0.0%,0.0%
509876,5,SK,94.1%,0.1%,0.0%,0.0%
509884,5,SK,98.9%,0.0%,0.0%,0.0%
509892,5,SK,98.9%,0.1%,0.0%,0.1%
509906,5,SK,98.6%,0.1%,0.0%,0.0%
509914,5,SK,98.5%,0.0%,0.0%,0.0%
509922,5,SK,98.3%,0.0%,0.0%,0.0%
509931,5,SK,99.3%,0.1%,0.0%,0.0%
509949,5,SK,97.8%,0.0%,0.0%,0.0%
509957,5,SK,97.5%,0.0%,0.1%,0.0%
509965,5,SK,95.9%,0.0%,0.0%,0.0%
509973,5,SK,99.0%,0.0%,0.0%,0.0%
509981,5,SK,96.6%,0.0%,0.0%,0.0%
509990,5,SK,96.0%,0.0%,0.0%,0.0%
510009,5,SK,98.7%,0.2%,0.0%,0.0%
510017,5,SK,98.6%,0.1%,0.0%,0.0%
510025,5,SK,97.7%,0.0%,0.0%,0.0%
510033,5,SK,97.8%,0.0%,0.0%,0.0%
510041,5,SK,96.7%,0.0%,0.0%,0.0%
510050,5,SK,96.7%,0.0%,0.0%,0.0%
510076,5,SK,95.8%,0.0%,0.1%,0.0%
510084,5,SK,98.9%,0.0%,0.0%,0.0%
510092,5,SK,98.8%,0.1%,0.0%,0.0%
510106,5,SK,96.1%,0.1%,0.0%,0.0%
510114,5,SK,96.0%,0.0%,0.0%,0.0%
510149,5,SK,98.3%,0.1%,0.0%,0.0%
510157,5,SK,97.7%,0.1%,0.0%,0.0%
510165,5,SK,97.4%,0.0%,0.0%,0.0%
510173,5,SK,99.1%,0.0%,0.0%,0.0%
510181,5,SK,96.2%,0.0%,0.0%,0.1%
510190,5,SK,99.1%,0.0%,0.0%,0.0%
510203,5,SK,98.6%,0.0%,0.0%,0.0%
510211,5,SK,96.0%,0.0%,0.0%,0.0%
510238,5,SK,97.3%,0.1%,0.0%,0.0%
510246,5,SK,98.2%,0.0%,0.0%,0.0%
510254,5,SK,98.6%,0.0%,0.0%,0.0%
510262,5,SK,90.6%,0.3%,0.5%,0.1%
510271,5,SK,97.4%,0.0%,0.0%,0.2%
510301,5,SK,91.8%,0.5%,0.0%,0.0%
510319,5,SK,97.6%,0.0%,0.0%,0.0%
510327,5,SK,97.2%,0.1%,0.1%,0.1%
510335,5,SK,95.5%,0.0%,0.0%,0.0%
510351,5,SK,96.4%,0.0%,0.0%,0.0%
510386,5,SK,89.9%,0.0%,0.0%,0.0%
510408,5,SK,97.5%,0.2%,0.0%,0.0%
510416,5,SK,99.4%,0.0%,0.0%,0.0%
510424,5,SK,95.3%,0.2%,0.2%,0.0%
510441,5,SK,98.1%,0.2%,0.0%,0.0%
510459,5,SK,96.1%,0.0%,0.0%,0.0%
510467,5,SK,95.3%,0.1%,0.6%,0.0%
510505,5,SK,96.2%,0.0%,0.0%,0.0%
510513,5,SK,97.4%,0.0%,0.0%,0.0%
510521,5,SK,93.7%,0.0%,1.0%,0.0%
510530,5,SK,98.0%,0.4%,0.0%,0.0%
510548,5,SK,98.9%,0.1%,0.0%,0.0%
510564,5,SK,93.6%,0.0%,3.5%,0.0%
510572,5,SK,98.7%,0.2%,0.0%,0.0%
510581,5,SK,98.4%,0.0%,0.0%,0.0%
510599,5,SK,95.7%,0.0%,0.0%,0.0%
510602,5,SK,95.8%,0.0%,0.0%,0.0%
510611,5,SK,97.5%,0.2%,0.0%,0.1%
510629,5,SK,97.6%,0.0%,0.0%,0.0%
510637,5,SK,94.9%,0.0%,0.0%,0.0%
510653,5,SK,96.9%,0.0%,0.0%,0.2%
510661,5,SK,97.8%,0.1%,0.2%,0.1%
510670,5,SK,97.8%,0.1%,0.0%,0.0%
510688,5,SK,96.3%,0.0%,0.0%,0.0%
510696,5,SK,97.1%,0.0%,0.0%,0.0%
510700,5,SK,99.0%,0.0%,0.0%,0.0%
510718,5,SK,98.5%,0.3%,0.1%,0.0%
510726,5,SK,93.3%,0.1%,0.2%,0.0%
510734,5,SK,95.5%,0.1%,0.0%,0.0%
510742,5,SK,96.3%,0.0%,0.0%,0.3%
510751,5,SK,98.9%,0.2%,0.0%,0.0%
510777,5,SK,92.8%,0.0%,0.0%,0.0%
510785,5,SK,98.2%,0.0%,0.0%,0.0%
510793,5,SK,97.5%,0.2%,0.1%,0.0%
510807,5,SK,97.8%,0.3%,0.0%,0.0%
510815,5,SK,97.8%,0.1%,0.0%,0.0%
510823,5,SK,99.3%,0.0%,0.0%,0.0%
510831,5,SK,91.8%,0.0%,0.0%,0.0%
510840,5,SK,98.4%,0.0%,0.0%,0.0%
510858,5,SK,95.5%,0.0%,0.0%,0.0%
510866,5,SK,97.1%,0.0%,0.0%,0.0%
510874,5,SK,98.2%,0.0%,0.0%,0.0%
510904,5,SK,96.6%,0.0%,0.0%,0.1%
510912,5,SK,94.4%,0.0%,0.0%,0.0%
510921,5,SK,94.0%,0.4%,0.0%,0.0%
510947,5,SK,95.9%,0.1%,0.0%,0.0%
510955,5,SK,94.9%,0.0%,0.0%,0.0%
510963,5,SK,94.4%,0.2%,0.3%,0.3%
510971,5,SK,95.6%,0.0%,0.0%,0.0%
510998,5,SK,92.2%,0.2%,0.3%,0.0%
511005,5,SK,98.7%,0.0%,0.1%,0.1%
511013,5,SK,96.7%,0.0%,0.1%,0.0%
511030,5,SK,97.0%,0.0%,0.0%,0.0%
511048,5,SK,96.3%,0.1%,0.0%,0.0%
511056,5,SK,97.5%,0.5%,0.0%,0.0%
511064,5,SK,98.8%,0.0%,0.0%,0.0%
511072,5,SK,98.2%,0.0%,0.0%,0.0%
511099,5,SK,96.1%,0.0%,0.9%,0.0%
511102,5,SK,97.4%,0.0%,0.0%,0.0%
511111,5,SK,96.7%,0.0%,0.9%,0.1%
511129,5,SK,89.7%,0.0%,0.8%,0.0%
511137,5,SK,97.5%,0.0%,0.0%,0.0%
511145,5,SK,98.4%,0.0%,0.0%,0.3%
511153,5,SK,95.8%,0.2%,0.0%,0.0%
511170,5,SK,96.8%,0.2%,1.3%,0.0%
511188,5,SK,97.2%,0.0%,0.0%,0.0%
511196,5,SK,96.2%,0.1%,0.0%,0.1%
511200,5,SK,97.3%,0.2%,0.0%,0.0%
511218,6,SK,79.7%,8.4%,0.2%,0.0%
511226,6,SK,88.1%,0.9%,1.4%,0.5%
511234,6,HU,12.8%,83.0%,0.2%,0.0%
511251,6,SK,81.3%,16.0%,0.5%,0.0%
511269,6,SK,97.5%,0.8%,0.0%,0.0%
511277,6,SK,97.1%,0.0%,0.0%,0.0%
511293,6,SK,86.4%,9.6%,0.0%,0.0%
511315,6,SK,92.9%,0.5%,0.3%,0.0%
511323,6,HU,13.1%,73.4%,11.9%,0.0%
511331,6,HU,19.6%,65.2%,10.0%,0.0%
511340,6,SK,98.0%,0.2%,0.0%,0.0%
511358,6,SK,98.7%,0.1%,0.0%,0.0%
511366,6,SK,96.8%,0.5%,0.0%,0.0%
511374,6,SK,97.5%,0.4%,0.0%,0.0%
511391,6,HU,29.8%,62.9%,1.4%,0.0%
511404,6,SK,50.1%,48.1%,0.1%,0.0%
511421,6,SK,95.2%,0.7%,0.3%,0.1%
511439,6,SK,56.6%,40.9%,0.6%,0.0%
511447,6,SK,95.0%,0.0%,1.3%,0.0%
511463,6,SK,72.2%,7.9%,0.0%,0.0%
511471,6,SK,95.8%,0.9%,0.1%,0.0%
511480,6,HU,44.4%,53.0%,0.0%,0.0%
511498,6,SK,95.3%,0.2%,2.4%,0.0%
511501,6,SK,85.2%,3.7%,0.0%,0.0%
511510,6,SK,98.0%,0.2%,0.0%,0.0%
511528,6,SK,94.9%,1.1%,0.0%,0.0%
511536,6,SK,97.6%,0.0%,0.0%,0.0%
511544,6,SK,95.5%,0.8%,0.0%,0.0%
511552,6,SK,95.0%,0.3%,1.0%,0.0%
511561,6,SK,92.0%,1.4%,2.6%,0.0%
511579,6,SK,95.6%,0.5%,0.0%,0.5%
511595,6,SK,96.2%,0.1%,0.8%,0.0%
511609,6,SK,99.1%,0.0%,0.3%,0.0%
511617,6,SK,99.0%,0.0%,0.0%,0.0%
511625,6,SK,59.6%,11.4%,24.2%,0.0%
511641,6,SK,96.1%,0.1%,0.1%,0.0%
511668,6,SK,40.7%,21.0%,36.2%,0.0%
511676,6,SK,84.9%,12.3%,0.0%,0.0%
511684,6,SK,98.3%,0.7%,0.0%,0.0%
511692,6,SK,67.3%,27.2%,0.3%,0.0%
511706,6,SK,98.0%,0.4%,0.0%,0.0%
511714,6,SK,61.5%,35.6%,0.0%,0.0%
511722,6,SK,68.1%,27.7%,0.0%,0.0%
511731,6,SK,97.5%,0.7%,0.0%,0.0%
511749,6,SK,93.5%,1.7%,0.0%,0.0%
511757,6,SK,58.6%,0.0%,0.8%,0.0%
511765,6,SK,92.1%,0.4%,0.2%,0.1%
511773,6,SK,93.3%,4.0%,0.0%,0.0%
511781,6,HU,19.5%,78.4%,0.0%,0.0%
511790,6,HU,30.2%,66.9%,1.2%,0.0%
511803,6,SK,62.8%,30.2%,0.5%,0.0%
511811,6,SK,86.9%,5.5%,0.0%,0.0%
511820,6,SK,94.7%,0.0%,0.4%,0.0%
511838,6,SK,97.0%,0.5%,0.0%,0.0%
511846,6,SK,90.6%,0.8%,0.0%,0.0%
511854,6,HU,21.6%,55.3%,17.2%,0.0%
511862,6,SK,89.3%,8.0%,0.0%,0.0%
511871,6,HU,14.4%,49.7%,23.7%,0.0%
511889,6,SK,91.9%,0.0%,0.0%,0.0%
511897,6,HU,21.7%,77.5%,0.2%,0.0%
511901,6,SK,95.6%,0.3%,1.8%,0.0%
511919,6,SK,95.9%,1.5%,0.1%,0.0%
511927,6,SK,81.0%,14.8%,0.1%,0.0%
511943,6,SK,97.3%,0.0%,0.0%,0.0%
511978,6,SK,96.1%,0.8%,0.0%,0.0%
511994,6,SK,61.6%,29.9%,0.2%,0.0%
512001,6,SK,96.0%,0.2%,0.0%,0.0%
512010,6,HU,29.8%,48.7%,14.9%,0.0%
512036,5,SK,92.4%,0.2%,0.1%,0.1%
512044,5,SK,83.1%,0.0%,0.0%,0.0%
512052,5,SK,97.3%,0.0%,0.0%,0.1%
512061,5,SK,98.9%,0.0%,0.0%,0.0%
512079,5,SK,97.0%,0.3%,0.0%,0.2%
512087,5,SK,97.5%,0.0%,0.0%,0.0%
512095,5,SK,96.7%,0.0%,0.0%,0.0%
512109,5,SK,100.0%,0.0%,0.0%,0.0%
512117,5,SK,95.6%,0.0%,0.0%,0.7%
512125,5,SK,97.4%,0.0%,0.0%,0.0%
512133,5,SK,96.7%,0.1%,0.0%,0.1%
512141,5,SK,96.2%,1.3%,0.0%,0.0%
512150,5,SK,97.7%,0.5%,0.2%,0.0%
512168,5,SK,96.7%,0.0%,0.0%,0.0%
512206,5,SK,98.0%,0.0%,0.0%,0.0%
512214,5,SK,95.0%,0.1%,0.1%,0.0%
512222,5,SK,97.1%,0.1%,0.0%,0.0%
512257,5,SK,97.3%,0.0%,0.0%,0.0%
512265,5,SK,98.3%,0.0%,0.0%,0.0%
512273,5,SK,93.1%,0.1%,0.3%,0.0%
512290,5,SK,99.5%,0.0%,0.0%,0.0%
512303,5,SK,94.4%,1.1%,0.0%,0.0%
512311,5,SK,95.9%,0.0%,0.0%,0.0%
512320,5,SK,93.5%,0.0%,0.0%,0.0%
512338,5,SK,98.8%,0.0%,0.0%,0.0%
512346,5,SK,100.0%,0.0%,0.0%,0.0%
512354,5,SK,95.8%,0.2%,0.2%,0.0%
512371,5,SK,94.8%,0.1%,0.1%,0.1%
512389,5,SK,98.3%,0.0%,0.0%,0.0%
512397,5,SK,96.7%,0.0%,0.0%,0.0%
512419,5,SK,99.4%,0.0%,0.0%,0.0%
512427,5,SK,100.0%,0.0%,0.0%,0.0%
512435,5,SK,95.2%,0.0%,0.0%,0.0%
512443,5,SK,98.9%,0.2%,0.0%,0.0%
512451,5,SK,98.6%,0.0%,0.0%,0.0%
512460,5,SK,97.3%,0.1%,0.0%,0.1%
512478,5,SK,96.0%,0.0%,0.0%,0.0%
512486,5,SK,96.1%,0.4%,0.0%,0.0%
512494,5,SK,89.1%,0.0%,0.0%,0.0%
512508,5,SK,98.2%,0.1%,0.0%,0.0%
512524,5,SK,94.7%,0.1%,0.0%,0.0%
512541,5,SK,96.9%,0.0%,0.0%,0.0%
512559,5,SK,99.5%,0.0%,0.0%,0.0%
512567,5,SK,99.0%,0.5%,0.0%,0.0%
512575,5,SK,98.0%,0.0%,0.0%,0.0%
512583,5,SK,93.8%,0.0%,0.0%,0.2%
512591,5,SK,98.3%,0.0%,0.0%,0.0%
512605,5,SK,95.2%,0.0%,0.0%,0.0%
512613,5,SK,97.3%,0.0%,0.0%,0.0%
512621,5,SK,99.2%,0.0%,0.0%,0.0%
512630,5,SK,95.4%,0.0%,0.4%,0.0%
512648,5,SK,94.8%,0.1%,0.2%,0.0%
512656,5,SK,99.2%,0.0%,0.0%,0.0%
512664,5,SK,98.7%,0.0%,0.0%,0.2%
512672,5,SK,95.0%,0.0%,0.0%,0.0%
512681,5,SK,93.6%,0.1%,0.0%,0.0%
512699,5,SK,90.8%,0.0%,0.2%,0.0%
512702,5,SK,97.7%,0.0%,0.0%,0.0%
512711,5,SK,97.0%,0.0%,0.0%,0.0%
512729,5,SK,92.9%,0.1%,0.0%,0.0%
512737,5,SK,94.7%,0.0%,0.0%,0.0%
512753,5,SK,90.7%,0.0%,0.0%,0.4%
512761,5,SK,95.9%,0.1%,0.0%,0.1%
512788,5,SK,98.0%,0.0%,0.0%,0.0%
512796,5,SK,95.2%,0.7%,0.0%,0.0%
512818,5,SK,98.8%,0.0%,0.0%,0.0%
512834,5,SK,94.5%,0.0%,0.1%,0.0%
512842,3,SK,93.6%,0.1%,0.0%,0.0%
512851,3,SK,96.4%,0.0%,0.0%,0.0%
512885,3,SK,97.5%,0.1%,0.0%,0.1%
512915,3,SK,95.3%,0.0%,0.0%,0.0%
512931,3,SK,95.5%,0.0%,0.0%,0.0%
512940,3,SK,98.1%,0.0%,0.1%,0.1%
512958,3,SK,99.4%,0.0%,0.0%,0.0%
512966,3,SK,97.6%,0.0%,0.1%,0.0%
513008,3,SK,96.4%,0.0%,0.0%,0.0%
513016,3,SK,92.5%,0.1%,0.0%,0.0%
513024,3,SK,96.9%,0.0%,0.0%,0.0%
513083,3,SK,95.3%,0.0%,0.0%,0.0%
513091,3,SK,99.2%,0.0%,0.0%,0.0%
513121,3,SK,97.3%,0.0%,0.0%,0.0%
513156,3,SK,93.8%,0.1%,0.0%,0.0%
513172,3,SK,95.4%,0.0%,0.0%,0.0%
513245,3,SK,98.8%,0.0%,0.0%,0.0%
513253,3,SK,97.4%,0.1%,0.2%,0.0%
513296,3,SK,93.8%,0.0%,0.4%,0.0%
513300,3,SK,94.7%,0.0%,0.0%,0.0%
513318,3,SK,98.5%,0.0%,0.0%,0.0%
513326,3,SK,96.4%,0.0%,0.2%,0.0%
513334,3,SK,97.2%,0.0%,0.0%,0.0%
513342,3,SK,96.9%,0.1%,0.0%,0.0%
513351,3,SK,96.2%,0.1%,0.0%,0.0%
513377,3,SK,97.7%,0.4%,0.0%,0.0%
513385,3,SK,95.6%,0.1%,0.1%,0.0%
513407,3,SK,98.4%,0.0%,0.0%,0.0%
513440,3,SK,92.8%,0.2%,0.0%,0.0%
513466,3,SK,96.3%,0.1%,0.1%,0.0%
513474,3,SK,96.9%,0.1%,0.0%,0.0%
513563,3,SK,95.4%,0.2%,0.0%,0.0%
513598,3,SK,94.3%,0.0%,0.0%,0.0%
513601,3,SK,97.2%,0.1%,0.0%,0.0%
513610,3,SK,93.1%,0.1%,0.1%,0.0%
513687,3,SK,96.5%,0.0%,0.1%,0.0%
513725,3,SK,98.6%,0.0%,0.0%,0.0%
513741,3,SK,94.1%,0.1%,0.0%,0.0%
513776,3,SK,96.2%,0.0%,0.0%,0.0%
513784,3,SK,94.0%,0.0%,0.0%,0.0%
513792,8,SK,90.2%,5.0%,0.8%,0.0%
513806,8,SK,93.9%,1.1%,0.0%,0.0%
513814,3,SK,97.6%,0.0%,0.0%,0.0%
513822,3,SK,96.9%,0.5%,0.0%,0.0%
513831,8,SK,49.7%,41.0%,0.0%,0.0%
513849,8,SK,95.7%,0.0%,0.0%,0.0%
513857,8,HU,6.2%,85.4%,1.8%,0.0%
513865,3,SK,96.9%,0.0%,0.0%,0.0%
513881,3,SK,89.9%,0.3%,0.1%,0.0%
513903,3,SK,91.7%,0.3%,0.0%,0.0%
513911,3,SK,98.9%,0.1%,0.1%,0.0%
513920,3,SK,96.4%,0.0%,0.1%,0.0%
513938,3,SK,98.6%,0.0%,0.0%,0.0%
513946,3,SK,95.8%,0.2%,0.0%,0.0%
513954,3,SK,98.7%,0.2%,0.0%,0.0%
513962,3,SK,97.8%,0.1%,0.0%,0.0%
513971,3,SK,91.5%,0.0%,0.0%,0.0%
513989,3,SK,96.6%,0.0%,0.0%,0.0%
513997,3,SK,89.8%,0.3%,0.2%,0.0%
514004,3,SK,97.9%,0.0%,0.0%,0.0%
514012,3,SK,94.9%,0.3%,0.2%,0.0%
514021,3,SK,96.6%,0.1%,0.0%,0.0%
514039,3,SK,95.5%,1.2%,0.8%,0.0%
514063,3,SK,98.5%,0.1%,0.0%,0.0%
514071,3,SK,96.8%,0.1%,0.0%,0.0%
514080,3,SK,93.8%,0.1%,0.0%,0.0%
514098,3,SK,96.7%,0.2%,0.2%,0.2%
514101,3,SK,96.9%,0.0%,0.0%,0.0%
514110,3,SK,90.4%,0.1%,0.0%,0.0%
514128,3,SK,95.1%,0.1%,0.0%,0.0%
514136,3,SK,94.9%,0.1%,0.0%,0.0%
514144,3,SK,97.8%,0.1%,0.0%,0.0%
514179,3,SK,96.3%,0.0%,0.0%,0.0%
514187,3,SK,96.6%,0.1%,0.0%,0.0%
514209,3,SK,96.3%,0.1%,0.2%,0.0%
514217,3,SK,98.7%,0.0%,0.0%,0.0%
514225,3,SK,92.7%,0.1%,0.2%,0.0%
514233,3,SK,98.4%,0.1%,0.0%,0.0%
514241,3,SK,98.8%,0.1%,0.0%,0.0%
514250,3,SK,97.9%,0.3%,0.0%,0.0%
514268,3,SK,93.4%,0.2%,0.0%,0.0%
514284,3,SK,98.4%,0.1%,0.0%,0.0%
514292,3,SK,98.3%,0.1%,0.1%,0.0%
514306,3,SK,97.6%,0.0%,0.0%,0.0%
514314,3,SK,95.3%,0.2%,0.0%,0.0%
514322,3,SK,97.4%,0.2%,0.1%,0.0%
514331,3,SK,93.3%,0.8%,0.2%,0.0%
514349,3,SK,98.4%,0.0%,0.0%,0.0%
514357,3,SK,95.1%,0.2%,0.2%,0.0%
514365,3,SK,96.5%,0.3%,0.0%,0.0%
514373,3,SK,96.5%,0.1%,0.0%,0.1%
514381,3,SK,100.0%,0.0%,0.0%,0.0%
514390,3,SK,98.9%,0.0%,0.0%,0.0%
514403,3,SK,97.6%,0.0%,0.0%,0.0%
514411,3,SK,96.1%,0.2%,0.0%,0.0%
514420,3,SK,95.2%,0.1%,0.0%,0.0%
514438,3,SK,96.9%,0.0%,0.2%,0.0%
514454,3,SK,96.2%,0.3%,0.1%,0.0%
514462,6,SK,59.1%,31.0%,0.8%,0.0%
514489,6,SK,98.3%,0.0%,0.0%,0.0%
514501,6,HU,7.0%,56.4%,34.6%,0.0%
514519,6,HU,16.5%,76.8%,4.4%,0.0%
514535,6,SK,77.1%,19.0%,1.1%,0.0%
514543,6,HU,17.7%,75.1%,5.8%,0.0%
514551,6,SK,88.8%,3.6%,0.0%,0.0%
514578,8,HU,18.4%,69.9%,8.8%,0.0%
514586,6,SK,95.2%,3.2%,0.0%,0.0%
514594,6,HU,7.6%,67.2%,19.0%,0.0%
514608,6,SK,92.9%,4.2%,0.0%,0.0%
514616,6,SK,95.0%,3.5%,0.0%,0.0%
514624,6,HU,23.9%,71.1%,3.4%,0.0%
514632,6,HU,14.9%,80.9%,0.0%,0.0%
514641,6,HU,45.7%,46.1%,4.3%,0.0%
514659,6,SK,94.5%,3.6%,1.8%,0.0%
514667,6,HU,13.5%,80.5%,1.4%,0.0%
514675,6,HU,24.9%,67.2%,2.9%,0.0%
514683,6,HU,14.7%,81.3%,0.0%,0.0%
514691,6,HU,13.8%,70.8%,8.9%,0.0%
514713,6,SK,44.6%,36.7%,15.8%,0.0%
514721,6,HU,19.6%,77.2%,2.4%,0.0%
514730,6,HU,21.9%,77.1%,0.0%,0.0%
514748,8,SK,56.3%,39.8%,0.0%,0.0%
514756,6,HU,36.2%,53.7%,6.5%,0.0%
514764,6,HU,8.0%,88.3%,1.2%,0.0%
514781,6,HU,11.8%,86.2%,0.0%,0.0%
514799,6,HU,24.5%,70.5%,3.1%,0.0%
514811,6,HU,18.3%,76.6%,1.4%,0.0%
514829,6,SK,89.9%,0.7%,0.5%,0.0%
514837,6,HU,29.5%,59.8%,6.9%,0.0%
514845,6,SK,48.8%,47.7%,0.0%,0.0%
514853,6,SK,97.3%,1.8%,0.9%,0.0%
514861,6,HU,10.7%,75.9%,10.7%,0.0%
514870,6,SK,93.0%,1.7%,2.2%,0.0%
514888,6,SK,96.0%,1.3%,0.0%,0.0%
514896,6,SK,94.6%,0.0%,0.0%,0.0%
514900,6,SK,90.9%,0.4%,0.6%,0.0%
514918,6,SK,95.8%,1.3%,0.0%,0.0%
514926,6,SK,95.3%,2.3%,0.0%,0.0%
514934,6,HU,18.0%,78.9%,2.3%,0.0%
514942,6,HU,17.7%,77.6%,1.5%,0.0%
514951,6,HU,8.6%,87.4%,3.1%,0.0%
514969,6,HU,15.9%,43.7%,37.1%,0.0%
514977,6,HU,44.3%,49.0%,5.2%,0.5%
514985,6,HU,10.5%,71.8%,15.2%,0.0%
514993,6,HU,3.7%,80.4%,11.1%,0.0%
515001,6,HU,29.3%,53.5%,14.7%,0.0%
515019,6,HU,4.1%,95.2%,0.7%,0.0%
515027,6,HU,13.4%,71.9%,8.6%,0.0%
515035,6,XR,8.1%,14.0%,75.6%,0.0%
515043,6,SK,94.5%,0.0%,2.9%,0.0%
515051,6,SK,98.0%,0.5%,0.0%,0.0%
515060,6,HU,18.6%,77.4%,0.6%,0.0%
515078,6,HU,21.5%,59.7%,17.8%,0.0%
515086,6,SK,96.2%,1.5%,0.0%,0.0%
515094,6,SK,91.3%,4.3%,0.0%,0.0%
515108,6,SK,95.1%,2.0%,0.0%,0.0%
515116,6,SK,98.5%,0.0%,0.0%,0.0%
515124,6,SK,96.4%,0.7%,0.0%,0.0%
515132,6,HU,6.6%,83.9%,7.9%,0.0%
515141,6,HU,39.5%,58.5%,0.0%,0.0%
515159,6,HU,16.3%,76.6%,4.6%,0.0%
515167,6,SK,91.1%,5.6%,0.0%,0.0%
515175,6,SK,92.6%,2.5%,0.0%,0.0%
515183,6,HU,12.1%,45.3%,36.8%,0.0%
515205,6,HU,18.5%,79.4%,0.7%,0.0%
515230,6,HU,13.3%,78.7%,5.0%,0.0%
515248,6,SK,88.2%,8.1%,0.6%,0.0%
515256,6,HU,26.5%,72.0%,0.0%,0.0%
515264,6,SK,74.3%,19.1%,0.3%,0.0%
515272,6,SK,66.4%,30.2%,0.0%,0.7%
515281,6,HU,11.6%,83.3%,2.7%,0.0%
515299,6,HU,8.2%,91.3%,0.0%,0.0%
515302,6,SK,97.2%,0.0%,0.0%,0.0%
515311,6,HU,34.8%,62.9%,0.0%,0.0%
515337,6,SK,95.7%,4.3%,0.0%,0.0%
515345,6,SK,100.0%,0.0%,0.0%,0.0%
515353,6,HU,2.5%,60.7%,33.8%,0.0%
515361,6,HU,8.5%,90.6%,0.0%,0.0%
515370,6,SK,88.9%,1.0%,1.9%,0.3%
515388,6,SK,100.0%,0.0%,0.0%,0.0%
515396,6,SK,97.6%,0.0%,0.0%,0.0%
515400,6,SK,94.1%,2.6%,0.0%,0.0%
515426,6,SK,96.4%,0.0%,0.0%,0.2%
515442,6,HU,10.9%,80.3%,6.9%,0.1%
515451,6,SK,96.6%,0.4%,1.8%,0.0%
515469,6,SK,53.0%,37.7%,8.2%,0.0%
515485,6,SK,99.2%,0.0%,0.0%,0.0%
515493,6,HU,35.8%,61.7%,1.1%,0.0%
515507,6,SK,93.7%,0.6%,0.6%,0.0%
515515,6,SK,96.5%,1.8%,0.0%,0.0%
515523,6,SK,53.2%,42.1%,1.4%,0.0%
515531,6,SK,97.5%,2.1%,0.0%,0.0%
515540,6,HU,9.1%,87.3%,0.0%,0.0%
515566,6,SK,50.1%,47.8%,1.2%,0.0%
515574,6,HU,8.8%,83.8%,1.3%,0.0%
515582,6,HU,18.3%,78.4%,2.9%,0.0%
515591,6,SK,97.4%,0.7%,0.0%,0.0%
515604,6,HU,6.0%,82.4%,8.8%,0.0%
515612,6,HU,30.9%,58.3%,2.8%,0.0%
515621,6,HU,12.3%,71.4%,13.6%,0.0%
515639,6,HU,8.6%,85.9%,2.7%,0.0%
515647,6,SK,96.1%,1.3%,0.0%,0.0%
515655,6,HU,11.8%,67.9%,18.9%,0.0%
515663,6,HU,10.6%,88.0%,0.0%,0.0%
515671,6,SK,93.5%,1.4%,0.0%,0.0%
515680,6,SK,96.3%,0.4%,0.3%,0.0%
515698,6,HU,12.2%,82.4%,2.0%,0.0%
515701,6,HU,20.2%,62.6%,14.0%,0.0%
515710,6,HU,21.4%,61.6%,15.8%,0.0%
515728,6,HU,14.3%,81.8%,1.3%,0.0%
515736,6,SK,93.1%,3.2%,1.3%,0.0%
515744,6,HU,24.9%,56.1%,17.7%,0.0%
515752,6,HU,3.4%,93.8%,2.8%,0.0%
515761,6,SK,50.8%,47.5%,1.7%,0.0%
515779,6,HU,6.7%,87.4%,5.1%,0.0%
515795,6,HU,18.8%,76.2%,1.9%,0.0%
515809,6,SK,98.5%,0.7%,0.0%,0.0%
515817,6,HU,11.9%,74.8%,3.7%,0.0%
515833,6,HU,36.0%,64.0%,0.0%,0.0%
515841,6,HU,3.2%,92.2%,0.4%,0.0%
515850,6,SK,84.5%,4.8%,0.4%,0.0%
515868,6,HU,14.5%,82.3%,0.1%,0.0%
515876,6,SK,86.7%,11.6%,0.0%,0.0%
515884,6,SK,99.1%,0.0%,0.0%,0.0%
515892,6,SK,73.8%,20.4%,0.6%,0.0%
515906,6,HU,42.8%,55.4%,0.1%,0.0%
515914,6,SK,69.6%,24.2%,0.4%,0.0%
515922,6,SK,96.3%,0.2%,0.7%,0.0%
515931,6,SK,100.0%,0.0%,0.0%,0.0%
515949,6,SK,95.5%,0.0%,0.0%,0.0%
515957,6,HU,12.1%,87.0%,0.0%,0.0%
515965,6,SK,96.4%,0.3%,0.2%,0.0%
515973,6,SK,87.1%,1.2%,1.2%,0.0%
515981,6,SK,93.9%,2.0%,0.0%,0.5%
515990,6,SK,55.6%,42.1%,0.0%,0.0%
516007,6,SK,70.8%,23.0%,1.8%,0.0%
516015,6,SK,98.7%,0.0%,0.0%,0.0%
516023,6,SK,95.2%,1.4%,0.0%,0.0%
516031,6,SK,96.5%,1.6%,0.0%,0.0%
516040,6,SK,93.9%,0.5%,0.0%,0.0%
516058,6,SK,81.7%,11.5%,2.9%,0.0%
516066,6,SK,99.1%,0.0%,0.0%,0.0%
516074,6,HU,24.6%,73.2%,0.0%,0.0%
516082,6,HU,35.6%,63.0%,0.0%,0.0%
516091,6,HU,41.4%,57.1%,0.4%,0.0%
516104,6,HU,14.7%,82.7%,0.0%,0.0%
516112,6,HU,24.3%,73.3%,0.4%,0.0%
516121,6,SK,72.1%,26.8%,0.5%,0.0%
516139,6,HU,18.8%,77.0%,0.0%,0.0%
516147,6,HU,44.7%,52.5%,0.0%,0.0%
516155,6,SK,85.6%,10.3%,0.4%,0.0%
516163,6,SK,93.8%,0.0%,0.0%,0.0%
516171,6,SK,87.6%,9.3%,0.0%,0.0%
516198,6,SK,94.9%,1.7%,0.0%,0.0%
516210,6,SK,93.5%,1.5%,0.6%,0.0%
516228,6,SK,79.4%,14.2%,0.0%,0.0%
516236,6,HU,43.9%,54.6%,0.0%,0.0%
516244,6,SK,89.8%,1.8%,0.0%,0.0%
516252,6,SK,94.4%,1.4%,0.2%,0.0%
516261,6,HU,27.7%,71.2%,0.0%,0.0%
516279,6,SK,49.8%,45.8%,0.0%,0.0%
516287,6,SK,83.6%,8.2%,0.0%,0.0%
516295,6,SK,95.7%,0.8%,0.9%,0.0%
516309,6,SK,93.2%,0.0%,5.1%,0.0%
516317,6,SK,96.6%,0.7%,0.0%,0.0%
516333,6,HU,20.9%,74.6%,1.8%,0.0%
516341,6,SK,59.3%,34.6%,0.0%,0.0%
516368,6,SK,96.8%,0.0%,1.6%,0.0%
516376,6,SK,92.5%,0.8%,1.4%,0.1%
516384,6,SK,67.7%,16.5%,6.9%,0.0%
516392,6,SK,94.7%,1.2%,3.5%,0.0%
516406,6,SK,96.2%,0.2%,1.0%,0.0%
516414,6,SK,97.7%,0.0%,1.1%,0.0%
516422,6,SK,97.9%,1.1%,0.0%,0.0%
516431,6,HU,42.1%,56.3%,0.0%,0.0%
516449,6,SK,97.3%,1.4%,0.0%,0.0%
516457,6,HU,20.1%,78.7%,0.0%,0.0%
516465,6,HU,39.6%,57.2%,0.0%,0.0%
516473,6,HU,34.8%,59.5%,1.7%,0.0%
516490,6,SK,88.8%,7.8%,1.6%,0.0%
516503,6,SK,89.9%,0.0%,0.0%,0.0%
516511,6,SK,95.4%,0.0%,0.5%,0.0%
516520,6,HU,17.7%,78.9%,0.1%,0.0%
516538,6,HU,27.4%,70.5%,0.0%,0.0%
516546,6,SK,94.8%,2.8%,0.0%,0.0%
516554,6,SK,91.6%,0.5%,0.2%,0.0%
516562,6,SK,98.0%,0.7%,0.0%,0.0%
516571,6,SK,86.5%,10.9%,0.0%,0.0%
516589,6,SK,88.1%,0.4%,0.4%,0.1%
516597,6,SK,94.4%,0.2%,0.2%,0.0%
516601,6,SK,76.0%,0.0%,21.0%,0.0%
516627,6,SK,94.4%,0.1%,0.3%,0.0%
516643,6,SK,95.7%,0.3%,0.5%,0.0%
516651,6,SK,97.2%,0.0%,1.1%,0.0%
516660,6,SK,95.5%,0.0%,0.0%,0.0%
516678,6,SK,94.9%,0.0%,0.0%,0.0%
516708,6,SK,97.9%,0.0%,0.2%,0.0%
516716,6,SK,100.0%,0.0%,0.0%,0.0%
516724,6,SK,99.1%,0.0%,0.0%,0.0%
516732,6,SK,95.0%,0.0%,0.0%,0.0%
516741,6,SK,92.2%,0.0%,1.5%,0.0%
516759,6,SK,92.6%,0.0%,0.4%,0.1%
516767,6,SK,92.0%,0.1%,0.2%,0.0%
516791,6,SK,97.2%,0.2%,0.0%,0.0%
516805,6,SK,97.0%,0.3%,0.2%,0.0%
516813,6,SK,97.2%,0.4%,0.0%,0.0%
516821,6,SK,93.5%,0.2%,0.7%,0.0%
516830,6,SK,96.8%,0.1%,0.4%,0.0%
516848,6,SK,98.6%,0.0%,0.0%,0.0%
516856,6,SK,99.7%,0.0%,0.0%,0.0%
516872,6,SK,93.2%,0.0%,0.4%,0.5%
516881,6,SK,95.6%,0.2%,0.0%,0.0%
516902,6,SK,96.1%,0.0%,0.0%,0.0%
516937,6,SK,93.2%,0.3%,0.0%,0.0%
516945,6,SK,95.2%,0.2%,0.0%,0.0%
516953,6,SK,98.8%,0.0%,0.0%,0.0%
516961,6,SK,91.9%,0.4%,0.0%,0.0%
516970,6,SK,93.4%,0.2%,0.7%,0.1%
516988,6,SK,93.7%,0.0%,0.0%,0.0%
516996,6,SK,88.6%,0.0%,0.0%,0.0%
517011,6,SK,89.4%,0.3%,2.0%,0.0%
517020,6,SK,98.1%,0.1%,0.0%,0.0%
517038,6,SK,98.3%,0.0%,0.1%,0.0%
517046,6,SK,97.4%,0.5%,0.0%,0.0%
517062,6,SK,95.8%,0.1%,0.0%,0.0%
517071,6,SK,98.2%,0.0%,0.0%,0.0%
517089,6,SK,98.5%,0.0%,0.0%,0.0%
517097,6,SK,93.3%,0.2%,0.1%,0.1%
517119,6,SK,94.6%,0.2%,0.2%,0.0%
517127,6,SK,96.8%,0.8%,0.8%,0.0%
517135,6,SK,96.0%,0.2%,0.0%,0.0%
517143,6,SK,98.5%,0.3%,0.0%,0.0%
517160,6,SK,94.2%,1.2%,0.0%,0.0%
517178,6,SK,98.1%,0.5%,0.0%,0.0%
517186,6,SK,97.2%,0.0%,0.9%,0.1%
517194,6,SK,98.6%,0.4%,0.0%,0.0%
517216,6,SK,98.2%,0.4%,0.0%,0.0%
517232,6,SK,93.5%,0.0%,0.2%,0.0%
517241,6,SK,98.2%,0.3%,0.0%,0.0%
517259,6,SK,92.2%,0.4%,0.2%,0.0%
517267,6,SK,95.1%,0.3%,0.6%,0.0%
517283,6,SK,96.3%,0.1%,0.0%,0.1%
517291,6,SK,96.5%,0.2%,0.0%,0.0%
517305,4,SK,94.6%,0.2%,0.0%,0.0%
517313,6,SK,98.5%,0.2%,0.2%,0.0%
517330,6,SK,97.5%,0.3%,0.1%,0.0%
517348,6,SK,97.9%,0.2%,1.0%,0.0%
517356,6,SK,97.6%,0.0%,0.0%,0.0%
517364,6,SK,96.0%,0.3%,0.1%,0.0%
517372,6,SK,97.7%,0.8%,0.0%,0.0%
517381,6,SK,91.0%,0.1%,0.6%,0.0%
517399,6,SK,91.2%,0.3%,5.6%,0.0%
517402,5,SK,92.4%,0.1%,0.1%,0.1%
517429,5,SK,97.3%,0.0%,0.0%,0.0%
517461,5,SK,94.2%,0.0%,0.0%,0.0%
517470,5,SK,100.0%,0.0%,0.0%,0.0%
517488,5,SK,98.9%,0.0%,0.0%,0.0%
517496,5,SK,96.6%,0.0%,0.0%,0.0%
517500,5,SK,97.9%,0.1%,0.1%,0.0%
517518,5,SK,99.0%,0.0%,0.0%,0.0%
517526,5,SK,96.4%,0.0%,0.1%,0.1%
517542,5,SK,98.8%,0.0%,0.0%,0.0%
517551,5,SK,97.4%,0.1%,0.0%,0.0%
517577,5,SK,98.0%,0.0%,0.0%,0.0%
517593,5,SK,99.2%,0.0%,0.0%,0.0%
517623,5,SK,97.6%,0.0%,0.0%,0.0%
517631,5,SK,98.6%,0.0%,0.0%,0.0%
517640,5,SK,96.6%,0.2%,0.0%,0.0%
517658,5,SK,99.0%,0.0%,0.0%,0.0%
517674,5,SK,99.0%,0.1%,0.0%,0.0%
517682,5,SK,98.6%,0.1%,0.0%,0.1%
517691,5,SK,98.4%,0.4%,0.0%,0.0%
517704,5,SK,99.6%,0.0%,0.0%,0.0%
517712,5,SK,93.6%,0.1%,0.0%,0.1%
517721,5,SK,99.0%,0.0%,0.0%,0.0%
517739,5,SK,98.4%,0.1%,0.1%,0.0%
517755,5,SK,95.3%,0.0%,0.0%,0.1%
517763,5,SK,98.9%,0.1%,0.0%,0.0%
517771,5,SK,97.8%,0.0%,0.0%,0.0%
517780,5,SK,97.6%,0.0%,0.3%,0.0%
517798,5,SK,95.4%,0.0%,0.0%,0.0%
517801,5,SK,96.1%,0.1%,0.0%,0.0%
517828,5,SK,97.6%,0.0%,0.0%,0.0%
517861,5,SK,96.2%,0.1%,0.0%,0.0%
517879,5,SK,98.2%,0.5%,0.0%,0.0%
517895,5,SK,94.5%,0.0%,0.0%,0.1%
517917,5,SK,94.2%,0.1%,0.0%,0.0%
517925,5,SK,99.2%,0.0%,0.0%,0.0%
517933,5,SK,96.2%,0.1%,0.0%,0.0%
517941,5,SK,96.9%,0.1%,0.0%,0.0%
517950,5,SK,96.2%,0.2%,0.0%,0.0%
517968,5,SK,97.5%,0.2%,0.0%,0.0%
517976,5,SK,98.7%,0.0%,0.0%,0.0%
517984,5,SK,96.9%,0.0%,0.0%,0.0%
517992,5,SK,96.9%,0.1%,0.0%,0.0%
518000,5,SK,97.8%,0.1%,0.1%,0.0%
518018,5,SK,96.6%,0.0%,0.0%,0.0%
518034,5,SK,96.6%,0.1%,0.0%,0.0%
518042,5,SK,95.2%,0.1%,0.0%,0.0%
518051,5,SK,96.6%,0.0%,0.0%,0.0%
518069,5,SK,97.7%,0.1%,0.0%,0.1%
518077,5,SK,97.5%,0.0%,0.0%,0.0%
518085,5,SK,95.9%,0.0%,0.0%,0.1%
518093,5,SK,94.9%,0.0%,0.0%,0.1%
518107,8,HU,40.1%,57.9%,0.0%,0.0%
518115,8,SK,95.5%,0.5%,0.0%,0.0%
518123,8,HU,23.4%,71.0%,0.0%,0.0%
518131,5,SK,98.2%,0.0%,0.0%,0.0%
518140,8,SK,97.6%,1.0%,0.0%,0.2%
518158,6,SK,89.2%,0.4%,0.3%,0.1%
518166,6,SK,96.8%,0.0%,0.2%,0.2%
518174,6,SK,98.1%,0.6%,0.0%,0.0%
518191,6,SK,92.5%,0.0%,1.3%,0.0%
518204,6,SK,97.0%,0.3%,0.7%,0.0%
518212,6,SK,95.8%,0.2%,3.2%,0.0%
518221,6,SK,96.2%,0.0%,0.0%,0.0%
518239,6,SK,97.6%,0.2%,0.0%,0.0%
518247,6,SK,97.0%,0.0%,0.9%,0.0%
518255,6,SK,91.8%,0.0%,4.0%,0.0%
518263,6,SK,93.2%,0.2%,0.9%,0.0%
518271,6,SK,97.9%,0.0%,0.2%,0.0%
518280,6,SK,98.7%,0.0%,0.0%,0.0%
518298,6,SK,98.1%,0.0%,0.0%,0.0%
518301,6,SK,100.0%,0.0%,0.0%,0.0%
518310,6,SK,99.2%,0.0%,0.4%,0.0%
518336,6,SK,96.2%,0.0%,2.8%,0.0%
518344,6,SK,94.1%,0.8%,3.4%,0.0%
518352,6,SK,100.0%,0.0%,0.0%,0.0%
518361,6,SK,96.3%,0.0%,0.3%,0.0%
518379,6,SK,97.3%,0.0%,0.5%,0.0%
518387,6,SK,92.6%,3.0%,0.0%,0.1%
518409,6,SK,89.0%,0.9%,0.0%,0.3%
518417,6,SK,94.9%,0.0%,1.0%,0.0%
518425,6,SK,94.8%,0.0%,0.7%,0.0%
518433,6,SK,88.7%,0.5%,10.2%,0.0%
518441,6,SK,98.3%,0.6%,0.0%,0.0%
518450,6,SK,97.1%,0.0%,0.0%,0.0%
518468,6,SK,94.4%,0.1%,0.0%,0.0%
518476,6,SK,93.0%,1.2%,0.0%,0.0%
518484,6,SK,96.8%,0.0%,1.6%,0.0%
518492,6,SK,97.7%,0.0%,0.0%,0.0%
518506,6,SK,96.0%,0.2%,0.0%,0.1%
518514,6,SK,100.0%,0.0%,0.0%,0.0%
518522,7,SK,93.5%,0.1%,0.0%,0.3%
518531,6,SK,92.4%,0.0%,6.9%,0.0%
518549,6,SK,98.3%,0.1%,0.0%,0.0%
518557,6,SK,94.1%,0.3%,0.4%,0.0%
518565,6,SK,97.9%,1.1%,0.0%,0.0%
518573,6,SK,94.2%,0.0%,2.7%,0.0%
518581,6,SK,90.3%,0.0%,0.0%,0.0%
518590,7,SK,92.9%,0.1%,0.0%,1.2%
518603,6,SK,89.9%,0.0%,3.7%,0.0%
518611,6,SK,98.3%,0.0%,1.1%,0.0%
518620,2,SK,97.1%,0.3%,0.0%,0.0%
518638,7,SK,,,,
518646,6,SK,98.6%,0.5%,0.0%,0.0%
518654,6,SK,94.6%,0.0%,0.0%,0.0%
518662,6,SK,96.2%,0.2%,0.3%,0.1%
518671,6,SK,94.8%,0.0%,0.0%,0.3%
518689,6,SK,94.5%,0.3%,0.0%,0.1%
518697,6,SK,98.5%,0.2%,0.0%,0.0%
518701,6,SK,95.8%,0.4%,0.4%,0.0%
518719,5,SK,99.6%,0.0%,0.0%,0.0%
518727,6,SK,96.3%,0.3%,0.0%,0.0%
518735,6,SK,98.0%,0.1%,0.1%,0.0%
518743,6,SK,96.8%,3.2%,0.0%,0.0%
518751,6,SK,95.6%,0.0%,0.1%,0.0%
518760,6,SK,96.5%,0.1%,1.6%,0.0%
518794,6,SK,95.9%,0.2%,0.2%,0.0%
518808,6,SK,95.5%,0.4%,0.0%,0.1%
518816,6,SK,95.0%,0.0%,0.0%,0.0%
518824,6,SK,96.7%,0.1%,0.1%,0.1%
518832,6,SK,100.0%,0.0%,0.0%,0.0%
518841,6,SK,92.8%,0.5%,2.4%,0.0%
518867,6,SK,94.7%,0.5%,0.2%,0.0%
518875,6,SK,96.3%,0.5%,0.0%,0.5%
518883,6,SK,94.4%,0.0%,0.0%,0.0%
518891,6,SK,98.4%,0.0%,0.2%,0.0%
518905,6,SK,94.9%,0.0%,0.0%,0.0%
518913,3,SK,96.2%,0.0%,0.0%,0.0%
518921,6,SK,94.4%,0.1%,1.6%,0.0%
518930,6,SK,95.0%,0.0%,0.0%,0.0%
518956,6,SK,96.2%,0.0%,0.0%,0.0%
518964,7,SK,99.4%,0.0%,0.3%,0.0%
518972,6,SK,93.4%,0.1%,0.5%,0.0%
518981,6,SK,98.6%,0.0%,0.0%,0.0%
518999,6,SK,91.8%,1.4%,0.0%,0.0%
519006,7,SK,87.7%,0.1%,1.5%,2.3%
519014,7,SK,98.5%,0.3%,0.0%,0.0%
519022,7,SK,85.1%,0.3%,3.1%,6.9%
519049,7,SK,98.2%,0.0%,0.0%,0.1%
519057,7,SK,56.4%,0.0%,4.6%,32.9%
519065,7,SK,87.1%,0.1%,0.0%,10.8%
519073,7,SK,79.6%,1.0%,0.0%,15.5%
519081,7,SK,95.7%,0.0%,0.0%,0.0%
519090,7,SK,93.3%,0.0%,0.0%,0.0%
519103,7,SK,98.1%,0.0%,0.0%,0.0%
519111,7,SK,94.9%,0.0%,2.0%,1.4%
519138,7,SK,98.5%,0.0%,0.0%,0.3%
519154,7,SK,73.3%,0.0%,14.2%,9.4%
519162,7,SK,94.4%,0.0%,0.0%,0.3%
519171,7,SK,95.3%,0.0%,0.4%,1.2%
519189,7,SK,86.0%,0.1%,3.7%,8.4%
519197,7,SK,86.8%,0.1%,2.0%,0.3%
519201,7,SK,99.1%,0.0%,0.0%,0.0%
519219,7,SK,97.3%,0.8%,0.0%,0.4%
519227,7,SK,96.1%,0.0%,0.0%,0.7%
519235,7,SK,99.1%,0.0%,0.2%,0.1%
519243,7,SK,99.2%,0.0%,0.0%,0.6%
519251,7,SK,96.1%,0.0%,0.0%,1.4%
519260,7,SK,88.2%,0.0%,5.1%,2.5%
519278,7,SK,77.1%,0.0%,3.1%,16.7%
519286,7,SK,64.2%,0.0%,0.0%,30.4%
519294,7,SK,97.6%,0.0%,0.0%,0.0%
519308,7,SK,73.8%,0.0%,0.0%,22.5%
519316,7,SK,99.8%,0.0%,0.0%,0.0%
519324,7,SK,95.2%,0.0%,0.0%,0.5%
519332,7,SK,94.4%,0.0%,0.0%,2.2%
519341,7,SK,99.1%,0.0%,0.0%,0.1%
519359,7,SK,100.0%,0.0%,0.0%,0.0%
519367,7,SK,97.8%,0.0%,0.2%,0.0%
519375,7,SK,98.5%,0.2%,0.0%,0.2%
519383,7,SK,76.9%,0.0%,1.9%,1.0%
519391,7,SK,98.9%,0.1%,0.0%,0.2%
519405,7,SK,97.2%,0.0%,0.0%,1.9%
519413,7,SK,95.3%,0.0%,0.0%,3.1%
519421,7,SK,91.2%,0.0%,0.5%,5.7%
519430,7,SK,96.9%,0.0%,0.0%,0.0%
519448,7,SK,95.3%,0.0%,0.1%,0.4%
519456,7,SK,96.2%,0.1%,0.8%,0.3%
519464,7,SK,90.4%,0.0%,0.4%,6.8%
519472,7,SK,97.1%,0.0%,0.2%,0.0%
519481,7,SK,91.7%,0.0%,4.8%,0.3%
519499,7,SK,95.7%,0.0%,0.0%,1.4%
519502,7,SK,93.5%,0.0%,0.0%,3.2%
519511,7,SK,84.4%,0.0%,0.0%,13.3%
519529,7,SK,98.7%,0.0%,0.0%,0.0%
519537,7,SK,97.7%,0.2%,1.0%,0.0%
519545,7,SK,99.5%,0.0%,0.0%,0.0%
519553,7,SK,92.3%,0.0%,3.1%,2.6%
519561,7,SK,99.2%,0.0%,0.0%,0.0%
519570,7,SK,96.4%,0.0%,1.1%,0.4%
519588,7,SK,94.3%,0.1%,0.7%,0.2%
519596,7,SK,99.2%,0.0%,0.0%,0.0%
519600,7,SK,73.0%,0.0%,0.0%,23.8%
519618,7,SK,97.8%,0.0%,0.0%,0.3%
519626,7,SK,99.6%,0.0%,0.0%,0.0%
519634,7,SK,78.3%,0.0%,0.0%,19.0%
519642,7,SK,96.4%,0.0%,0.0%,0.7%
519669,7,SK,86.8%,0.0%,0.7%,7.1%
519677,7,SK,97.6%,0.0%,0.0%,0.0%
519685,7,XU,33.3%,0.0%,0.0%,66.7%
519693,7,SK,83.9%,0.5%,2.6%,11.5%
519707,7,SK,99.7%,0.0%,0.0%,0.1%
519715,7,SK,90.3%,0.0%,2.8%,4.5%
519723,7,SK,96.3%,0.0%,0.0%,0.3%
519731,7,SK,96.4%,0.4%,0.0%,0.0%
519740,7,SK,93.5%,0.0%,0.0%,0.0%
519758,7,SK,93.4%,0.0%,0.0%,3.3%
519766,7,SK,97.8%,0.0%,0.2%,0.1%
519774,7,SK,93.3%,0.0%,4.5%,0.4%
519782,7,SK,97.3%,0.0%,0.0%,1.3%
519791,7,SK,80.0%,0.0%,12.6%,5.0%
519804,7,SK,95.6%,0.0%,0.0%,0.5%
519812,7,SK,88.5%,0.0%,0.0%,9.2%
519821,7,SK,99.5%,0.0%,0.0%,0.0%
519839,7,SK,99.0%,0.0%,0.6%,0.0%
519847,7,SK,77.0%,0.0%,2.7%,18.3%
519855,7,SK,87.8%,0.0%,10.4%,1.2%
519863,7,SK,98.6%,0.0%,0.0%,0.5%
519871,7,SK,96.0%,0.0%,0.0%,1.0%
519880,7,SK,97.9%,0.0%,0.0%,0.0%
519901,7,XR,34.3%,0.0%,52.4%,8.5%
519910,7,XU,48.6%,0.0%,0.9%,50.5%
519928,7,SK,99.7%,0.0%,0.0%,0.0%
519936,7,SK,97.6%,0.0%,1.4%,0.1%
519944,7,SK,99.3%,0.0%,0.0%,0.0%
519952,7,SK,70.2%,0.0%,0.0%,27.3%
519961,7,SK,90.5%,0.1%,5.9%,0.3%
519979,7,SK,98.7%,0.1%,0.0%,0.1%
519987,7,SK,98.9%,0.0%,0.0%,0.2%
519995,7,SK,98.5%,0.3%,0.0%,0.0%
520004,7,SK,84.5%,0.1%,0.5%,4.3%
520012,7,SK,95.2%,0.0%,0.0%,0.0%
520021,7,SK,99.0%,0.0%,0.0%,0.2%
520039,7,SK,97.3%,0.0%,0.1%,0.4%
520055,7,SK,97.7%,0.2%,0.4%,0.2%
520063,7,SK,96.5%,0.0%,0.8%,1.2%
520071,7,SK,55.7%,0.0%,27.4%,8.5%
520080,7,SK,53.8%,7.7%,0.0%,33.3%
520098,7,SK,68.3%,0.0%,0.0%,25.5%
520101,7,SK,47.8%,0.0%,0.0%,43.4%
520110,7,SK,99.4%,0.0%,0.0%,0.0%
520128,7,XU,43.3%,0.6%,0.0%,51.4%
520136,7,SK,60.5%,0.0%,0.0%,32.7%
520152,7,SK,99.4%,0.0%,0.0%,0.0%
520161,7,SK,97.6%,0.0%,0.2%,0.1%
520179,7,SK,84.4%,0.5%,0.0%,11.8%
520187,7,SK,50.3%,0.0%,0.0%,42.8%
520195,7,SK,99.0%,0.0%,0.0%,0.4%
520209,7,SK,71.0%,0.4%,0.0%,18.7%
520217,7,SK,70.2%,0.0%,0.0%,24.6%
520225,7,SK,97.8%,0.0%,0.0%,1.2%
520233,7,SK,98.5%,0.2%,0.6%,0.2%
520241,7,SK,97.5%,0.0%,0.0%,0.3%
520250,7,SK,79.6%,0.0%,0.7%,14.3%
520268,7,SK,96.6%,0.2%,0.0%,1.7%
520276,7,SK,98.5%,0.0%,0.0%,1.0%
520284,7,SK,70.3%,1.6%,0.0%,20.3%
520292,7,SK,97.0%,0.0%,0.0%,1.9%
520314,7,SK,65.5%,0.0%,0.0%,29.5%
520322,7,SK,66.2%,0.0%,0.4%,30.4%
520331,7,SK,94.2%,0.2%,1.1%,0.6%
520349,7,SK,97.3%,0.0%,0.6%,0.4%
520357,7,SK,93.4%,0.0%,4.1%,0.0%
520365,7,SK,65.6%,0.0%,2.2%,28.9%
520373,7,SK,97.0%,0.0%,0.0%,1.5%
520381,7,SK,77.9%,0.0%,0.0%,17.6%
520390,7,SK,78.3%,0.4%,0.0%,20.4%
520403,7,SK,96.7%,0.0%,0.0%,0.9%
520411,7,SK,51.0%,0.0%,0.9%,43.3%
520438,7,SK,71.2%,0.7%,1.1%,23.2%
520446,7,SK,99.5%,0.2%,0.0%,0.0%
520454,7,SK,97.8%,0.0%,0.5%,0.5%
520462,7,SK,94.2%,0.0%,0.0%,0.4%
520471,7,SK,58.7%,0.2%,2.0%,28.0%
520489,7,SK,80.5%,0.0%,0.0%,13.4%
520497,7,SK,98.8%,0.4%,0.1%,0.1%
520501,7,SK,96.7%,0.0%,0.5%,0.0%
520519,7,SK,56.9%,0.0%,0.0%,40.8%
520527,7,SK,75.7%,0.0%,0.0%,20.3%
520535,7,SK,73.5%,0.0%,0.7%,12.9%
520543,7,SK,97.9%,0.0%,0.0%,0.6%
520551,7,SK,79.7%,0.0%,0.0%,16.3%
520560,7,SK,98.7%,0.0%,0.0%,0.6%
520578,7,SK,56.9%,0.0%,0.4%,39.6%
520586,7,XU,20.0%,0.0%,0.0%,65.0%
520594,7,SK,54.0%,0.0%,23.3%,20.7%
520616,7,SK,69.9%,0.0%,1.0%,25.9%
520624,7,SK,96.4%,0.0%,0.0%,1.2%
520632,7,SK,75.0%,0.0%,0.0%,10.0%
520641,7,SK,66.1%,0.0%,0.0%,28.1%
520659,7,SK,73.7%,0.0%,0.0%,17.5%
520667,7,SK,96.5%,0.4%,0.0%,0.8%
520675,7,SK,66.0%,0.0%,0.0%,23.4%
520683,7,SK,94.7%,0.0%,0.0%,0.8%
520691,7,SK,75.5%,0.0%,5.1%,17.3%
520705,7,SK,57.1%,2.5%,0.0%,31.9%
520713,7,SK,53.2%,0.0%,0.0%,43.3%
520721,7,SK,96.8%,0.0%,0.2%,0.9%
520730,7,XU,29.9%,0.0%,0.0%,62.3%
520748,7,SK,77.6%,0.0%,0.0%,17.6%
520764,7,SK,63.6%,0.0%,0.0%,34.1%
520772,7,SK,92.7%,0.0%,1.8%,0.4%
520781,7,SK,97.5%,0.0%,0.0%,1.7%
520802,7,SK,84.1%,0.1%,0.6%,5.7%
520811,7,SK,73.8%,0.0%,0.0%,22.2%
520829,7,SK,76.5%,0.0%,0.9%,15.3%
520845,7,SK,68.3%,0.0%,0.0%,26.8%
520853,7,SK,61.4%,0.0%,0.7%,30.7%
520861,7,SK,61.8%,0.0%,0.0%,34.8%
520870,7,SK,76.5%,0.0%,0.0%,16.0%
520888,7,SK,57.9%,0.0%,0.0%,34.6%
520896,7,SK,96.2%,0.0%,0.0%,0.8%
520900,7,SK,98.7%,0.0%,0.0%,0.3%
520918,7,SK,69.7%,0.1%,0.6%,18.6%
520926,7,SK,95.1%,0.0%,0.0%,1.9%
520934,7,SK,73.2%,0.0%,1.5%,19.5%
520942,7,SK,74.3%,0.0%,0.0%,21.2%
520951,7,SK,85.7%,0.0%,0.0%,11.9%
520977,7,SK,98.3%,0.0%,0.0%,0.8%
520985,7,SK,97.7%,0.0%,0.3%,0.3%
520993,7,SK,62.9%,0.0%,0.0%,33.7%
521001,7,SK,72.0%,0.0%,4.2%,20.1%
521019,7,SK,45.1%,0.0%,0.0%,39.2%
521027,7,SK,97.3%,0.0%,0.0%,0.5%
521035,7,SK,93.4%,0.0%,2.5%,0.2%
521043,7,SK,98.7%,0.0%,0.2%,0.0%
521051,7,SK,73.7%,0.0%,0.0%,20.4%
521060,7,SK,63.0%,0.0%,0.0%,29.6%
521078,7,SK,49.1%,0.0%,0.0%,47.4%
521086,7,XR,25.5%,0.0%,69.8%,0.5%
521108,7,SK,95.5%,0.1%,0.0%,1.6%
521116,7,SK,83.1%,0.0%,0.0%,16.1%
521141,8,SK,90.3%,0.0%,7.8%,0.2%
521159,8,SK,98.2%,0.0%,0.0%,0.4%
521167,8,SK,95.9%,0.5%,0.5%,0.0%
521175,8,SK,96.1%,0.4%,0.6%,0.0%
521183,8,SK,95.6%,1.3%,0.8%,0.2%
521191,8,SK,96.0%,0.3%,1.4%,0.0%
521205,8,SK,97.0%,0.6%,0.6%,0.3%
521213,8,SK,85.4%,0.0%,4.4%,0.0%
521221,8,SK,94.6%,0.9%,0.2%,0.2%
521248,8,SK,95.4%,0.6%,0.0%,0.1%
521256,8,SK,97.8%,0.0%,0.0%,0.0%
521264,8,HU,46.9%,48.5%,1.1%,0.0%
521272,8,SK,60.4%,33.6%,0.0%,0.1%
521281,8,SK,76.6%,0.1%,20.2%,0.0%
521299,8,SK,88.9%,0.4%,5.3%,0.2%
521302,8,SK,78.9%,15.2%,0.1%,0.1%
521311,8,SK,96.9%,0.2%,0.0%,0.0%
521329,8,HU,33.3%,56.5%,0.0%,0.0%
521337,8,SK,52.2%,15.6%,15.6%,0.0%
521345,8,SK,91.4%,0.1%,3.3%,0.1%
521353,8,SK,97.3%,0.7%,0.0%,0.7%
521361,8,SK,91.7%,0.6%,3.3%,0.0%
521370,8,SK,95.3%,0.2%,1.5%,0.3%
521388,8,SK,97.3%,0.3%,0.0%,0.0%
521396,8,SK,84.2%,0.0%,1.5%,13.3%
521400,8,SK,98.2%,0.3%,0.0%,0.0%
521418,8,SK,97.2%,0.7%,0.0%,1.4%
521426,8,SK,96.8%,0.3%,0.0%,0.0%
521442,8,SK,93.5%,0.3%,0.0%,0.3%
521469,8,SK,98.4%,0.2%,0.0%,0.0%
521477,8,SK,91.1%,0.8%,3.8%,0.6%
521485,8,SK,57.2%,38.8%,0.3%,0.2%
521493,8,SK,70.1%,5.2%,2.1%,0.1%
521507,8,SK,97.1%,0.3%,0.0%,0.0%
521523,8,SK,62.7%,0.0%,32.6%,0.0%
521540,8,SK,97.3%,0.9%,0.0%,0.0%
521558,8,SK,96.8%,0.1%,0.2%,0.0%
521566,8,HU,39.8%,59.0%,0.0%,0.0%
521574,8,SK,96.8%,0.7%,0.0%,0.1%
521582,8,SK,93.5%,0.4%,0.6%,0.0%
521591,8,SK,87.9%,0.4%,3.1%,0.0%
521604,8,SK,96.3%,0.3%,0.0%,0.0%
521612,8,SK,92.1%,0.1%,2.9%,0.2%
521639,8,SK,95.4%,0.5%,0.0%,0.1%
521655,8,SK,92.0%,1.4%,0.0%,0.3%
521663,8,SK,93.4%,3.1%,0.0%,0.9%
521671,8,SK,82.8%,1.0%,3.1%,0.1%
521680,8,SK,75.3%,22.7%,0.1%,0.0%
521698,8,SK,52.4%,28.1%,15.3%,0.1%
521701,8,SK,90.8%,0.0%,0.0%,1.5%
521728,8,SK,98.6%,0.0%,0.0%,0.0%
521736,8,SK,91.9%,0.1%,0.8%,0.5%
521744,8,SK,90.9%,0.0%,6.6%,0.0%
521752,8,SK,94.1%,0.5%,0.0%,0.1%
521761,8,HU,25.3%,68.7%,0.4%,0.0%
521779,8,HU,17.5%,81.8%,0.0%,0.0%
521787,8,SK,88.5%,0.7%,3.6%,0.0%
521795,8,SK,97.8%,0.2%,0.0%,0.4%
521809,8,SK,96.8%,0.0%,0.5%,0.9%
521817,8,SK,97.2%,0.2%,0.0%,0.4%
521825,8,SK,99.0%,0.0%,0.4%,0.0%
521833,8,SK,96.1%,0.0%,0.0%,0.0%
521841,8,SK,98.5%,0.0%,0.0%,0.0%
521850,8,SK,91.7%,5.4%,0.0%,0.5%
521868,8,HU,30.8%,67.4%,0.0%,0.3%
521876,8,SK,72.7%,21.6%,0.0%,0.0%
521884,8,SK,94.4%,0.1%,0.4%,0.1%
521892,8,SK,93.7%,0.4%,0.0%,0.2%
521906,8,SK,93.6%,0.8%,0.0%,0.0%
521914,8,SK,85.8%,0.0%,9.0%,0.0%
521922,8,HU,26.3%,71.3%,0.0%,0.0%
521931,8,SK,91.3%,0.4%,1.9%,0.3%
521949,8,SK,96.1%,0.3%,0.0%,0.2%
521957,8,SK,95.0%,0.3%,0.1%,0.1%
521965,8,SK,89.8%,1.1%,0.6%,0.3%
521973,8,SK,86.4%,8.4%,1.0%,0.0%
521981,8,SK,94.9%,0.0%,2.7%,0.1%
522007,8,SK,91.3%,0.5%,2.4%,0.0%
522015,8,SK,96.2%,0.4%,0.0%,0.0%
522023,8,SK,97.6%,0.0%,0.0%,0.2%
522031,8,SK,96.0%,0.7%,1.0%,0.0%
522040,8,SK,91.8%,1.0%,1.5%,0.4%
522066,8,SK,94.6%,0.8%,0.0%,0.1%
522074,8,SK,84.4%,0.8%,2.8%,0.0%
522082,8,SK,95.1%,0.5%,0.5%,0.0%
522091,8,SK,99.0%,0.0%,0.0%,0.0%
522104,8,SK,95.7%,0.3%,0.1%,0.1%
522121,8,SK,88.4%,1.0%,1.0%,0.5%
522139,8,SK,90.8%,0.4%,1.7%,0.1%
522147,8,SK,49.1%,7.5%,36.5%,0.1%
522155,8,SK,74.2%,0.3%,21.4%,0.0%
522163,8,SK,64.7%,0.2%,30.0%,0.1%
522171,8,SK,95.1%,0.2%,0.2%,0.8%
522180,8,SK,98.2%,0.6%,0.0%,0.0%
522198,8,SK,94.6%,0.4%,2.6%,0.0%
522201,8,SK,98.5%,0.9%,0.0%,0.0%
522210,8,SK,96.8%,0.9%,0.0%,0.0%
522244,8,SK,93.9%,1.0%,0.8%,0.0%
522252,8,HU,36.3%,54.5%,0.5%,0.0%
522261,8,SK,91.4%,0.2%,0.8%,0.0%
522279,8,SK,88.1%,0.3%,0.3%,0.3%
522287,8,SK,91.1%,6.0%,0.2%,0.0%
522295,8,SK,97.3%,0.3%,0.0%,0.4%
522309,8,SK,95.3%,0.0%,0.0%,0.4%
522317,8,SK,86.2%,0.0%,0.0%,6.9%
522325,8,SK,97.9%,0.1%,0.8%,0.1%
522333,8,SK,93.4%,0.0%,2.4%,0.0%
522341,8,SK,76.6%,0.2%,16.2%,0.3%
522350,8,SK,93.6%,0.0%,0.0%,0.9%
522368,8,SK,96.9%,0.1%,1.3%,0.1%
522376,8,SK,95.1%,0.9%,0.7%,0.0%
522384,8,SK,89.0%,0.3%,0.8%,0.0%
522392,8,SK,94.0%,0.0%,1.0%,0.0%
522406,8,SK,95.3%,0.6%,0.0%,0.9%
522414,8,SK,90.9%,0.2%,2.0%,1.4%
522422,8,SK,97.2%,0.0%,0.3%,0.0%
522431,8,SK,94.3%,0.4%,2.9%,0.3%
522449,8,SK,97.9%,0.0%,0.0%,0.6%
522457,8,SK,96.2%,1.6%,0.0%,0.3%
522465,8,SK,88.8%,0.0%,4.7%,0.0%
522473,8,SK,96.7%,0.0%,0.0%,0.6%
522481,8,SK,97.1%,0.5%,0.6%,0.0%
522490,8,SK,87.5%,4.0%,0.0%,0.0%
522503,8,SK,93.8%,0.2%,0.0%,2.2%
522511,8,SK,95.9%,0.1%,0.8%,0.2%
522520,8,SK,86.0%,0.0%,0.0%,10.6%
522538,8,SK,96.9%,0.3%,0.0%,0.3%
522546,8,SK,97.0%,0.3%,0.7%,0.0%
522554,8,SK,89.6%,0.2%,0.0%,0.2%
522562,8,SK,94.0%,0.5%,1.2%,0.0%
522571,8,SK,98.8%,0.0%,0.4%,0.0%
522589,8,SK,95.0%,0.2%,0.0%,0.5%
522597,8,SK,97.3%,0.0%,0.0%,1.2%
522601,8,SK,89.0%,0.0%,0.0%,0.0%
522627,8,SK,95.8%,0.3%,0.0%,0.3%
522635,8,SK,85.0%,9.9%,1.6%,0.0%
522643,8,SK,97.6%,0.0%,0.2%,0.5%
522651,8,SK,97.0%,0.0%,0.0%,0.5%
522660,8,SK,86.2%,2.4%,0.0%,0.2%
522678,8,SK,91.2%,0.0%,1.8%,0.0%
522686,8,SK,94.8%,0.0%,0.0%,0.3%
522694,8,SK,97.0%,0.0%,0.6%,0.2%
522708,8,SK,91.4%,0.0%,5.4%,0.0%
522716,8,SK,95.9%,1.3%,0.0%,0.0%
522724,8,SK,90.7%,0.4%,5.3%,0.2%
522732,8,SK,97.7%,0.1%,0.5%,0.0%
522741,8,SK,91.7%,0.0%,4.6%,0.2%
522759,8,SK,89.5%,0.0%,2.1%,0.1%
522767,8,SK,63.5%,34.7%,0.0%,0.0%
522783,8,SK,91.5%,0.0%,3.5%,0.1%
522791,8,SK,96.9%,0.0%,0.1%,0.3%
522805,8,SK,96.0%,0.0%,1.5%,0.1%
522813,8,SK,93.4%,0.2%,0.0%,1.5%
522821,8,SK,93.9%,0.3%,0.0%,0.9%
522830,8,SK,94.2%,1.2%,0.8%,0.0%
522848,8,SK,97.4%,0.2%,0.0%,0.0%
522856,8,SK,92.4%,0.0%,1.2%,0.3%
522864,8,SK,93.4%,0.5%,0.8%,0.1%
522872,8,SK,88.4%,0.4%,4.6%,0.0%
522881,8,SK,92.1%,1.0%,0.5%,0.0%
522899,8,SK,97.5%,0.5%,0.0%,0.0%
522902,8,SK,95.9%,0.1%,1.4%,0.1%
522911,8,SK,96.7%,0.0%,0.0%,0.6%
522929,8,SK,85.2%,0.6%,0.3%,3.9%
522937,8,SK,98.5%,0.0%,0.0%,0.0%
522945,8,SK,97.5%,0.0%,0.0%,0.8%
522953,8,SK,98.3%,0.2%,0.0%,0.0%
522961,8,SK,95.7%,0.7%,0.4%,0.3%
522970,8,SK,96.4%,0.0%,0.0%,0.0%
522988,8,SK,96.4%,0.0%,0.0%,0.3%
522996,8,SK,96.1%,0.6%,0.2%,0.0%
523003,8,SK,91.5%,0.2%,0.0%,0.0%
523011,8,SK,84.3%,0.0%,0.0%,12.0%
523020,8,SK,94.8%,0.0%,0.4%,1.2%
523038,8,SK,84.6%,0.3%,0.3%,9.9%
523046,8,SK,81.8%,2.6%,3.1%,0.0%
523054,8,SK,93.2%,0.0%,2.3%,0.1%
523062,8,SK,89.8%,0.4%,2.4%,0.0%
523071,8,SK,96.6%,0.4%,0.7%,0.0%
523089,8,SK,78.0%,0.3%,16.8%,0.5%
523097,8,SK,96.8%,0.1%,0.0%,0.0%
523101,8,SK,89.0%,0.2%,0.9%,0.4%
523119,8,SK,92.3%,0.3%,2.3%,0.0%
523127,8,SK,91.0%,0.0%,0.0%,0.0%
523135,8,SK,97.8%,0.0%,0.0%,0.0%
523143,8,SK,97.1%,1.0%,0.0%,0.0%
523151,8,SK,96.5%,0.0%,2.1%,0.6%
523160,8,SK,94.0%,0.5%,0.5%,0.5%
523178,8,SK,84.5%,0.0%,6.9%,0.2%
523186,8,SK,93.0%,0.3%,1.3%,0.0%
523194,8,SK,94.0%,0.0%,0.7%,0.0%
523208,8,SK,96.9%,0.1%,1.9%,0.0%
523216,8,SK,97.9%,0.4%,0.0%,0.0%
523224,8,SK,76.2%,2.2%,5.8%,0.4%
523232,8,SK,98.2%,0.4%,0.0%,0.0%
523241,8,SK,96.7%,0.0%,0.2%,0.1%
523259,8,SK,88.8%,0.7%,0.0%,0.6%
523267,8,SK,98.8%,0.0%,0.0%,0.0%
523275,8,SK,93.1%,0.0%,0.0%,0.0%
523283,8,SK,96.1%,0.1%,0.4%,0.0%
523291,8,SK,95.3%,0.3%,0.1%,0.1%
523305,8,SK,91.8%,0.0%,1.3%,0.0%
523313,8,SK,87.8%,0.8%,0.0%,0.0%
523321,8,SK,93.8%,0.0%,0.0%,0.0%
523330,8,SK,92.1%,0.9%,0.2%,0.0%
523348,8,SK,93.6%,0.0%,0.4%,0.7%
523356,8,SK,96.4%,0.2%,0.0%,0.6%
523364,8,SK,93.0%,0.2%,0.7%,0.6%
523372,8,SK,90.4%,0.5%,3.6%,0.0%
523381,7,SK,92.6%,0.2%,0.4%,0.2%
523399,7,SK,99.2%,0.0%,0.0%,0.0%
523402,7,SK,90.0%,0.0%,2.8%,0.2%
523411,7,SK,94.1%,0.0%,0.0%,0.3%
523429,7,SK,99.1%,0.0%,0.0%,0.0%
523437,7,SK,88.7%,0.0%,3.0%,0.2%
523445,7,SK,88.3%,0.1%,5.0%,0.1%
523461,7,SK,95.6%,0.0%,0.0%,0.0%
523470,7,SK,93.1%,0.3%,4.3%,0.0%
523488,7,SK,95.2%,0.0%,0.2%,0.1%
523496,7,SK,95.6%,0.1%,0.0%,0.0%
523500,7,SK,100.0%,0.0%,0.0%,0.0%
523518,7,SK,90.3%,0.1%,6.4%,0.0%
523526,7,SK,94.1%,0.0%,3.9%,0.0%
523534,7,SK,89.2%,0.1%,9.0%,0.7%
523542,7,SK,98.1%,0.0%,0.9%,0.1%
523569,7,SK,94.7%,0.0%,0.0%,0.0%
523577,7,SK,90.2%,0.1%,6.6%,0.0%
523585,7,SK,90.5%,0.2%,0.6%,0.2%
523593,7,SK,94.9%,0.0%,3.5%,0.1%
523607,7,SK,94.6%,0.1%,4.6%,0.0%
523615,7,SK,95.2%,0.0%,0.0%,0.0%
523623,7,SK,99.3%,0.0%,0.0%,0.0%
523631,7,SK,92.8%,0.0%,4.7%,0.0%
523658,7,SK,86.0%,0.2%,3.6%,0.0%
523674,7,SK,94.7%,0.0%,0.0%,0.0%
523682,7,SK,93.6%,0.1%,3.1%,0.4%
523712,7,SK,97.8%,0.0%,0.6%,0.1%
523721,7,SK,90.5%,0.0%,1.6%,0.0%
523739,7,SK,95.9%,0.1%,0.0%,0.0%
523747,7,SK,94.9%,0.0%,0.0%,0.0%
523763,7,SK,90.6%,0.3%,3.2%,0.2%
523771,7,SK,96.6%,0.0%,0.0%,0.7%
523780,7,XR,26.3%,0.0%,70.5%,0.0%
523798,7,XR,27.3%,0.0%,70.8%,0.0%
523801,7,SK,97.0%,0.0%,0.6%,0.0%
523810,7,SK,96.2%,0.0%,2.0%,0.0%
523828,7,SK,90.1%,0.1%,0.9%,0.0%
523836,7,SK,92.5%,0.1%,2.2%,0.2%
523844,7,SK,96.0%,0.1%,0.6%,0.0%
523852,7,SK,95.8%,0.1%,1.7%,0.1%
523861,7,SK,97.2%,0.0%,0.6%,0.0%
523879,7,SK,87.6%,0.0%,1.1%,0.0%
523887,7,SK,87.4%,0.2%,2.5%,0.2%
523909,7,SK,94.8%,0.0%,4.1%,0.0%
523925,7,SK,93.5%,0.2%,0.3%,0.2%
523933,7,SK,94.8%,0.3%,1.5%,0.0%
523950,7,SK,95.2%,0.1%,2.8%,0.0%
523976,7,SK,92.1%,0.0%,5.6%,0.1%
523984,7,SK,97.9%,0.0%,1.0%,0.0%
523992,7,SK,98.5%,0.0%,0.0%,0.0%
524000,7,SK,79.4%,0.1%,15.1%,0.0%
524018,7,SK,78.5%,0.0%,2.0%,0.2%
524026,7,SK,98.8%,0.0%,0.0%,0.2%
524034,7,SK,97.4%,0.0%,0.9%,0.0%
524042,7,SK,98.1%,0.0%,0.0%,0.0%
524051,7,SK,98.5%,0.0%,0.0%,0.0%
524069,7,SK,98.7%,0.0%,0.0%,0.0%
524077,7,SK,96.1%,0.1%,2.2%,0.0%
524085,7,SK,97.1%,0.0%,2.4%,0.0%
524093,7,SK,96.5%,0.0%,2.2%,0.0%
524107,7,SK,95.0%,0.1%,0.5%,0.0%
524115,7,SK,100.0%,0.0%,0.0%,0.0%
524123,7,SK,92.0%,0.1%,0.0%,2.7%
524131,7,SK,97.0%,0.0%,0.0%,0.1%
524140,7,SK,88.7%,0.2%,0.5%,1.2%
524158,7,SK,91.3%,0.0%,5.2%,0.0%
524174,7,SK,98.1%,0.0%,0.0%,0.0%
524182,7,SK,68.7%,0.0%,0.0%,29.9%
524191,7,SK,95.7%,0.0%,0.0%,0.2%
524204,7,SK,98.9%,0.0%,0.0%,0.3%
524212,7,SK,98.7%,0.0%,0.0%,0.0%
524221,7,SK,96.8%,0.2%,0.0%,0.9%
524239,7,SK,98.1%,0.1%,0.0%,0.1%
524247,7,SK,97.7%,0.0%,0.0%,0.0%
524255,7,SK,98.5%,0.0%,0.0%,0.0%
524263,7,SK,92.0%,0.0%,4.9%,0.3%
524271,7,SK,99.7%,0.0%,0.0%,0.0%
524280,7,SK,99.4%,0.2%,0.0%,0.2%
524298,7,SK,96.2%,0.0%,0.0%,0.3%
524301,7,SK,90.6%,0.0%,6.7%,0.0%
524310,7,SK,99.0%,0.0%,0.0%,0.7%
524328,7,SK,97.9%,0.0%,0.0%,0.0%
524336,7,SK,97.6%,0.0%,0.1%,0.0%
524344,7,SK,97.6%,0.0%,0.0%,0.8%
524352,7,SK,94.3%,0.2%,1.4%,0.1%
524361,7,SK,92.9%,0.0%,4.7%,0.0%
524379,7,SK,99.2%,0.0%,0.0%,0.2%
524387,7,SK,97.3%,0.1%,0.3%,0.2%
524395,7,SK,98.3%,0.0%,0.0%,0.6%
524409,7,SK,95.6%,0.1%,0.9%,0.0%
524417,7,SK,98.8%,0.0%,0.0%,0.0%
524425,7,SK,95.1%,0.0%,0.0%,1.6%
524433,7,SK,97.7%,0.0%,0.0%,0.2%
524441,7,SK,92.9%,0.0%,0.0%,5.6%
524450,7,SK,99.2%,0.0%,0.0%,0.0%
524468,7,SK,94.0%,0.1%,0.7%,0.0%
524476,7,SK,97.4%,0.0%,0.0%,0.9%
524492,7,SK,98.2%,0.0%,0.0%,0.0%
524506,7,SK,88.9%,0.2%,9.1%,0.4%
524514,7,SK,99.6%,0.0%,0.0%,0.0%
524522,7,SK,95.1%,0.0%,0.0%,0.6%
524531,7,SK,86.7%,0.1%,3.3%,0.0%
524549,7,SK,94.2%,0.6%,2.7%,0.0%
524557,7,SK,98.3%,0.0%,0.0%,0.0%
524565,7,SK,96.9%,0.0%,0.0%,0.0%
524573,7,SK,99.4%,0.0%,0.0%,0.2%
524581,7,SK,94.8%,0.0%,3.1%,0.0%
524590,7,SK,96.4%,0.3%,0.3%,0.5%
524603,7,XR,34.6%,0.1%,57.7%,0.1%
524611,7,SK,99.5%,0.0%,0.0%,0.1%
524620,7,SK,96.2%,0.0%,1.3%,0.2%
524638,7,SK,85.4%,0.0%,8.8%,0.2%
524646,7,SK,96.7%,0.0%,0.0%,0.0%
524654,7,SK,80.8%,0.0%,16.0%,0.1%
524662,7,SK,97.9%,0.1%,0.0%,0.3%
524671,7,SK,98.0%,0.0%,0.0%,0.6%
524689,7,SK,79.6%,0.0%,17.0%,0.3%
524697,7,SK,98.3%,0.3%,0.0%,0.0%
524701,7,SK,99.3%,0.4%,0.0%,0.0%
524727,7,SK,98.3%,0.0%,0.0%,0.2%
524735,7,SK,97.7%,0.0%,0.0%,0.0%
524743,7,SK,77.2%,0.0%,19.9%,0.1%
524751,7,SK,93.3%,0.0%,1.0%,0.0%
524760,7,SK,96.3%,0.0%,0.3%,0.0%
524778,7,SK,94.7%,0.0%,0.5%,0.3%
524786,7,SK,97.2%,0.0%,0.0%,0.2%
524794,7,SK,97.0%,0.6%,0.0%,0.2%
524808,7,SK,92.7%,1.2%,0.0%,0.0%
524816,7,SK,97.8%,0.1%,0.0%,1.0%
524824,7,SK,96.1%,0.0%,0.0%,0.8%
524832,7,SK,80.7%,0.0%,13.0%,0.0%
524841,7,SK,97.3%,0.0%,0.0%,0.1%
524867,7,SK,98.4%,0.0%,0.0%,0.0%
524875,7,SK,98.3%,0.0%,0.2%,0.0%
524883,7,SK,91.8%,0.0%,4.3%,0.0%
524905,7,SK,97.2%,0.0%,0.0%,0.6%
524913,7,SK,97.5%,0.0%,0.4%,0.2%
524921,7,SK,95.5%,0.0%,0.0%,0.1%
524930,7,SK,96.3%,0.2%,0.2%,0.4%
524948,7,SK,96.5%,0.0%,0.5%,0.0%
524956,7,SK,98.7%,0.0%,0.0%,0.3%
524964,7,SK,100.0%,0.0%,0.0%,0.0%
524981,7,SK,74.6%,0.4%,18.8%,0.0%
524999,7,SK,95.5%,0.0%,0.3%,0.0%
525006,7,SK,96.7%,0.1%,1.2%,0.1%
525014,7,SK,92.5%,0.1%,2.9%,0.2%
525022,7,SK,98.7%,0.2%,0.0%,0.1%
525031,7,SK,97.1%,0.0%,0.0%,0.5%
525049,7,SK,98.6%,0.0%,0.0%,0.2%
525057,7,SK,98.0%,0.0%,0.0%,0.0%
525065,7,SK,99.2%,0.0%,0.0%,0.2%
525073,7,SK,99.2%,0.0%,0.0%,0.1%
525081,7,SK,98.6%,0.0%,0.0%,0.0%
525090,7,SK,92.4%,0.0%,3.3%,0.1%
525103,7,SK,95.0%,0.0%,0.0%,2.2%
525111,7,SK,86.6%,0.0%,10.1%,0.0%
525120,7,SK,91.9%,0.0%,2.4%,0.1%
525138,7,SK,93.9%,0.2%,0.4%,0.6%
525146,7,SK,91.1%,0.0%,3.4%,0.7%
525154,7,SK,97.4%,0.0%,0.0%,0.1%
525162,7,SK,95.1%,0.0%,0.0%,1.2%
525171,7,SK,72.4%,0.0%,18.8%,0.1%
525189,7,SK,48.5%,0.0%,48.4%,0.3%
525197,7,SK,82.0%,0.0%,16.3%,0.3%
525201,7,SK,98.3%,0.1%,0.0%,0.4%
525219,7,SK,98.0%,0.1%,0.0%,0.2%
525235,7,SK,93.3%,0.0%,1.0%,0.5%
525243,7,SK,95.7%,0.2%,0.0%,1.2%
525251,7,SK,96.9%,0.0%,1.6%,0.0%
525260,7,SK,97.1%,0.1%,0.0%,0.1%
525278,7,SK,100.0%,0.0%,0.0%,0.0%
525286,7,SK,95.8%,0.1%,0.0%,1.3%
525294,7,SK,95.0%,0.1%,2.3%,0.2%
525308,7,SK,80.4%,0.0%,5.8%,12.2%
525316,7,SK,97.2%,0.2%,0.3%,0.1%
525324,7,SK,94.0%,0.0%,0.0%,1.6%
525332,7,SK,91.4%,0.0%,3.7%,0.6%
525341,7,SK,98.0%,0.0%,0.0%,0.2%
525359,7,SK,97.7%,0.0%,0.0%,0.0%
525367,7,SK,96.0%,0.0%,1.3%,0.0%
525375,7,SK,99.1%,0.0%,0.0%,0.2%
525383,7,SK,86.8%,0.1%,8.3%,0.1%
525391,7,SK,98.8%,0.3%,0.0%,0.0%
525405,7,SK,95.5%,0.0%,1.1%,0.3%
525413,7,SK,99.1%,0.0%,0.1%,0.0%
525421,7,SK,100.0%,0.0%,0.0%,0.0%
525430,7,SK,97.8%,0.1%,0.0%,0.7%
525448,7,SK,98.3%,0.1%,0.0%,0.4%
525456,7,SK,98.2%,0.1%,0.0%,0.2%
525472,7,SK,96.5%,0.2%,0.0%,0.9%
525499,7,SK,85.9%,0.2%,5.5%,0.2%
525502,7,SK,98.6%,0.0%,0.0%,0.0%
525511,7,SK,95.8%,0.1%,0.1%,0.1%
525529,8,SK,70.4%,18.8%,1.0%,0.1%
525537,8,SK,51.3%,46.2%,0.6%,0.0%
525545,8,SK,94.5%,2.2%,0.0%,0.1%
525553,8,HU,24.1%,72.0%,0.0%,0.0%
525561,8,HU,22.2%,45.3%,26.0%,0.0%
525570,8,SK,96.8%,1.6%,0.0%,0.0%
525596,8,SK,96.9%,0.3%,0.2%,0.0%
525600,8,HU,15.9%,75.5%,6.3%,0.0%
525618,8,SK,99.2%,0.8%,0.0%,0.0%
525626,8,HU,25.1%,72.6%,0.6%,0.0%
525634,8,SK,84.1%,0.3%,3.6%,0.0%
525642,8,HU,30.0%,44.2%,24.1%,0.0%
525651,8,HU,39.8%,53.7%,4.9%,0.0%
525669,8,SK,95.7%,0.5%,1.2%,0.0%
525677,6,SK,90.4%,2.2%,0.8%,0.0%
525685,6,SK,52.8%,37.1%,4.7%,0.0%
525693,8,SK,93.0%,1.3%,1.8%,0.0%
525707,8,SK,98.4%,0.6%,0.0%,0.0%
525715,8,SK,88.0%,3.6%,0.0%,0.0%
525723,8,SK,95.5%,0.5%,2.0%,0.0%
525731,8,SK,96.7%,0.6%,0.0%,0.0%
525740,8,HU,18.0%,79.8%,0.4%,0.0%
525758,8,HU,19.1%,79.4%,0.6%,0.0%
525766,6,SK,80.9%,13.5%,1.4%,0.0%
525774,6,SK,89.8%,1.0%,2.7%,0.0%
525782,8,HU,19.9%,78.5%,0.0%,0.0%
525791,6,SK,81.4%,0.9%,6.1%,0.0%
525812,6,SK,92.5%,0.5%,2.0%,0.0%
525821,8,HU,11.4%,84.3%,0.0%,0.0%
525839,8,SK,92.1%,0.4%,6.3%,0.0%
525847,8,SK,98.7%,0.0%,0.0%,0.0%
525855,8,HU,43.9%,56.1%,0.0%,0.0%
525863,8,HU,21.7%,76.9%,0.0%,0.1%
525871,8,SK,39.8%,27.3%,24.1%,0.0%
525898,8,SK,63.8%,22.3%,0.3%,0.0%
525901,6,SK,67.4%,27.7%,2.0%,0.0%
525910,8,HU,33.7%,63.7%,0.0%,0.0%
525928,6,SK,88.0%,2.0%,1.8%,0.0%
525936,8,HU,28.3%,70.0%,0.0%,0.0%
525944,6,SK,97.6%,0.0%,0.2%,0.0%
525952,8,SK,98.7%,0.0%,0.0%,0.0%
525961,8,HU,32.2%,61.7%,0.5%,0.0%
525987,6,SK,88.7%,0.2%,2.3%,0.0%
525995,6,SK,90.7%,0.7%,2.2%,0.0%
526002,6,SK,93.8%,0.6%,0.6%,0.6%
526011,6,SK,97.5%,0.5%,0.0%,0.0%
526029,6,SK,97.4%,1.3%,0.0%,0.0%
526037,6,SK,92.7%,0.0%,3.3%,0.0%
526045,8,SK,94.6%,0.7%,0.9%,0.0%
526053,8,SK,85.7%,0.4%,7.4%,0.0%
526061,8,SK,94.9%,1.8%,0.2%,0.0%
526070,8,SK,51.6%,31.0%,11.8%,0.0%
526088,8,SK,92.4%,0.0%,3.8%,0.0%
526096,8,SK,52.2%,36.8%,0.9%,0.0%
526100,6,SK,98.6%,0.0%,0.0%,0.0%
526118,6,SK,96.3%,0.7%,1.0%,0.0%
526126,8,SK,95.0%,2.8%,0.0%,0.0%
526134,8,SK,95.8%,0.4%,3.1%,0.0%
526142,6,SK,82.9%,1.2%,4.6%,0.1%
526151,6,SK,97.1%,0.6%,0.0%,0.0%
526177,8,SK,94.8%,1.5%,0.3%,0.0%
526185,8,SK,90.1%,0.3%,5.8%,0.0%
526193,8,SK,91.7%,0.5%,0.5%,0.0%
526207,8,SK,97.7%,1.2%,0.3%,0.0%
526215,8,SK,73.3%,25.6%,0.1%,0.0%
526223,8,HU,19.9%,76.4%,0.7%,0.0%
526231,8,HU,27.5%,71.1%,0.7%,0.0%
526240,8,HU,8.2%,91.8%,0.0%,0.0%
526258,6,SK,95.4%,0.3%,0.5%,0.0%
526266,8,HU,42.5%,47.4%,3.8%,0.0%
526274,8,SK,94.7%,0.0%,1.5%,2.3%
526282,8,SK,82.5%,1.2%,1.4%,0.1%
526291,8,SK,96.7%,0.0%,0.0%,0.0%
526304,6,SK,89.2%,2.5%,6.9%,0.0%
526312,8,SK,94.1%,1.6%,1.6%,0.1%
526321,6,SK,94.4%,1.0%,1.0%,0.0%
526339,8,SK,97.5%,0.4%,0.0%,0.0%
526347,8,SK,97.5%,0.0%,0.0%,0.0%
526355,8,SK,91.7%,0.1%,0.6%,0.2%
526363,8,SK,84.1%,0.1%,6.3%,0.0%
526371,7,SK,97.1%,0.0%,0.0%,0.0%
526380,7,SK,97.6%,0.0%,0.6%,0.0%
526398,8,SK,82.9%,0.0%,13.7%,0.0%
526401,7,SK,96.3%,0.0%,0.9%,0.3%
526410,7,SK,97.3%,0.0%,0.0%,0.0%
526428,7,SK,99.3%,0.0%,0.0%,0.0%
526436,8,SK,90.3%,0.0%,3.3%,0.0%
526444,8,SK,97.0%,0.0%,0.0%,0.5%
526452,7,SK,96.8%,0.2%,0.3%,0.2%
526461,7,XR,28.1%,0.1%,70.7%,0.0%
526479,7,SK,97.9%,0.0%,0.0%,0.0%
526487,7,SK,93.2%,0.0%,0.4%,0.1%
526495,7,SK,96.7%,0.3%,0.0%,0.3%
526509,8,SK,91.4%,0.1%,2.5%,0.1%
526517,7,SK,98.4%,0.0%,0.0%,0.0%
526525,7,SK,98.3%,0.0%,0.0%,0.0%
526533,8,SK,98.1%,0.1%,0.0%,0.2%
526541,8,SK,91.4%,0.1%,2.5%,0.7%
526550,8,SK,96.0%,0.0%,0.0%,0.0%
526568,8,SK,95.7%,0.0%,0.0%,0.0%
526576,8,SK,97.8%,0.0%,0.0%,0.2%
526584,8,SK,94.0%,0.0%,1.4%,0.0%
526592,8,SK,96.2%,0.0%,1.3%,0.0%
526606,7,SK,95.4%,0.0%,0.0%,1.1%
526614,7,SK,98.5%,0.0%,0.0%,0.0%
526631,8,SK,73.9%,0.0%,7.5%,16.6%
526649,8,SK,96.4%,0.0%,0.1%,0.0%
526657,8,SK,87.1%,0.0%,5.0%,0.0%
526665,7,SK,84.2%,0.1%,3.4%,2.1%
526673,7,SK,65.3%,0.0%,2.3%,26.1%
526681,7,SK,94.2%,0.0%,0.0%,4.0%
526690,7,SK,97.4%,0.0%,0.0%,0.7%
526703,7,SK,92.6%,0.0%,0.0%,4.4%
526711,7,SK,97.4%,0.0%,0.2%,0.2%
526720,7,SK,92.2%,0.0%,4.5%,0.7%
526738,7,SK,99.5%,0.0%,0.0%,0.5%
526746,7,SK,96.6%,0.0%,0.0%,1.0%
526754,7,SK,89.4%,0.0%,0.1%,0.7%
526762,7,SK,87.3%,0.1%,1.6%,9.9%
526771,7,SK,51.6%,0.0%,5.2%,31.7%
526789,7,SK,64.2%,0.0%,1.5%,32.2%
526797,7,SK,98.6%,0.1%,0.2%,0.6%
526801,7,SK,96.8%,0.0%,0.0%,3.2%
526819,7,SK,88.3%,0.0%,1.8%,8.5%
526827,7,SK,98.1%,0.0%,0.0%,0.0%
526835,7,SK,80.9%,1.1%,3.2%,9.6%
526843,7,SK,98.8%,0.0%,0.0%,0.0%
526851,7,SK,72.5%,0.0%,0.0%,23.9%
526860,7,SK,95.1%,0.0%,2.2%,0.0%
526878,7,SK,90.4%,0.0%,2.4%,1.9%
526886,7,SK,88.4%,0.0%,0.0%,10.3%
526894,7,SK,75.0%,0.0%,0.0%,23.2%
526908,7,SK,93.9%,0.0%,0.2%,0.2%
526916,7,SK,98.9%,0.0%,0.0%,0.0%
526924,7,SK,96.6%,0.0%,0.6%,1.0%
526932,7,SK,53.8%,0.0%,0.0%,46.2%
526941,7,SK,87.5%,0.2%,0.0%,8.3%
526959,7,SK,96.4%,0.0%,0.0%,0.3%
526967,7,SK,96.4%,0.0%,0.0%,1.0%
526975,7,SK,91.1%,0.1%,1.5%,0.4%
526983,7,SK,95.9%,0.0%,1.4%,1.8%
526991,7,SK,60.0%,0.0%,0.0%,35.0%
527009,7,SK,75.0%,0.0%,0.0%,19.2%
527017,7,SK,74.3%,0.0%,0.0%,24.1%
527025,7,SK,90.5%,0.0%,0.0%,8.2%
527033,7,SK,79.0%,0.0%,0.0%,18.6%
527041,7,SK,42.8%,0.0%,39.1%,12.9%
527050,7,SK,67.4%,0.3%,0.0%,29.4%
527068,7,SK,96.6%,0.2%,0.0%,0.0%
527076,7,SK,83.2%,0.0%,0.0%,15.8%
527084,7,SK,91.3%,0.0%,0.0%,6.0%
527092,7,SK,97.2%,0.2%,0.4%,0.1%
527106,7,SK,77.5%,0.1%,0.6%,13.6%
527114,7,SK,93.6%,0.0%,0.0%,1.1%
527122,7,SK,95.8%,0.0%,0.0%,4.2%
527131,7,SK,48.0%,0.5%,7.8%,42.2%
527149,7,SK,73.3%,0.0%,5.0%,15.0%
527157,7,SK,97.3%,0.1%,0.0%,0.9%
527165,7,SK,89.0%,0.0%,0.0%,11.0%
527173,7,SK,73.1%,0.0%,4.2%,17.5%
527181,7,SK,86.6%,0.0%,1.1%,10.0%
527190,7,SK,81.0%,0.0%,0.0%,19.0%
527203,7,SK,91.6%,0.0%,1.9%,3.3%
527211,7,SK,84.5%,0.0%,1.5%,11.5%
527220,7,SK,70.3%,0.0%,0.0%,23.0%
527238,7,XR,39.6%,0.0%,52.7%,4.4%
527246,7,SK,69.6%,0.0%,0.0%,23.9%
527254,7,SK,61.5%,0.5%,5.0%,28.5%
527262,7,SK,97.6%,0.0%,0.2%,1.2%
527271,7,SK,87.7%,0.0%,0.0%,11.6%
527289,7,SK,82.0%,0.0%,0.0%,13.2%
527297,7,SK,75.3%,0.0%,0.5%,20.7%
527301,7,SK,80.0%,0.0%,0.0%,13.3%
527319,7,SK,84.8%,0.0%,0.0%,11.6%
527327,7,SK,74.4%,0.0%,4.0%,15.9%
527335,7,SK,93.2%,0.0%,0.0%,4.0%
527343,7,XU,45.0%,0.0%,0.0%,52.5%
527351,7,SK,67.9%,0.0%,0.0%,25.0%
527360,7,SK,77.1%,0.0%,10.9%,8.2%
527378,7,SK,78.0%,0.0%,3.5%,10.6%
527386,7,SK,49.7%,0.0%,30.5%,18.1%
527394,7,SK,84.2%,0.0%,0.0%,14.5%
527408,7,SK,86.8%,0.0%,0.0%,9.2%
527416,7,SK,77.1%,2.1%,0.0%,20.8%
527424,7,SK,82.7%,0.0%,6.5%,6.8%
527432,7,SK,85.4%,0.0%,3.8%,5.7%
527441,7,XU,45.7%,0.0%,0.0%,54.3%
527459,7,SK,59.5%,0.0%,0.0%,36.7%
527467,7,SK,68.8%,0.0%,0.0%,31.3%
527475,7,SK,92.0%,0.0%,0.0%,1.3%
527483,7,SK,58.4%,0.0%,18.3%,21.3%
527491,7,SK,67.6%,0.0%,5.2%,22.0%
527505,7,SK,85.0%,0.1%,5.2%,7.8%
527513,7,SK,93.6%,0.0%,0.0%,3.8%
527521,7,SK,77.1%,0.0%,0.0%,17.4%
527530,7,SK,56.5%,0.0%,0.0%,40.0%
527548,7,SK,93.2%,0.0%,0.0%,6.8%
527556,7,SK,52.3%,0.0%,0.0%,40.9%
527564,7,SK,96.0%,0.4%,0.0%,2.7%
527572,7,SK,33.6%,1.4%,19.9%,31.5%
527581,7,SK,97.9%,0.0%,0.0%,0.6%
527599,7,SK,62.5%,0.0%,0.0%,35.7%
527602,7,SK,84.2%,0.0%,1.9%,11.6%
527611,7,SK,97.5%,0.0%,0.0%,1.2%
527629,7,SK,62.5%,0.0%,0.0%,35.6%
527637,7,SK,96.2%,0.0%,0.0%,1.7%
527645,7,SK,73.5%,1.2%,0.0%,16.9%
527653,7,SK,80.3%,0.0%,3.9%,11.2%
527661,7,SK,78.1%,0.0%,4.4%,13.3%
527670,7,SK,75.7%,0.0%,0.0%,18.0%
527688,7,SK,93.9%,0.0%,0.0%,3.0%
527696,7,SK,92.3%,0.0%,0.3%,1.2%
527700,7,SK,80.1%,0.0%,0.0%,15.7%
527718,7,SK,87.1%,0.0%,0.0%,12.9%
527726,7,SK,88.6%,0.0%,0.0%,5.7%
527734,7,SK,100.0%,0.0%,0.0%,0.0%
527742,7,SK,58.9%,0.0%,0.0%,39.3%
527751,7,SK,92.7%,0.0%,0.9%,0.2%
527769,7,SK,72.8%,0.0%,0.0%,25.7%
527777,7,SK,67.4%,0.0%,10.9%,18.4%
527785,7,SK,46.3%,0.0%,37.4%,14.7%
527793,7,SK,85.0%,0.0%,0.0%,12.1%
527807,7,SK,88.9%,0.0%,0.0%,9.0%
527815,7,SK,88.6%,0.0%,0.0%,11.4%
527823,7,SK,74.5%,0.4%,0.4%,18.3%
527831,7,SK,85.2%,0.0%,10.2%,2.0%
527840,7,SK,84.8%,0.1%,2.7%,2.2%
527858,7,SK,82.4%,0.7%,0.7%,14.8%
527866,7,SK,97.1%,0.0%,0.0%,1.6%
527874,7,SK,88.2%,0.0%,0.0%,5.9%
527882,7,SK,82.6%,0.0%,0.0%,12.1%
527891,7,SK,90.0%,0.0%,0.0%,7.8%
527904,7,SK,91.4%,0.0%,0.0%,6.7%
527912,7,SK,96.7%,0.0%,0.0%,1.5%
527921,7,SK,94.4%,0.0%,0.0%,5.6%
527939,7,SK,97.1%,0.0%,0.0%,0.3%
527947,7,SK,63.8%,0.0%,0.0%,35.3%
527955,7,SK,89.6%,0.5%,0.0%,7.5%
527963,7,SK,67.5%,0.0%,0.0%,20.0%
527971,7,SK,72.5%,0.0%,0.0%,18.8%
527980,7,SK,83.5%,0.0%,4.8%,6.5%
527998,7,SK,93.0%,0.0%,0.0%,4.5%
528005,7,SK,80.0%,0.0%,0.0%,12.3%
528013,7,SK,78.6%,0.0%,0.0%,15.3%
528021,7,SK,68.9%,0.0%,6.8%,22.0%
528030,7,SK,67.7%,0.0%,0.0%,27.0%
528048,7,SK,89.5%,0.0%,0.9%,2.7%
528056,7,SK,58.5%,0.0%,0.0%,38.5%
528064,7,SK,83.8%,0.0%,0.0%,15.0%
528072,7,SK,68.2%,0.0%,7.2%,21.6%
528081,7,SK,65.7%,0.0%,8.6%,21.3%
528099,8,SK,76.8%,0.9%,8.4%,0.2%
528102,8,HU,14.2%,78.0%,0.0%,0.2%
528111,8,SK,95.6%,0.1%,1.1%,0.4%
528129,8,HU,45.4%,51.8%,0.0%,0.0%
528137,8,HU,17.5%,76.7%,0.8%,0.0%
528145,8,HU,26.9%,68.0%,1.3%,0.0%
528153,8,HU,22.0%,74.8%,0.0%,0.2%
528161,8,HU,23.2%,70.3%,0.3%,0.0%
528170,8,SK,59.9%,37.8%,0.0%,0.0%
528188,8,HU,14.2%,66.3%,9.6%,0.0%
528200,8,SK,76.7%,20.9%,0.2%,0.0%
528218,8,SK,96.8%,0.2%,0.8%,0.0%
528226,8,SK,98.0%,0.0%,0.0%,0.0%
528234,8,SK,96.6%,0.6%,0.0%,0.3%
528242,8,SK,89.6%,0.7%,1.6%,0.0%
528251,8,SK,89.1%,0.7%,2.4%,0.4%
528269,8,HU,39.4%,59.6%,0.0%,0.0%
528277,8,HU,9.4%,69.8%,18.1%,0.0%
528285,8,HU,17.3%,72.1%,2.0%,0.0%
528293,8,HU,37.7%,51.4%,0.3%,0.1%
528307,8,SK,89.3%,8.3%,0.0%,0.0%
528315,8,SK,97.7%,0.0%,0.0%,0.5%
528323,8,HU,27.9%,66.6%,2.5%,0.2%
528331,8,HU,29.2%,54.9%,10.2%,0.1%
528340,8,SK,97.2%,0.2%,0.0%,0.2%
528358,8,SK,94.8%,0.0%,0.2%,0.0%
528366,8,SK,91.0%,0.8%,1.0%,0.0%
528374,8,SK,91.7%,0.0%,1.5%,0.0%
528382,8,SK,98.1%,0.0%,0.0%,0.0%
528391,8,HU,23.1%,71.4%,0.0%,0.0%
528404,8,HU,9.4%,77.8%,5.8%,0.1%
528412,8,SK,97.0%,0.3%,0.0%,0.0%
528421,8,SK,96.3%,0.2%,0.0%,0.0%
528439,8,SK,96.2%,0.0%,0.0%,0.0%
528447,8,HU,23.6%,72.1%,1.3%,0.1%
528455,8,SK,96.2%,0.0%,0.0%,0.0%
528463,8,HU,18.1%,78.9%,0.3%,0.1%
528471,8,SK,92.8%,0.4%,0.6%,0.0%
528480,8,SK,94.6%,0.5%,3.1%,0.0%
528498,8,HU,25.4%,70.7%,0.3%,0.3%
528501,8,SK,93.4%,0.2%,1.8%,0.1%
528510,8,HU,19.9%,75.5%,0.7%,0.0%
528528,8,SK,94.8%,0.6%,0.0%,0.0%
528536,8,SK,98.5%,0.4%,0.0%,0.0%
528544,8,HU,13.1%,80.4%,0.4%,0.2%
528552,8,HU,6.9%,90.6%,0.0%,0.1%
528561,8,HU,9.6%,84.2%,0.0%,0.0%
528579,8,HU,17.2%,73.3%,1.4%,0.0%
528587,8,SK,89.7%,1.1%,2.9%,0.0%
528609,8,SK,92.0%,0.3%,1.9%,0.0%
528617,8,SK,95.7%,0.4%,1.1%,0.5%
528625,8,SK,96.6%,0.1%,0.1%,0.3%
528633,8,HU,37.6%,54.2%,1.9%,0.0%
528641,8,SK,95.9%,0.1%,0.9%,0.1%
528650,8,HU,11.6%,86.1%,0.0%,0.0%
528668,8,HU,20.8%,74.1%,3.2%,0.2%
528676,8,SK,79.2%,0.1%,14.7%,0.1%
528684,8,HU,23.3%,72.6%,0.0%,0.1%
528692,8,HU,8.5%,89.2%,0.0%,0.0%
528706,8,HU,26.3%,65.7%,1.8%,1.6%
528714,8,HU,11.8%,66.7%,18.7%,0.0%
528722,8,SK,87.3%,0.1%,6.7%,0.2%
528731,7,SK,98.3%,0.0%,0.0%,0.0%
528749,7,SK,91.1%,0.0%,0.0%,0.0%
528757,7,SK,72.1%,0.0%,24.0%,0.2%
528765,7,SK,98.0%,0.0%,0.0%,0.3%
528773,7,SK,92.9%,0.0%,0.7%,0.1%
528781,7,SK,96.6%,0.2%,0.0%,0.2%
528790,7,SK,98.8%,0.0%,0.8%,0.0%
528803,7,SK,98.9%,0.0%,0.0%,0.2%
528811,7,SK,92.1%,0.4%,3.8%,0.4%
528820,7,SK,92.7%,0.0%,0.0%,0.2%
528838,7,SK,98.0%,0.0%,0.0%,0.7%
528846,7,SK,96.7%,0.0%,1.6%,0.2%
528854,7,SK,98.3%,0.0%,0.0%,1.0%
528862,7,SK,96.7%,0.0%,0.0%,0.0%
528871,7,SK,97.7%,0.0%,0.0%,0.0%
528889,7,SK,97.1%,0.0%,0.0%,0.0%
528897,7,SK,97.7%,0.3%,0.0%,0.0%
528901,7,SK,88.3%,0.1%,1.9%,0.2%
528919,7,SK,94.6%,0.1%,0.2%,0.1%
528927,7,SK,96.1%,0.0%,0.0%,1.3%
528935,7,SK,97.6%,0.0%,0.0%,0.6%
528943,7,SK,93.4%,0.1%,2.2%,0.0%
528951,7,SK,94.4%,0.0%,0.0%,2.1%
528960,7,SK,94.6%,0.1%,1.6%,0.0%
528978,7,SK,99.3%,0.0%,0.0%,0.0%
528986,7,SK,100.0%,0.0%,0.0%,0.0%
528994,7,SK,87.2%,0.0%,0.0%,10.3%
529001,7,SK,58.4%,0.0%,38.4%,0.0%
529010,7,XU,46.3%,0.0%,0.0%,51.2%
529028,7,SK,92.9%,0.0%,5.2%,0.0%
529036,7,SK,95.4%,0.5%,0.0%,0.0%
529044,7,SK,93.3%,1.2%,0.6%,0.6%
529052,7,SK,99.3%,0.0%,0.0%,0.0%
529061,7,SK,63.6%,0.0%,0.0%,34.1%
529079,7,SK,89.4%,0.0%,8.2%,0.0%
529087,7,SK,82.4%,0.0%,0.9%,12.0%
529095,7,SK,50.0%,0.0%,0.0%,48.1%
529109,7,SK,93.0%,0.0%,0.0%,5.8%
529117,7,SK,98.4%,0.0%,0.0%,0.0%
529125,7,SK,60.5%,0.0%,32.9%,0.0%
529133,7,SK,96.4%,0.2%,1.0%,0.0%
529141,7,SK,97.2%,0.0%,0.7%,0.1%
529150,7,SK,96.5%,0.0%,2.1%,0.3%
529168,7,SK,93.4%,0.0%,0.0%,0.3%
529176,7,SK,82.6%,0.0%,13.7%,0.0%
529184,7,SK,96.3%,0.0%,0.0%,0.0%
529192,7,SK,98.0%,0.1%,0.0%,0.5%
529206,7,SK,98.2%,0.0%,0.0%,0.0%
529214,7,SK,94.5%,0.0%,0.0%,1.8%
529222,7,SK,53.6%,0.1%,44.1%,0.0%
529231,7,SK,97.3%,0.0%,0.0%,0.4%
529249,7,SK,98.8%,0.3%,0.0%,0.6%
529257,7,SK,95.8%,0.0%,2.2%,0.1%
529265,7,SK,63.2%,0.0%,35.5%,0.1%
529273,7,XU,32.3%,0.0%,0.0%,66.2%
529281,7,SK,100.0%,0.0%,0.0%,0.0%
529290,7,SK,96.5%,0.0%,2.9%,0.1%
542652,3,SK,91.4%,0.1%,0.2%,0.1%
542661,4,SK,96.4%,0.5%,0.0%,0.0%
542695,4,SK,93.0%,0.0%,0.0%,0.0%
542709,4,SK,96.0%,0.6%,0.0%,0.0%
542717,4,SK,94.8%,0.2%,0.0%,0.1%
542733,3,SK,96.1%,0.2%,0.0%,0.0%
542741,3,SK,96.6%,0.2%,0.0%,0.0%
542776,3,SK,98.0%,0.0%,0.0%,0.0%
542792,4,SK,97.3%,0.3%,0.3%,0.0%
542806,3,SK,98.2%,0.0%,0.0%,0.0%
542822,3,SK,96.3%,0.0%,0.1%,0.0%
542849,3,SK,93.9%,0.2%,0.0%,0.0%
542857,3,SK,97.6%,0.0%,0.0%,0.0%
542873,3,SK,96.6%,0.0%,0.0%,0.0%
542881,4,SK,96.5%,0.3%,0.0%,0.0%
542890,3,SK,96.5%,0.0%,0.0%,0.0%
542920,3,SK,98.4%,0.0%,0.0%,0.0%
542938,4,SK,95.9%,0.2%,0.1%,0.0%
542954,4,SK,95.1%,0.0%,0.2%,0.0%
542962,3,SK,96.7%,0.0%,0.0%,0.0%
542971,4,SK,96.6%,0.4%,0.0%,0.0%
543004,3,SK,96.7%,0.1%,0.1%,0.0%
543039,4,SK,97.7%,0.3%,0.0%,0.0%
543047,3,SK,97.8%,0.1%,0.1%,0.1%
543055,3,SK,99.2%,0.1%,0.0%,0.0%
543063,4,SK,97.4%,0.2%,0.2%,0.0%
543071,4,SK,94.7%,0.1%,0.0%,0.1%
543080,3,SK,98.6%,0.2%,0.0%,0.0%
543101,4,SK,97.9%,0.2%,0.1%,0.0%
543110,4,SK,94.5%,0.0%,0.0%,0.0%
543136,3,SK,98.8%,0.0%,0.0%,0.0%
543144,8,SK,98.6%,0.0%,0.0%,0.0%
543152,8,SK,90.7%,0.0%,1.3%,0.1%
543161,8,SK,91.9%,0.0%,2.8%,0.1%
543179,7,SK,81.2%,0.1%,5.2%,0.0%
543187,8,SK,94.7%,0.1%,0.4%,0.0%
543195,8,SK,99.3%,0.0%,0.0%,0.0%
543209,8,SK,87.3%,0.0%,9.9%,0.0%
543225,7,SK,98.4%,0.0%,0.0%,0.0%
543233,8,SK,97.5%,0.0%,0.0%,0.0%
543241,8,SK,96.7%,0.0%,1.1%,0.7%
543250,8,SK,93.7%,0.0%,2.2%,0.0%
543268,8,SK,85.8%,0.0%,2.5%,0.1%
543276,7,SK,98.4%,0.0%,0.0%,0.0%
543284,8,SK,94.9%,0.0%,2.6%,0.2%
543292,7,SK,94.1%,0.1%,2.2%,0.3%
543306,8,SK,97.8%,0.0%,0.0%,0.3%
543314,7,SK,94.7%,0.0%,0.0%,0.0%
543322,8,SK,98.3%,0.0%,0.0%,0.1%
543331,8,SK,88.8%,0.1%,5.9%,0.0%
543349,8,SK,98.2%,0.0%,0.0%,0.0%
543357,8,SK,96.1%,0.0%,0.2%,0.0%
543365,8,SK,88.5%,0.1%,1.8%,0.1%
543373,8,SK,95.2%,0.1%,1.4%,0.1%
543381,7,SK,98.8%,0.0%,0.0%,0.0%
543390,7,SK,89.3%,0.0%,0.0%,6.3%
543403,8,SK,98.3%,0.0%,0.0%,0.0%
543411,8,SK,92.8%,0.0%,0.0%,0.4%
543420,7,SK,85.2%,0.0%,0.0%,12.9%
543438,8,SK,97.8%,0.0%,0.0%,0.0%
543446,7,SK,99.4%,0.0%,0.0%,0.6%
543454,7,SK,97.6%,0.0%,0.0%,0.0%
543462,7,SK,98.8%,0.6%,0.0%,0.0%
543471,7,SK,98.4%,0.8%,0.0%,0.0%
543489,8,SK,85.2%,0.0%,2.5%,7.7%
543497,8,SK,95.5%,0.2%,0.8%,0.1%
543501,8,SK,49.8%,0.0%,48.9%,0.0%
543519,8,SK,84.2%,0.1%,8.3%,0.0%
543527,8,SK,99.4%,0.3%,0.0%,0.0%
543535,8,SK,91.6%,0.1%,1.8%,2.7%
543551,8,SK,87.0%,0.0%,3.7%,0.0%
543560,8,SK,89.6%,0.4%,0.6%,0.0%
543578,7,SK,89.8%,0.1%,3.5%,0.4%
543586,8,SK,85.5%,0.0%,5.4%,0.2%
543594,8,SK,92.7%,0.1%,1.1%,0.1%
543608,7,SK,92.8%,0.1%,1.7%,0.3%
543616,8,SK,96.7%,0.1%,0.0%,0.0%
543624,7,SK,92.3%,0.0%,3.3%,0.0%
543632,8,SK,98.4%,0.0%,0.0%,0.0%
543641,7,SK,96.3%,0.0%,0.0%,0.0%
543659,8,SK,83.3%,0.0%,8.8%,0.0%
543667,8,SK,90.8%,0.1%,0.7%,0.1%
543675,7,SK,65.4%,0.0%,0.0%,31.5%
543683,8,SK,69.5%,0.0%,20.6%,0.0%
543691,7,SK,96.8%,1.4%,0.0%,0.5%
543705,8,SK,95.7%,0.1%,0.0%,0.0%
543713,8,SK,88.6%,0.0%,6.9%,0.0%
543721,8,SK,93.4%,0.2%,1.9%,0.0%
543730,8,SK,78.1%,16.9%,0.4%,0.0%
543748,8,SK,97.7%,0.1%,0.0%,0.0%
543756,8,SK,78.0%,10.2%,7.8%,0.1%
543764,8,HU,18.2%,79.1%,0.0%,0.0%
543772,8,HU,32.0%,64.9%,0.3%,0.0%
543781,8,SK,96.7%,0.0%,0.0%,0.0%
543799,8,HU,13.3%,81.0%,0.0%,0.2%
543802,8,HU,41.5%,51.7%,0.7%,0.1%
543811,8,HU,13.9%,86.1%,0.0%,0.0%
543829,8,SK,91.9%,0.0%,6.4%,0.0%
543845,8,SK,93.6%,0.4%,0.2%,0.0%
543853,8,HU,32.9%,53.0%,4.4%,0.0%
543861,8,SK,92.3%,0.4%,3.3%,0.1%
543870,8,HU,26.5%,67.2%,0.0%,0.0%
543888,8,HU,9.9%,80.6%,3.4%,0.0%
543896,8,HU,22.6%,72.7%,0.3%,0.1%
543900,8,HU,32.9%,61.9%,1.0%,0.0%
543918,8,HU,17.9%,79.4%,0.7%,0.0%
543926,8,HU,42.6%,53.6%,0.0%,0.0%
543934,8,SK,97.6%,0.4%,0.0%,0.4%
543942,8,HU,25.4%,44.2%,20.5%,0.0%
543951,8,SK,94.4%,0.5%,3.2%,0.0%
543969,8,HU,27.0%,62.2%,8.3%,0.0%
543977,8,HU,23.2%,72.8%,1.2%,0.3%
543985,8,SK,73.7%,0.0%,24.9%,0.3%
543993,8,HU,35.1%,61.8%,0.8%,0.0%
544001,8,SK,90.1%,0.3%,0.0%,0.0%
544019,8,SK,95.3%,0.2%,1.1%,0.1%
544027,8,SK,94.0%,2.9%,0.0%,0.1%
544035,8,SK,95.3%,0.6%,0.3%,0.5%
544043,8,SK,91.9%,0.4%,4.0%,0.0%
544051,7,SK,90.3%,0.1%,0.8%,0.4%
544060,7,SK,96.5%,0.0%,0.0%,0.0%
544078,7,SK,79.5%,0.1%,17.4%,0.2%
544086,7,SK,97.8%,0.0%,0.5%,0.4%
544094,7,SK,95.6%,0.1%,2.4%,0.1%
544108,7,SK,98.7%,0.0%,0.0%,0.0%
544116,7,SK,85.8%,0.0%,11.9%,0.2%
544124,7,SK,90.1%,0.2%,5.7%,0.0%
544132,7,SK,98.5%,0.0%,0.0%,0.1%
544141,7,SK,97.5%,0.0%,0.0%,0.7%
544159,7,SK,98.8%,0.1%,0.0%,0.1%
544167,7,SK,100.0%,0.0%,0.0%,0.0%
544175,7,SK,95.7%,0.0%,0.3%,0.0%
544183,7,SK,87.5%,0.0%,7.8%,0.0%
544191,7,SK,100.0%,0.0%,0.0%,0.0%
544205,7,SK,98.2%,0.0%,0.0%,1.8%
544213,7,SK,89.4%,0.1%,3.4%,0.2%
544221,7,SK,96.9%,0.0%,0.1%,0.4%
544230,7,SK,91.7%,0.1%,6.1%,0.0%
545333,1,SK,86.3%,3.2%,0.1%,0.1%
545350,4,SK,98.0%,0.0%,0.0%,0.0%
545589,4,SK,91.2%,0.2%,0.1%,0.0%
545635,4,SK,94.2%,0.8%,0.0%,0.0%
545651,3,SK,98.2%,0.0%,0.0%,0.0%
545686,3,SK,96.4%,0.2%,0.0%,0.1%
545741,3,SK,96.9%,0.1%,0.0%,0.0%
545961,5,SK,97.1%,0.0%,0.2%,0.0%
546640,3,SK,97.6%,0.2%,0.1%,0.0%
546682,3,SK,97.6%,0.3%,0.0%,0.0%
547522,5,SK,97.8%,0.1%,0.0%,0.0%
547557,5,SK,98.8%,0.2%,0.2%,0.0%
547590,5,SK,98.3%,0.0%,0.0%,0.0%
547611,5,SK,98.2%,0.0%,0.0%,0.0%
547620,5,SK,97.5%,0.0%,0.0%,0.0%
555487,1,SK,94.9%,0.5%,0.0%,0.2%
555495,1,SK,94.6%,0.7%,0.0%,0.0%
555509,1,SK,94.0%,1.1%,0.0%,0.2%
555517,2,SK,78.8%,19.3%,0.0%,0.0%
555541,2,HU,14.0%,83.8%,0.0%,0.0%
555568,2,HU,12.6%,85.2%,0.3%,0.0%
555576,2,HU,11.2%,85.2%,0.5%,0.0%
555606,2,SK,64.1%,25.1%,0.2%,0.2%
555649,2,HU,10.7%,85.1%,0.0%,0.0%
555665,2,HU,13.2%,84.6%,0.1%,0.0%
555673,2,HU,12.4%,78.4%,0.5%,0.0%
555720,2,HU,21.2%,76.3%,0.0%,0.0%
555746,2,HU,19.2%,76.7%,0.0%,0.0%
555754,2,HU,45.6%,52.0%,0.0%,0.0%
555789,2,SK,94.7%,1.3%,0.0%,0.0%
555819,4,HU,9.4%,84.3%,0.0%,0.0%
555827,4,HU,34.0%,64.4%,0.0%,0.0%
555843,4,HU,37.4%,53.3%,2.9%,0.0%
555851,4,SK,97.0%,1.1%,0.0%,0.0%
555860,4,SK,96.1%,1.3%,0.0%,0.1%
555878,4,SK,83.5%,10.1%,0.1%,0.1%
555886,4,SK,66.7%,32.4%,0.0%,0.0%
555908,4,SK,88.9%,8.0%,0.0%,0.0%
555916,4,SK,96.7%,0.5%,0.0%,0.0%
555924,4,SK,96.7%,0.3%,0.3%,0.0%
555932,4,SK,98.2%,0.0%,0.0%,0.0%
555959,4,HU,42.3%,55.1%,0.0%,0.0%
555967,4,SK,84.8%,6.2%,0.0%,0.0%
555991,4,SK,96.3%,0.4%,0.1%,0.1%
556025,4,SK,98.1%,0.9%,0.0%,0.0%
556033,4,HU,8.0%,88.3%,0.0%,0.0%
556050,4,SK,96.8%,0.3%,0.1%,0.0%
556092,4,HU,26.4%,66.6%,0.0%,0.0%
556114,2,SK,95.2%,0.1%,0.0%,0.1%
556122,2,SK,98.2%,0.3%,0.0%,0.0%
556131,2,SK,98.3%,0.0%,0.0%,0.0%
556149,4,SK,92.9%,0.1%,0.1%,0.0%
556157,4,SK,96.6%,0.1%,0.0%,0.1%
556165,4,SK,95.1%,0.0%,0.0%,0.0%
556173,3,SK,98.3%,0.0%,0.0%,0.0%
556190,3,SK,98.2%,0.0%,0.0%,0.0%
556211,4,SK,96.7%,0.3%,0.0%,0.0%
556220,4,SK,96.6%,0.0%,0.0%,0.0%
556238,4,SK,97.3%,0.0%,0.0%,0.0%
556246,3,SK,94.5%,1.0%,0.6%,0.0%
556262,4,SK,95.2%,0.0%,0.0%,0.0%
556271,3,SK,97.1%,0.0%,0.0%,0.7%
556289,3,SK,98.5%,0.0%,0.0%,0.0%
556297,4,SK,94.1%,0.2%,0.0%,0.0%
556327,4,SK,97.3%,0.4%,0.0%,0.0%
556351,4,SK,98.9%,0.0%,0.0%,0.0%
556360,3,SK,95.8%,0.0%,0.0%,0.0%
556408,3,SK,99.1%,0.0%,0.0%,0.0%
556416,3,SK,97.8%,0.0%,0.0%,0.0%
556424,3,SK,94.7%,0.0%,0.0%,0.0%
556441,3,SK,96.6%,0.0%,0.0%,0.0%
556459,3,SK,98.7%,0.0%,0.0%,0.0%
556475,3,SK,95.3%,0.1%,0.0%,0.0%
556483,2,SK,95.4%,0.3%,0.0%,0.1%
556491,2,SK,94.3%,0.2%,0.0%,0.1%
556513,2,SK,93.9%,0.3%,0.1%,0.1%
556521,2,SK,97.0%,0.0%,0.2%,0.0%
556530,2,SK,96.4%,0.1%,0.1%,0.0%
556548,2,SK,96.5%,0.0%,0.0%,0.0%
556556,2,SK,97.1%,0.4%,0.0%,0.2%
556564,2,SK,96.9%,0.4%,0.0%,0.0%
556572,2,SK,88.7%,0.2%,0.0%,0.1%
556581,2,SK,95.4%,0.0%,0.0%,0.0%
556599,2,SK,96.6%,0.5%,0.5%,0.0%
556602,2,SK,97.3%,0.3%,0.0%,0.0%
556611,2,SK,93.9%,0.0%,0.0%,0.0%
556645,2,SK,91.3%,0.0%,0.0%,0.0%
556653,2,SK,97.1%,0.0%,0.0%,0.0%
556661,2,SK,96.8%,0.1%,0.0%,0.5%
556670,2,SK,91.1%,0.7%,0.1%,0.0%
556688,2,SK,98.1%,0.3%,0.0%,0.0%
556696,4,SK,78.7%,13.9%,0.1%,0.0%
556742,3,SK,97.7%,0.4%,0.0%,0.0%
556777,4,SK,91.8%,2.0%,0.0%,0.0%
556785,4,SK,94.3%,0.3%,0.0%,0.0%
556793,3,SK,98.5%,0.0%,0.0%,0.0%
556807,5,SK,98.9%,0.0%,0.0%,0.0%
556823,7,SK,98.4%,0.0%,0.2%,0.0%
557251,6,SK,95.7%,0.0%,0.0%,0.0%
557269,6,SK,96.9%,0.0%,0.0%,0.0%
557277,6,SK,97.2%,0.3%,0.0%,0.0%
557285,6,SK,95.7%,0.1%,0.0%,0.1%
557293,6,SK,93.9%,0.2%,0.5%,0.1%
557307,6,SK,93.2%,2.2%,0.0%,0.0%
557315,6,HU,21.1%,70.6%,0.6%,0.0%
557323,6,SK,94.9%,0.0%,0.0%,0.0%
557331,6,SK,95.1%,0.7%,2.1%,0.0%
557340,6,SK,77.1%,8.2%,1.1%,0.0%
557358,5,SK,93.2%,0.2%,1.3%,0.0%
557391,3,SK,94.2%,0.0%,0.0%,0.0%
557404,3,SK,98.6%,0.0%,0.0%,0.0%
557412,3,SK,99.3%,0.0%,0.0%,0.0%
557421,3,SK,98.7%,0.0%,0.0%,0.0%
557439,3,SK,97.4%,0.0%,0.0%,0.0%
557447,3,SK,97.5%,0.0%,0.0%,0.0%
557471,3,SK,97.0%,0.1%,0.0%,0.2%
557480,3,SK,99.0%,0.0%,0.0%,0.0%
557498,3,SK,98.7%,0.0%,0.0%,0.0%
557501,3,SK,97.9%,0.0%,0.0%,0.0%
557510,3,SK,98.6%,0.2%,0.0%,0.0%
557552,3,SK,98.0%,0.0%,0.0%,0.0%
557561,3,SK,99.3%,0.0%,0.0%,0.0%
557579,3,SK,98.3%,0.0%,0.0%,0.0%
557595,3,SK,99.4%,0.0%,0.0%,0.0%
557609,3,SK,99.3%,0.0%,0.0%,0.0%
557617,3,SK,97.9%,0.0%,0.0%,0.0%
557625,3,SK,97.3%,0.0%,0.0%,0.0%
557633,3,SK,98.2%,0.0%,0.0%,0.0%
557692,3,SK,98.0%,0.0%,0.0%,0.0%
557706,3,SK,99.1%,0.4%,0.0%,0.0%
557714,3,SK,96.8%,0.4%,0.0%,0.0%
557757,6,HU,21.4%,74.3%,3.0%,0.0%
557765,6,HU,18.8%,77.5%,3.7%,0.0%
557790,6,SK,96.4%,2.1%,0.0%,0.0%
557811,6,SK,97.7%,0.0%,0.0%,0.0%
557820,6,SK,94.6%,0.0%,0.0%,0.0%
557854,6,XR,10.6%,28.9%,53.5%,0.0%
557889,6,HU,14.8%,78.4%,0.0%,0.0%
557901,6,HU,9.3%,79.5%,6.2%,0.0%
557919,6,HU,11.8%,83.1%,3.1%,0.0%
557927,6,SK,73.8%,24.1%,1.5%,0.0%
557935,5,SK,95.8%,0.0%,0.2%,0.0%
557960,5,SK,99.0%,0.0%,0.0%,0.0%
557986,5,SK,98.4%,0.0%,0.0%,0.1%
557994,5,SK,98.1%,0.2%,0.0%,0.0%
558087,6,SK,94.6%,0.4%,0.0%,0.0%
558133,6,SK,96.5%,0.2%,0.6%,0.0%
558168,5,SK,96.6%,0.0%,0.0%,0.0%
558192,6,SK,95.7%,1.2%,0.2%,0.0%
558206,6,SK,94.0%,0.0%,0.0%,0.0%
558214,6,SK,95.2%,2.4%,0.0%,0.0%
558222,3,SK,99.3%,0.0%,0.0%,0.0%
558273,6,HU,10.3%,87.2%,0.6%,0.0%
558281,5,SK,94.0%,0.3%,2.7%,0.1%
558320,4,SK,91.8%,0.7%,0.0%,0.0%
558338,2,SK,94.5%,0.2%,0.2%,0.0%
558354,2,SK,97.6%,0.0%,0.0%,0.0%
558397,2,SK,98.3%,0.0%,0.0%,0.0%
559547,7,SK,97.8%,0.0%,0.0%,1.3%
559598,7,SK,96.6%,0.3%,0.0%,0.9%
559610,7,XU,36.0%,0.0%,8.1%,54.0%
559636,7,SK,98.0%,0.0%,0.0%,0.0%
559644,7,SK,99.2%,0.0%,0.0%,0.0%
559652,7,SK,76.9%,0.0%,0.0%,15.4%
559687,8,SK,86.2%,10.3%,0.5%,0.1%
559784,8,SK,48.5%,32.7%,3.4%,0.0%
559831,8,SK,95.6%,0.0%,0.0%,0.0%
559865,8,SK,90.2%,0.1%,3.3%,0.0%
559873,8,HU,39.8%,57.6%,0.2%,0.2%
559881,8,HU,14.8%,83.9%,0.0%,0.0%
559890,7,SK,91.2%,0.4%,1.0%,0.0%
559938,7,SK,95.7%,0.0%,0.0%,0.0%
559971,7,SK,99.2%,0.0%,0.0%,0.0%
559989,7,SK,96.1%,0.5%,0.0%,0.0%
560022,8,SK,64.6%,26.9%,3.0%,0.1%
560031,8,SK,61.6%,32.1%,0.3%,0.0%
560049,8,HU,21.3%,47.9%,25.6%,0.1%
560065,8,HU,24.7%,74.6%,0.0%,0.0%
560073,7,SK,95.4%,0.0%,0.5%,1.5%
560103,7,SK,89.3%,0.4%,0.1%,0.2%
560154,8,SK,88.6%,0.0%,1.9%,0.1%
580236,6,SK,96.8%,0.5%,0.5%,0.2%
580244,6,SK,96.3%,0.4%,0.0%,0.0%
580252,8,SK,75.0%,23.0%,0.0%,0.0%
580287,5,SK,92.2%,0.2%,0.2%,0.0%
580309,6,SK,82.2%,13.8%,0.4%,0.0%
580317,6,SK,96.0%,0.0%,0.0%,0.0%
580368,7,SK,95.5%,0.0%,0.0%,0.0%
580384,6,SK,88.9%,0.6%,0.6%,0.0%
580449,3,SK,96.1%,0.1%,0.0%,0.0%
580457,4,SK,94.2%,0.1%,0.1%,0.1%
580473,2,SK,91.3%,0.4%,0.0%,0.2%
580520,6,SK,96.0%,0.1%,0.1%,0.0%
580546,6,SK,97.8%,0.4%,0.0%,0.0%
580554,2,HU,19.0%,76.7%,0.0%,0.0%
580597,2,HU,32.5%,63.6%,0.0%,0.0%
580601,7,SK,98.9%,0.0%,0.0%,0.4%
580791,5,SK,97.4%,0.1%,0.1%,0.0%
580813,5,SK,98.4%,0.0%,0.0%,0.0%
580856,3,SK,99.3%,0.0%,0.0%,0.0%
580864,3,SK,99.2%,0.0%,0.0%,0.0%
580899,4,SK,95.4%,0.2%,0.2%,0.2%
580911,4,HU,9.3%,84.6%,0.8%,0.0%
580937,4,SK,94.6%,0.7%,0.0%,0.0%
580953,3,SK,98.1%,0.3%,0.0%,0.0%
581020,2,SK,94.6%,0.1%,0.0%,0.0%
581097,4,SK,98.7%,0.0%,0.0%,0.0%
581135,4,SK,84.8%,3.4%,0.0%,0.0%
581160,4,SK,98.2%,0.6%,0.1%,0.0%
581241,7,SK,91.0%,0.0%,6.2%,0.1%
581305,4,SK,97.0%,0.1%,0.0%,0.0%
581348,3,SK,97.0%,0.0%,0.0%,0.0%
581399,2,SK,91.4%,0.5%,0.1%,0.0%
581488,2,SK,98.6%,0.3%,0.0%,0.3%
581585,6,SK,94.9%,0.0%,0.1%,0.0%
581607,6,SK,97.8%,0.0%,0.8%,0.0%
581623,4,SK,77.3%,16.5%,0.0%,0.0%
581640,7,SK,97.8%,0.0%,0.0%,1.1%
581658,4,SK,95.9%,0.1%,0.0%,0.0%
581674,7,SK,94.1%,0.2%,1.4%,0.3%
581691,4,SK,91.3%,1.9%,0.3%,0.0%
581704,4,SK,93.2%,0.1%,0.0%,0.0%
581712,5,SK,97.6%,0.0%,0.3%,0.0%
581747,6,SK,95.0%,0.4%,0.1%,0.0%
581895,4,SK,51.5%,46.7%,0.0%,0.0%
581984,5,SK,99.1%,0.1%,0.0%,0.0%
582000,1,SK,85.2%,2.4%,0.0%,0.2%
582051,6,SK,89.5%,0.2%,0.9%,0.0%
582093,8,SK,89.5%,0.8%,0.6%,0.0%
582140,7,SK,94.6%,0.1%,0.0%,2.5%
582301,3,SK,99.1%,0.3%,0.0%,0.0%
582361,4,HU,17.1%,72.0%,0.3%,0.0%
582387,4,SK,98.6%,0.1%,0.0%,0.0%
582425,4,SK,94.3%,0.3%,0.1%,0.0%
582514,8,SK,94.9%,0.2%,0.0%,0.1%
582522,2,HU,22.1%,66.8%,0.0%,0.4%
582549,1,SK,87.0%,4.3%,0.0%,0.0%
582638,2,SK,55.8%,41.6%,0.0%,0.0%
582697,4,SK,94.4%,1.8%,0.0%,0.0%
582719,4,SK,81.1%,14.2%,0.0%,0.1%
582816,4,SK,92.4%,0.2%,0.0%,0.0%
599310,8,HU,21.4%,69.9%,5.8%,0.0%
599328,6,SK,97.1%,0.1%,0.3%,0.0%
599336,6,SK,97.4%,0.0%,0.0%,0.1%
599981,8,SK,83.7%,2.5%,1.8%,0.5%
