obec_code,víťaz,Korčok,Pellegrini
500011,Korčok,51.86,48.14
500020,Pellegrini,27.31,72.69
500046,Pellegrini,33.49,66.51
500062,Pellegrini,34.51,65.49
500071,Pellegrini,49.15,50.85
500101,Pellegrini,38.59,61.41
500127,Pellegrini,40.31,59.69
500135,Pellegrini,35.04,64.96
500151,Pellegrini,34.5,65.5
500160,Pellegrini,31.99,68.01
500194,Korčok,57.59,42.41
500232,Pellegrini,40.2,59.8
500241,Pellegrini,38.48,61.52
500267,Pellegrini,21.52,78.48
500283,Pellegrini,34.07,65.93
500305,Pellegrini,29.07,70.93
500313,Pellegrini,39.81,60.19
500321,Pellegrini,25.49,74.51
500348,Pellegrini,31.86,68.14
500356,Pellegrini,44.81,55.19
500364,Pellegrini,34.07,65.93
500372,Pellegrini,48.8,51.2
500381,Pellegrini,43.94,56.06
500399,Pellegrini,26.96,73.04
500402,Pellegrini,48.9,51.1
500411,Korčok,56.58,43.42
500429,Pellegrini,37.38,62.62
500437,Pellegrini,43.95,56.05
500453,Pellegrini,36.4,63.6
500461,Pellegrini,27.4,72.6
500470,Pellegrini,28.18,71.82
500488,Pellegrini,40.59,59.41
500500,Pellegrini,36.77,63.23
500518,Pellegrini,33.7,66.3
500534,Pellegrini,29.75,70.25
500542,Pellegrini,39.26,60.74
500551,Pellegrini,34.48,65.52
500569,Pellegrini,37.06,62.94
500577,Pellegrini,34.05,65.95
500585,Pellegrini,29.72,70.28
500593,Pellegrini,28.68,71.32
500607,Pellegrini,38.95,61.05
500631,Pellegrini,33.03,66.97
500640,Pellegrini,32.8,67.2
500658,Pellegrini,33.37,66.63
500666,Pellegrini,44.02,55.98
500674,Pellegrini,42.83,57.17
500682,Pellegrini,39.93,60.07
500691,Pellegrini,35.08,64.92
500704,Pellegrini,36.53,63.47
500712,Pellegrini,30.42,69.58
500721,Pellegrini,23.02,76.98
500739,Pellegrini,40.44,59.56
500747,Pellegrini,33.47,66.53
500755,Pellegrini,32.79,67.21
500780,Pellegrini,34.84,65.16
500798,Pellegrini,34.1,65.9
500810,Pellegrini,34.56,65.44
500828,Pellegrini,41.86,58.14
500836,Pellegrini,31.04,68.96
500844,Pellegrini,30.49,69.51
500887,Pellegrini,43.41,56.59
500895,Korčok,51.03,48.97
500909,Pellegrini,30.83,69.17
500917,Pellegrini,33.92,66.08
500925,Pellegrini,34.07,65.93
500933,Pellegrini,41.0,59.0
500941,Pellegrini,47.25,52.75
500950,Pellegrini,36.28,63.72
500968,Pellegrini,38.96,61.04
500976,Pellegrini,15.67,84.33
500984,Pellegrini,28.96,71.04
500992,Pellegrini,48.6,51.4
501018,Pellegrini,28.32,71.68
501026,Pellegrini,44.41,55.59
501034,Pellegrini,47.13,52.87
501042,Pellegrini,20.75,79.25
501069,Pellegrini,18.25,81.75
501077,Pellegrini,17.17,82.83
501085,Pellegrini,26.55,73.45
501093,Pellegrini,20.67,79.33
501107,Pellegrini,26.17,73.83
501115,Pellegrini,29.34,70.66
501123,Pellegrini,33.23,66.77
501140,Pellegrini,42.96,57.04
501158,Pellegrini,23.43,76.57
501166,Pellegrini,49.94,50.06
501174,Pellegrini,31.41,68.59
501182,Pellegrini,28.31,71.69
501191,Pellegrini,18.25,81.75
501204,Pellegrini,31.62,68.38
501212,Pellegrini,28.27,71.73
501221,Korčok,60.2,39.8
501239,Pellegrini,25.24,74.76
501247,Pellegrini,19.15,80.85
501255,Pellegrini,22.36,77.64
501263,Pellegrini,18.26,81.74
501271,Pellegrini,10.64,89.36
501280,Pellegrini,46.41,53.59
501301,Pellegrini,21.33,78.67
501310,Pellegrini,25.22,74.78
501328,Pellegrini,35.4,64.6
501336,Pellegrini,32.7,67.3
501344,Pellegrini,25.0,75.0
501352,Pellegrini,34.44,65.56
501361,Pellegrini,26.09,73.91
501379,Pellegrini,19.5,80.5
501387,Pellegrini,31.12,68.88
501395,Pellegrini,19.51,80.49
501409,Pellegrini,26.52,73.48
501417,Pellegrini,34.98,65.02
501425,Pellegrini,20.1,79.9
501433,Pellegrini,48.47,51.53
501441,Pellegrini,46.83,53.17
501450,Pellegrini,36.59,63.41
501468,Pellegrini,23.6,76.4
501484,Pellegrini,47.52,52.48
501492,Korčok,50.67,49.33
501506,Pellegrini,38.52,61.48
501514,Korčok,59.44,40.56
501522,Pellegrini,35.03,64.97
501531,Pellegrini,34.7,65.3
501549,Korčok,53.21,46.79
501557,Pellegrini,37.8,62.2
501573,Pellegrini,35.74,64.26
501581,Pellegrini,36.59,63.41
501590,Pellegrini,44.3,55.7
501603,Pellegrini,41.01,58.99
501611,Pellegrini,29.51,70.49
501620,Korčok,56.25,43.75
501638,Korčok,68.21,31.79
501654,Korčok,50.65,49.35
501662,Korčok,53.95,46.05
501671,Pellegrini,36.63,63.37
501689,Pellegrini,23.02,76.98
501697,Pellegrini,31.83,68.17
501701,Pellegrini,41.06,58.94
501719,Pellegrini,43.36,56.64
501727,Korčok,69.45,30.55
501735,Pellegrini,47.11,52.89
501743,Pellegrini,38.24,61.76
501760,Pellegrini,24.86,75.14
501778,Korčok,54.82,45.18
501786,Pellegrini,41.28,58.72
501808,Pellegrini,48.55,51.45
501816,Pellegrini,35.43,64.57
501824,Pellegrini,42.35,57.65
501832,Korčok,55.76,44.24
501859,Pellegrini,48.09,51.91
501867,Pellegrini,28.36,71.64
501875,Pellegrini,25.0,75.0
501883,Pellegrini,19.55,80.45
501891,Pellegrini,49.45,50.55
501905,Korčok,57.85,42.15
501913,Korčok,50.53,49.47
501921,Pellegrini,29.07,70.93
501930,Pellegrini,32.3,67.7
501956,Pellegrini,39.91,60.09
501964,Pellegrini,42.92,57.08
501972,Korčok,55.68,44.32
501981,Pellegrini,36.67,63.33
501999,Korčok,54.78,45.22
502006,Pellegrini,34.25,65.75
502014,Pellegrini,41.17,58.83
502022,Pellegrini,38.15,61.85
502031,Korčok,52.25,47.75
502049,Pellegrini,32.26,67.74
502057,Pellegrini,31.1,68.9
502065,Pellegrini,30.89,69.11
502073,Pellegrini,20.48,79.52
502090,Pellegrini,29.38,70.62
502103,Pellegrini,33.52,66.48
502111,Pellegrini,44.4,55.6
502120,Pellegrini,24.51,75.49
502154,Pellegrini,47.47,52.53
502162,Pellegrini,37.65,62.35
502171,Pellegrini,40.82,59.18
502189,Pellegrini,14.69,85.31
502197,Pellegrini,37.12,62.88
502201,Pellegrini,40.97,59.03
502219,Pellegrini,34.98,65.02
502227,Pellegrini,24.0,76.0
502243,Pellegrini,33.96,66.04
502251,Pellegrini,37.66,62.34
502260,Korčok,57.18,42.82
502278,Pellegrini,36.75,63.25
502286,Pellegrini,37.27,62.73
502294,Pellegrini,40.34,59.66
502324,Pellegrini,29.25,70.75
502332,Pellegrini,48.2,51.8
502341,Pellegrini,47.47,52.53
502359,Pellegrini,33.59,66.41
502367,Pellegrini,32.43,67.57
502375,Pellegrini,33.62,66.38
502383,Pellegrini,37.66,62.34
502391,Pellegrini,36.28,63.72
502413,Pellegrini,47.89,52.11
502421,Pellegrini,37.13,62.87
502430,Pellegrini,45.25,54.75
502448,Pellegrini,33.33,66.67
502456,Pellegrini,30.81,69.19
502464,Pellegrini,26.43,73.57
502472,Pellegrini,18.1,81.9
502481,Pellegrini,30.3,69.7
502499,Pellegrini,28.68,71.32
502502,Pellegrini,14.85,85.15
502511,Pellegrini,30.0,70.0
502537,Pellegrini,16.13,83.87
502570,Pellegrini,38.9,61.1
502588,Pellegrini,41.66,58.34
502596,Pellegrini,43.32,56.68
502600,Pellegrini,23.92,76.08
502618,Pellegrini,44.34,55.66
502626,Pellegrini,29.38,70.62
502634,Pellegrini,49.02,50.98
502642,Pellegrini,33.4,66.6
502651,Pellegrini,26.4,73.6
502669,Pellegrini,42.95,57.05
502677,Pellegrini,25.25,74.75
502693,Pellegrini,32.97,67.03
502707,Pellegrini,37.3,62.7
502715,Pellegrini,39.29,60.71
502723,Pellegrini,41.84,58.16
502731,Pellegrini,34.59,65.41
502740,Pellegrini,31.94,68.06
502758,Korčok,56.63,43.37
502766,Pellegrini,48.21,51.79
502782,Pellegrini,39.32,60.68
502791,Pellegrini,9.38,90.62
502804,Pellegrini,35.86,64.14
502812,Pellegrini,33.01,66.99
502821,Pellegrini,38.35,61.65
502847,Pellegrini,28.1,71.9
502863,Pellegrini,39.34,60.66
502871,Pellegrini,38.57,61.43
502880,Pellegrini,16.67,83.33
502898,Pellegrini,26.13,73.87
502910,Pellegrini,26.97,73.03
502928,Pellegrini,34.43,65.57
502936,Pellegrini,40.66,59.34
502944,Pellegrini,23.96,76.04
502952,Pellegrini,36.49,63.51
502961,Pellegrini,34.43,65.57
502979,Pellegrini,41.71,58.29
502987,Pellegrini,45.09,54.91
502995,Pellegrini,37.66,62.34
503002,Pellegrini,16.92,83.08
503011,Korčok,53.52,46.48
503029,Korčok,52.41,47.59
503037,Pellegrini,14.88,85.12
503045,Pellegrini,39.01,60.99
503053,Pellegrini,38.26,61.74
503061,Pellegrini,20.14,79.86
503070,Korčok,51.17,48.83
503088,Pellegrini,20.38,79.62
503096,Pellegrini,46.34,53.66
503100,Pellegrini,24.2,75.8
503118,Pellegrini,29.14,70.86
503126,Pellegrini,30.4,69.6
503134,Pellegrini,27.4,72.6
503151,Pellegrini,31.37,68.63
503169,Pellegrini,44.29,55.71
503177,Pellegrini,48.58,51.42
503185,Pellegrini,28.87,71.13
503193,Pellegrini,29.99,70.01
503207,Pellegrini,21.9,78.1
503215,Pellegrini,39.36,60.64
503223,Pellegrini,34.07,65.93
503231,Pellegrini,29.78,70.22
503240,Pellegrini,18.35,81.65
503258,Pellegrini,24.44,75.56
503266,Pellegrini,37.28,62.72
503274,Pellegrini,29.4,70.6
503282,Pellegrini,34.28,65.72
503291,Pellegrini,39.21,60.79
503312,Pellegrini,18.95,81.05
503321,Pellegrini,28.89,71.11
503339,Pellegrini,29.13,70.87
503347,Pellegrini,15.62,84.38
503355,Pellegrini,33.73,66.27
503363,Pellegrini,27.33,72.67
503371,Pellegrini,26.9,73.1
503380,Korčok,52.7,47.3
503398,Pellegrini,28.18,71.82
503401,Pellegrini,34.93,65.07
503436,Pellegrini,23.68,76.32
503452,Pellegrini,32.69,67.31
503461,Pellegrini,48.46,51.54
503479,Pellegrini,34.29,65.71
503487,Pellegrini,43.03,56.97
503495,Pellegrini,36.12,63.88
503509,Pellegrini,29.32,70.68
503517,Pellegrini,22.0,78.0
503525,Pellegrini,14.02,85.98
503533,Pellegrini,20.68,79.32
503541,Pellegrini,15.57,84.43
503550,Pellegrini,36.92,63.08
503568,Pellegrini,34.78,65.22
503576,Pellegrini,20.69,79.31
503584,Pellegrini,40.25,59.75
503592,Pellegrini,33.25,66.75
503606,Pellegrini,36.31,63.69
503614,Pellegrini,44.73,55.27
503631,Pellegrini,35.43,64.57
503649,Pellegrini,26.78,73.22
503665,Korčok,52.87,47.13
503673,Pellegrini,39.65,60.35
503681,Korčok,66.67,33.33
503690,Pellegrini,28.4,71.6
503703,Pellegrini,38.05,61.95
503711,Pellegrini,44.13,55.87
503720,Korčok,58.89,41.11
503746,Pellegrini,45.2,54.8
503754,Pellegrini,36.54,63.46
503762,Pellegrini,47.66,52.34
503771,Pellegrini,41.35,58.65
503789,Pellegrini,40.15,59.85
503797,Korčok,68.56,31.44
503801,Korčok,63.07,36.93
503819,Korčok,62.78,37.22
503827,Korčok,57.3,42.7
503835,Pellegrini,49.31,50.69
503843,Pellegrini,47.73,52.27
503851,Korčok,62.96,37.04
503860,Pellegrini,46.83,53.17
503878,Pellegrini,33.89,66.11
503886,Korčok,51.25,48.75
503894,Korčok,54.79,45.21
503924,Pellegrini,44.23,55.77
503932,Pellegrini,29.62,70.38
503959,Pellegrini,36.2,63.8
503967,Pellegrini,36.47,63.53
503975,Pellegrini,46.32,53.68
503983,Korčok,54.42,45.58
503991,Pellegrini,31.64,68.36
504009,Pellegrini,44.13,55.87
504017,Korčok,56.19,43.81
504025,Korčok,55.58,44.42
504033,Pellegrini,35.24,64.76
504041,Pellegrini,46.61,53.39
504050,Pellegrini,32.46,67.54
504068,Pellegrini,36.28,63.72
504076,Pellegrini,35.57,64.43
504084,Korčok,54.56,45.44
504092,Pellegrini,43.36,56.64
504106,Pellegrini,41.47,58.53
504114,Pellegrini,46.34,53.66
504122,Korčok,56.72,43.28
504131,Korčok,57.06,42.94
504149,Pellegrini,49.52,50.48
504157,Pellegrini,38.6,61.4
504165,Pellegrini,37.32,62.68
504173,Pellegrini,31.35,68.65
504181,Pellegrini,30.45,69.55
504190,Pellegrini,35.27,64.73
504203,Korčok,51.7,48.3
504211,Pellegrini,44.83,55.17
504220,Pellegrini,47.7,52.3
504238,Pellegrini,44.58,55.42
504254,Pellegrini,47.58,52.42
504262,Pellegrini,45.95,54.05
504271,Korčok,51.78,48.22
504289,Korčok,50.95,49.05
504297,Pellegrini,47.51,52.49
504319,Pellegrini,34.09,65.91
504327,Korčok,58.05,41.95
504335,Pellegrini,44.49,55.51
504343,Pellegrini,47.6,52.4
504351,Korčok,55.82,44.18
504360,Pellegrini,43.25,56.75
504378,Korčok,56.04,43.96
504386,Pellegrini,45.07,54.93
504394,Pellegrini,43.6,56.4
504408,Pellegrini,46.15,53.85
504416,Pellegrini,42.54,57.46
504424,Pellegrini,39.3,60.7
504432,Pellegrini,47.2,52.8
504459,Pellegrini,45.92,54.08
504467,Pellegrini,47.02,52.98
504475,Korčok,58.08,41.92
504483,Pellegrini,48.86,51.14
504491,Pellegrini,36.79,63.21
504513,Korčok,74.55,25.45
504521,Pellegrini,46.11,53.89
504530,Pellegrini,47.69,52.31
504548,Korčok,81.95,18.05
504556,Pellegrini,48.19,51.81
504564,Korčok,54.12,45.88
504572,Korčok,57.77,42.23
504581,Pellegrini,49.81,50.19
504599,Korčok,76.15,23.85
504602,Pellegrini,40.14,59.86
504611,Korčok,56.39,43.61
504629,Korčok,52.74,47.26
504637,Pellegrini,38.51,61.49
504645,Pellegrini,39.64,60.36
504653,Pellegrini,44.22,55.78
504661,Pellegrini,42.92,57.08
504670,Korčok,57.42,42.58
504688,Korčok,51.96,48.04
504696,Pellegrini,37.77,62.23
504700,Pellegrini,44.57,55.43
504718,Korčok,63.88,36.12
504726,Pellegrini,45.75,54.25
504734,Pellegrini,49.47,50.53
504742,Korčok,61.24,38.76
504769,Pellegrini,46.67,53.33
504777,Korčok,60.9,39.1
504793,Pellegrini,40.25,59.75
504815,Korčok,61.14,38.86
504823,Korčok,50.59,49.41
504831,Pellegrini,46.31,53.69
504840,Korčok,54.23,45.77
504858,Pellegrini,48.21,51.79
504866,Korčok,54.47,45.53
504874,Pellegrini,46.4,53.6
504882,Korčok,50.68,49.32
504891,Pellegrini,40.38,59.62
504904,Pellegrini,36.0,64.0
504912,Korčok,61.18,38.82
504939,Korčok,51.19,48.81
504947,Pellegrini,45.66,54.34
504963,Korčok,51.25,48.75
504971,Pellegrini,46.66,53.34
504980,Korčok,50.94,49.06
504998,Pellegrini,38.13,61.87
505021,Pellegrini,34.65,65.35
505048,Pellegrini,28.47,71.53
505056,Pellegrini,40.34,59.66
505064,Pellegrini,33.58,66.42
505072,Pellegrini,38.93,61.07
505102,Pellegrini,18.81,81.19
505129,Pellegrini,38.41,61.59
505137,Pellegrini,24.84,75.16
505153,Pellegrini,40.76,59.24
505170,Pellegrini,31.36,68.64
505196,Pellegrini,27.45,72.55
505200,Pellegrini,20.4,79.6
505226,Pellegrini,23.23,76.77
505234,Pellegrini,29.74,70.26
505242,Pellegrini,26.35,73.65
505251,Pellegrini,30.57,69.43
505277,Pellegrini,28.21,71.79
505285,Pellegrini,22.88,77.12
505307,Pellegrini,32.37,67.63
505315,Pellegrini,40.03,59.97
505323,Pellegrini,42.11,57.89
505331,Pellegrini,33.33,66.67
505340,Pellegrini,30.68,69.32
505358,Pellegrini,35.8,64.2
505374,Pellegrini,35.99,64.01
505382,Pellegrini,45.33,54.67
505404,Pellegrini,34.77,65.23
505412,Pellegrini,40.56,59.44
505421,Pellegrini,40.53,59.47
505439,Pellegrini,29.69,70.31
505447,Pellegrini,45.34,54.66
505455,Pellegrini,35.69,64.31
505463,Pellegrini,36.04,63.96
505471,Pellegrini,28.84,71.16
505480,Pellegrini,23.08,76.92
505498,Pellegrini,30.18,69.82
505510,Pellegrini,26.05,73.95
505536,Pellegrini,36.48,63.52
505544,Pellegrini,22.62,77.38
505552,Pellegrini,19.78,80.22
505561,Pellegrini,31.41,68.59
505579,Pellegrini,26.37,73.63
505595,Pellegrini,37.21,62.79
505617,Pellegrini,18.88,81.12
505625,Pellegrini,34.23,65.77
505633,Pellegrini,33.33,66.67
505641,Pellegrini,33.71,66.29
505676,Pellegrini,24.2,75.8
505684,Pellegrini,37.62,62.38
505692,Pellegrini,30.5,69.5
505706,Pellegrini,29.72,70.28
505714,Pellegrini,35.72,64.28
505722,Pellegrini,38.67,61.33
505731,Pellegrini,33.27,66.73
505749,Pellegrini,26.79,73.21
505757,Pellegrini,25.81,74.19
505765,Pellegrini,29.73,70.27
505773,Pellegrini,23.6,76.4
505790,Pellegrini,21.22,78.78
505803,Pellegrini,39.24,60.76
505811,Pellegrini,45.8,54.2
505820,Korčok,56.26,43.74
505838,Pellegrini,43.62,56.38
505846,Pellegrini,46.9,53.1
505854,Pellegrini,37.98,62.02
505871,Pellegrini,46.42,53.58
505889,Pellegrini,45.56,54.44
505897,Pellegrini,36.94,63.06
505901,Pellegrini,38.14,61.86
505919,Pellegrini,43.2,56.8
505935,Pellegrini,25.97,74.03
505943,Pellegrini,41.1,58.9
505951,Pellegrini,42.68,57.32
505960,Pellegrini,43.42,56.58
505978,Pellegrini,47.84,52.16
505994,Pellegrini,47.67,52.33
506001,Pellegrini,44.03,55.97
506010,Pellegrini,36.02,63.98
506028,Pellegrini,44.26,55.74
506036,Pellegrini,37.05,62.95
506044,Pellegrini,38.52,61.48
506052,Pellegrini,40.09,59.91
506061,Pellegrini,34.71,65.29
506079,Pellegrini,42.76,57.24
506087,Pellegrini,37.89,62.11
506095,Pellegrini,42.88,57.12
506109,Pellegrini,37.36,62.64
506125,Pellegrini,41.62,58.38
506133,Pellegrini,38.78,61.22
506141,Pellegrini,30.66,69.34
506150,Pellegrini,44.13,55.87
506168,Pellegrini,47.87,52.13
506184,Pellegrini,48.71,51.29
506206,Pellegrini,39.13,60.87
506231,Pellegrini,46.81,53.19
506249,Pellegrini,36.73,63.27
506257,Pellegrini,43.75,56.25
506265,Pellegrini,40.45,59.55
506273,Pellegrini,43.48,56.52
506281,Pellegrini,49.54,50.46
506290,Pellegrini,47.03,52.97
506303,Pellegrini,35.07,64.93
506311,Pellegrini,38.03,61.97
506338,Pellegrini,49.12,50.88
506346,Pellegrini,30.45,69.55
506354,Pellegrini,23.34,76.66
506371,Korčok,56.0,44.0
506401,Pellegrini,39.01,60.99
506419,Pellegrini,41.07,58.93
506427,Pellegrini,40.28,59.72
506435,Pellegrini,36.7,63.3
506443,Pellegrini,44.61,55.39
506478,Pellegrini,37.61,62.39
506508,Korčok,51.62,48.38
506516,Pellegrini,37.3,62.7
506524,Pellegrini,47.4,52.6
506532,Pellegrini,45.3,54.7
506541,Pellegrini,48.68,51.32
506559,Pellegrini,41.36,58.64
506567,Korčok,52.94,47.06
506583,Pellegrini,42.02,57.98
506591,Pellegrini,43.28,56.72
506605,Pellegrini,47.68,52.32
506613,Korčok,50.77,49.23
506630,Pellegrini,36.52,63.48
506648,Korčok,53.08,46.92
506656,Korčok,51.08,48.92
506672,Pellegrini,35.71,64.29
506745,Korčok,56.35,43.65
506788,Pellegrini,40.7,59.3
506796,Korčok,53.0,47.0
506800,Pellegrini,42.84,57.16
506818,Pellegrini,48.13,51.87
506826,Pellegrini,47.71,52.29
506834,Pellegrini,43.45,56.55
506842,Pellegrini,41.16,58.84
506851,Pellegrini,47.15,52.85
506869,Pellegrini,40.77,59.23
506877,Korčok,54.14,45.86
506885,Pellegrini,45.95,54.05
506893,Pellegrini,37.07,62.93
506915,Pellegrini,40.76,59.24
506923,Pellegrini,48.71,51.29
506931,Pellegrini,48.36,51.64
506940,Korčok,50.37,49.63
506958,Pellegrini,41.78,58.22
506966,Pellegrini,26.16,73.84
506982,Pellegrini,38.94,61.06
506991,Pellegrini,39.78,60.22
507008,Pellegrini,38.5,61.5
507024,Pellegrini,34.45,65.55
507032,Pellegrini,43.46,56.54
507041,Korčok,51.01,48.99
507059,Pellegrini,38.91,61.09
507067,Korčok,51.07,48.93
507075,Pellegrini,30.31,69.69
507121,Pellegrini,32.59,67.41
507130,Pellegrini,26.82,73.18
507156,Pellegrini,49.42,50.58
507164,Pellegrini,40.68,59.32
507172,Pellegrini,41.45,58.55
507199,Pellegrini,27.3,72.7
507202,Pellegrini,48.21,51.79
507211,Korčok,55.65,44.35
507229,Korčok,56.5,43.5
507253,Pellegrini,38.82,61.18
507288,Pellegrini,40.06,59.94
507296,Pellegrini,49.06,50.94
507300,Pellegrini,49.61,50.39
507318,Pellegrini,40.74,59.26
507326,Pellegrini,33.63,66.37
507342,Korčok,50.91,49.09
507351,Pellegrini,41.34,58.66
507369,Pellegrini,49.67,50.33
507385,Korčok,54.85,45.15
507393,Pellegrini,32.82,67.18
507407,Pellegrini,38.96,61.04
507415,Pellegrini,34.79,65.21
507431,Pellegrini,36.1,63.9
507440,Korčok,56.21,43.79
507466,Pellegrini,31.93,68.07
507482,Pellegrini,42.86,57.14
507491,Pellegrini,48.95,51.05
507512,Korčok,54.62,45.38
507521,Pellegrini,28.48,71.52
507539,Korčok,50.0,50.0
507555,Korčok,54.17,45.83
507563,Pellegrini,31.38,68.62
507571,Korčok,53.99,46.01
507601,Korčok,55.58,44.42
507636,Pellegrini,40.28,59.72
507661,Pellegrini,48.54,51.46
507679,Pellegrini,45.25,54.75
507687,Pellegrini,47.97,52.03
507709,Pellegrini,40.9,59.1
507725,Pellegrini,45.59,54.41
507741,Korčok,51.69,48.31
507750,Pellegrini,49.67,50.33
507768,Pellegrini,49.28,50.72
507776,Pellegrini,49.9,50.1
507792,Pellegrini,41.88,58.12
507806,Korčok,56.31,43.69
507814,Korčok,67.41,32.59
507822,Korčok,51.11,48.89
507831,Korčok,64.89,35.11
507849,Korčok,51.21,48.79
507857,Korčok,52.16,47.84
507865,Korčok,50.14,49.86
507873,Korčok,52.77,47.23
507881,Pellegrini,48.46,51.54
507890,Pellegrini,35.63,64.37
507903,Korčok,64.79,35.21
507911,Korčok,71.77,28.23
507938,Korčok,64.48,35.52
507946,Pellegrini,49.1,50.9
507954,Korčok,56.41,43.59
507962,Pellegrini,48.45,51.55
507989,Korčok,58.31,41.69
507997,Korčok,61.39,38.61
508012,Korčok,56.59,43.41
508021,Pellegrini,46.97,53.03
508039,Korčok,55.51,44.49
508047,Korčok,65.78,34.22
508055,Korčok,62.09,37.91
508063,Korčok,50.85,49.15
508071,Korčok,71.47,28.53
508080,Korčok,73.16,26.84
508098,Korčok,70.98,29.02
508101,Korčok,60.56,39.44
508110,Korčok,61.47,38.53
508136,Korčok,67.72,32.28
508161,Pellegrini,42.39,57.61
508179,Korčok,62.89,37.11
508187,Korčok,50.4,49.6
508195,Korčok,52.46,47.54
508209,Korčok,67.07,32.93
508217,Korčok,63.57,36.43
508225,Korčok,58.38,41.62
508233,Korčok,65.69,34.31
508241,Pellegrini,39.12,60.88
508250,Pellegrini,49.76,50.24
508268,Korčok,51.8,48.2
508276,Korčok,60.07,39.93
508284,Korčok,62.73,37.27
508292,Korčok,65.17,34.83
508306,Korčok,64.52,35.48
508314,Korčok,56.37,43.63
508322,Korčok,51.89,48.11
508331,Korčok,65.0,35.0
508349,Korčok,50.24,49.76
508365,Pellegrini,38.3,61.7
508381,Korčok,60.82,39.18
508438,Korčok,52.95,47.05
508446,Pellegrini,28.36,71.64
508454,Pellegrini,49.72,50.28
508462,Pellegrini,41.81,58.19
508471,Pellegrini,34.04,65.96
508489,Pellegrini,32.64,67.36
508497,Pellegrini,40.59,59.41
508519,Pellegrini,32.64,67.36
508527,Pellegrini,28.36,71.64
508535,Pellegrini,39.25,60.75
508543,Pellegrini,46.34,53.66
508551,Pellegrini,26.58,73.42
508560,Korčok,67.25,32.75
508578,Pellegrini,32.91,67.09
508586,Pellegrini,24.23,75.77
508594,Pellegrini,20.15,79.85
508608,Pellegrini,24.71,75.29
508616,Pellegrini,22.94,77.06
508624,Pellegrini,33.84,66.16
508632,Korčok,51.4,48.6
508641,Pellegrini,45.34,54.66
508659,Pellegrini,27.16,72.84
508667,Pellegrini,31.99,68.01
508675,Pellegrini,36.21,63.79
508691,Pellegrini,30.77,69.23
508705,Pellegrini,28.55,71.45
508713,Korčok,55.14,44.86
508721,Pellegrini,43.47,56.53
508730,Pellegrini,35.84,64.16
508748,Pellegrini,38.29,61.71
508756,Pellegrini,47.89,52.11
508764,Pellegrini,38.2,61.8
508772,Pellegrini,34.8,65.2
508781,Pellegrini,41.92,58.08
508799,Pellegrini,33.33,66.67
508802,Pellegrini,33.8,66.2
508811,Korčok,56.76,43.24
508829,Pellegrini,30.49,69.51
508837,Pellegrini,31.58,68.42
508845,Pellegrini,30.09,69.91
508853,Pellegrini,30.36,69.64
508861,Pellegrini,44.19,55.81
508870,Pellegrini,20.86,79.14
508888,Pellegrini,29.94,70.06
508896,Pellegrini,22.37,77.63
508900,Pellegrini,27.54,72.46
508918,Pellegrini,39.6,60.4
508926,Pellegrini,20.69,79.31
508934,Pellegrini,42.31,57.69
508942,Korčok,55.67,44.33
508951,Pellegrini,20.99,79.01
508969,Pellegrini,47.13,52.87
508977,Pellegrini,31.94,68.06
508985,Korčok,51.15,48.85
508993,Pellegrini,30.95,69.05
509001,Pellegrini,43.34,56.66
509019,Pellegrini,48.01,51.99
509027,Pellegrini,27.47,72.53
509035,Korčok,65.76,34.24
509043,Pellegrini,18.04,81.96
509051,Pellegrini,37.97,62.03
509060,Pellegrini,45.87,54.13
509086,Pellegrini,35.37,64.63
509094,Pellegrini,11.3,88.7
509124,Pellegrini,27.85,72.15
509132,Pellegrini,34.01,65.99
509159,Pellegrini,27.24,72.76
509167,Pellegrini,22.12,77.88
509175,Pellegrini,33.43,66.57
509183,Pellegrini,28.14,71.86
509205,Pellegrini,29.25,70.75
509213,Pellegrini,26.56,73.44
509221,Pellegrini,18.96,81.04
509230,Pellegrini,31.82,68.18
509248,Pellegrini,28.48,71.52
509256,Pellegrini,34.21,65.79
509264,Pellegrini,32.21,67.79
509272,Pellegrini,24.07,75.93
509281,Pellegrini,21.74,78.26
509299,Pellegrini,43.19,56.81
509302,Pellegrini,34.33,65.67
509311,Pellegrini,19.53,80.47
509329,Pellegrini,25.25,74.75
509337,Pellegrini,28.04,71.96
509345,Pellegrini,30.15,69.85
509361,Pellegrini,26.21,73.79
509370,Pellegrini,24.68,75.32
509396,Pellegrini,17.3,82.7
509400,Pellegrini,37.74,62.26
509426,Pellegrini,32.56,67.44
509434,Pellegrini,37.86,62.14
509442,Pellegrini,20.3,79.7
509451,Pellegrini,26.55,73.45
509469,Pellegrini,40.22,59.78
509477,Pellegrini,24.57,75.43
509485,Pellegrini,27.45,72.55
509493,Pellegrini,33.11,66.89
509507,Pellegrini,27.56,72.44
509515,Pellegrini,27.01,72.99
509523,Pellegrini,26.06,73.94
509531,Pellegrini,16.95,83.05
509540,Korčok,55.57,44.43
509558,Pellegrini,47.77,52.23
509566,Pellegrini,43.87,56.13
509582,Pellegrini,38.56,61.44
509591,Pellegrini,35.04,64.96
509604,Pellegrini,48.15,51.85
509639,Korčok,53.0,47.0
509655,Pellegrini,36.49,63.51
509663,Pellegrini,30.47,69.53
509671,Korčok,51.79,48.21
509680,Korčok,57.09,42.91
509698,Korčok,65.7,34.3
509701,Pellegrini,40.09,59.91
509710,Korčok,60.24,39.76
509728,Pellegrini,41.34,58.66
509744,Pellegrini,29.43,70.57
509761,Korčok,55.11,44.89
509779,Pellegrini,42.39,57.61
509787,Pellegrini,47.2,52.8
509795,Korčok,56.75,43.25
509809,Pellegrini,49.74,50.26
509817,Pellegrini,46.73,53.27
509825,Pellegrini,49.87,50.13
509833,Korčok,66.67,33.33
509850,Pellegrini,39.3,60.7
509868,Korčok,50.05,49.95
509876,Pellegrini,46.33,53.67
509884,Korčok,54.06,45.94
509892,Pellegrini,46.09,53.91
509906,Korčok,50.39,49.61
509914,Korčok,54.42,45.58
509922,Korčok,55.17,44.83
509931,Korčok,51.97,48.03
509949,Korčok,59.9,40.1
509957,Korčok,59.04,40.96
509965,Pellegrini,29.55,70.45
509973,Pellegrini,42.45,57.55
509981,Pellegrini,49.51,50.49
509990,Korčok,53.01,46.99
510009,Korčok,58.44,41.56
510017,Korčok,60.0,40.0
510025,Pellegrini,45.59,54.41
510033,Pellegrini,31.66,68.34
510041,Korčok,53.7,46.3
510050,Pellegrini,47.06,52.94
510076,Pellegrini,41.79,58.21
510084,Pellegrini,48.65,51.35
510092,Pellegrini,44.28,55.72
510106,Pellegrini,47.19,52.81
510114,Pellegrini,42.73,57.27
510149,Korčok,52.31,47.69
510157,Korčok,51.43,48.57
510165,Korčok,56.15,43.85
510173,Pellegrini,40.0,60.0
510181,Korčok,63.97,36.03
510190,Pellegrini,49.07,50.93
510203,Pellegrini,44.52,55.48
510211,Pellegrini,46.98,53.02
510238,Korčok,59.14,40.86
510246,Pellegrini,40.77,59.23
510254,Korčok,51.68,48.32
510262,Pellegrini,49.38,50.62
510271,Pellegrini,34.78,65.22
510301,Korčok,60.21,39.79
510319,Pellegrini,42.16,57.84
510327,Korčok,59.21,40.79
510335,Pellegrini,33.68,66.32
510351,Pellegrini,30.56,69.44
510386,Korčok,78.89,21.11
510408,Pellegrini,38.95,61.05
510416,Pellegrini,47.96,52.04
510424,Pellegrini,37.88,62.12
510441,Korčok,51.8,48.2
510459,Pellegrini,33.67,66.33
510467,Pellegrini,38.55,61.45
510505,Pellegrini,45.05,54.95
510513,Pellegrini,48.62,51.38
510521,Pellegrini,44.79,55.21
510530,Pellegrini,40.83,59.17
510548,Korčok,52.52,47.48
510564,Pellegrini,32.31,67.69
510572,Pellegrini,46.23,53.77
510581,Pellegrini,28.17,71.83
510599,Korčok,55.82,44.18
510602,Korčok,54.93,45.07
510611,Pellegrini,36.43,63.57
510629,Pellegrini,38.98,61.02
510637,Pellegrini,42.44,57.56
510653,Korčok,50.27,49.73
510661,Pellegrini,47.61,52.39
510670,Korčok,52.26,47.74
510688,Korčok,50.0,50.0
510696,Pellegrini,38.61,61.39
510700,Korčok,60.0,40.0
510718,Pellegrini,32.15,67.85
510726,Pellegrini,43.88,56.12
510734,Pellegrini,48.7,51.3
510742,Pellegrini,44.64,55.36
510751,Pellegrini,42.6,57.4
510777,Korčok,50.12,49.88
510785,Pellegrini,47.38,52.62
510793,Pellegrini,32.08,67.92
510807,Pellegrini,48.52,51.48
510815,Pellegrini,47.82,52.18
510823,Pellegrini,40.82,59.18
510831,Pellegrini,36.92,63.08
510840,Pellegrini,43.1,56.9
510858,Pellegrini,36.62,63.38
510866,Korčok,50.21,49.79
510874,Korčok,53.91,46.09
510904,Pellegrini,42.96,57.04
510912,Korčok,56.13,43.87
510921,Pellegrini,43.8,56.2
510947,Pellegrini,44.3,55.7
510955,Pellegrini,47.3,52.7
510963,Pellegrini,42.99,57.01
510971,Pellegrini,36.15,63.85
510998,Korčok,51.76,48.24
511005,Korčok,50.0,50.0
511013,Korčok,62.2,37.8
511030,Pellegrini,37.63,62.37
511048,Pellegrini,39.29,60.71
511056,Korčok,52.53,47.47
511064,Pellegrini,46.7,53.3
511072,Pellegrini,46.72,53.28
511099,Pellegrini,45.2,54.8
511102,Korčok,50.61,49.39
511111,Pellegrini,47.8,52.2
511129,Pellegrini,25.08,74.92
511137,Korčok,60.0,40.0
511145,Pellegrini,38.25,61.75
511153,Pellegrini,36.46,63.54
511170,Pellegrini,28.91,71.09
511188,Pellegrini,24.39,75.61
511196,Korčok,52.72,47.28
511200,Korčok,61.94,38.06
511218,Pellegrini,45.47,54.53
511226,Pellegrini,45.45,54.55
511234,Pellegrini,22.76,77.24
511251,Pellegrini,31.95,68.05
511269,Pellegrini,29.14,70.86
511277,Pellegrini,23.21,76.79
511293,Pellegrini,35.4,64.6
511315,Pellegrini,24.02,75.98
511323,Pellegrini,27.91,72.09
511331,Pellegrini,14.81,85.19
511340,Pellegrini,26.01,73.99
511358,Pellegrini,30.7,69.3
511366,Pellegrini,31.37,68.63
511374,Pellegrini,26.14,73.86
511391,Pellegrini,40.74,59.26
511404,Pellegrini,37.79,62.21
511421,Pellegrini,41.53,58.47
511439,Pellegrini,20.95,79.05
511447,Pellegrini,24.65,75.35
511463,Pellegrini,28.57,71.43
511471,Pellegrini,26.93,73.07
511480,Pellegrini,44.64,55.36
511498,Pellegrini,23.68,76.32
511501,Pellegrini,44.74,55.26
511510,Pellegrini,27.84,72.16
511528,Pellegrini,27.01,72.99
511536,Pellegrini,40.62,59.38
511544,Pellegrini,20.83,79.17
511552,Pellegrini,27.34,72.66
511561,Pellegrini,33.58,66.42
511579,Pellegrini,30.11,69.89
511595,Pellegrini,16.61,83.39
511609,Pellegrini,30.97,69.03
511617,Pellegrini,28.36,71.64
511625,Pellegrini,31.25,68.75
511641,Pellegrini,27.95,72.05
511668,Korčok,50.75,49.25
511676,Pellegrini,29.33,70.67
511684,Pellegrini,30.67,69.33
511692,Pellegrini,45.83,54.17
511706,Pellegrini,28.08,71.92
511714,Pellegrini,40.91,59.09
511722,Pellegrini,27.85,72.15
511731,Pellegrini,19.31,80.69
511749,Pellegrini,23.62,76.38
511757,Pellegrini,30.0,70.0
511765,Pellegrini,24.2,75.8
511773,Pellegrini,27.03,72.97
511781,Pellegrini,28.77,71.23
511790,Pellegrini,34.29,65.71
511803,Pellegrini,37.1,62.9
511811,Pellegrini,26.38,73.62
511820,Pellegrini,23.14,76.86
511838,Pellegrini,25.98,74.02
511846,Pellegrini,33.22,66.78
511854,Pellegrini,28.57,71.43
511862,Pellegrini,21.53,78.47
511871,Pellegrini,18.82,81.18
511889,Pellegrini,23.61,76.39
511897,Pellegrini,22.22,77.78
511901,Pellegrini,23.49,76.51
511919,Pellegrini,36.13,63.87
511927,Pellegrini,27.56,72.44
511943,Pellegrini,19.5,80.5
511978,Pellegrini,21.12,78.88
511994,Pellegrini,35.84,64.16
512001,Pellegrini,35.24,64.76
512010,Pellegrini,35.29,64.71
512036,Pellegrini,49.35,50.65
512044,Pellegrini,31.91,68.09
512052,Pellegrini,41.15,58.85
512061,Pellegrini,35.96,64.04
512079,Pellegrini,35.14,64.86
512087,Pellegrini,32.04,67.96
512095,Pellegrini,39.37,60.63
512109,Pellegrini,36.78,63.22
512117,Pellegrini,34.94,65.06
512125,Pellegrini,37.3,62.7
512133,Pellegrini,40.71,59.29
512141,Korčok,53.42,46.58
512150,Pellegrini,38.71,61.29
512168,Pellegrini,45.48,54.52
512206,Korčok,73.02,26.98
512214,Korčok,52.87,47.13
512222,Pellegrini,30.97,69.03
512257,Pellegrini,34.34,65.66
512265,Pellegrini,39.93,60.07
512273,Pellegrini,30.53,69.47
512290,Pellegrini,49.17,50.83
512303,Pellegrini,33.93,66.07
512311,Pellegrini,35.71,64.29
512320,Pellegrini,36.36,63.64
512338,Pellegrini,38.46,61.54
512346,Pellegrini,44.74,55.26
512354,Pellegrini,46.39,53.61
512371,Korčok,52.88,47.12
512389,Pellegrini,29.68,70.32
512397,Pellegrini,38.67,61.33
512419,Pellegrini,32.73,67.27
512427,Pellegrini,25.0,75.0
512435,Pellegrini,46.62,53.38
512443,Pellegrini,26.83,73.17
512451,Pellegrini,28.57,71.43
512460,Pellegrini,34.23,65.77
512478,Pellegrini,41.28,58.72
512486,Pellegrini,28.91,71.09
512494,Pellegrini,37.04,62.96
512508,Pellegrini,29.5,70.5
512524,Pellegrini,35.89,64.11
512541,Pellegrini,41.35,58.65
512559,Pellegrini,40.44,59.56
512567,Pellegrini,34.92,65.08
512575,Pellegrini,39.26,60.74
512583,Pellegrini,42.62,57.38
512591,Korčok,52.25,47.75
512605,Pellegrini,32.64,67.36
512613,Pellegrini,36.19,63.81
512621,Pellegrini,33.98,66.02
512630,Pellegrini,39.37,60.63
512648,Pellegrini,35.88,64.12
512656,Pellegrini,22.19,77.81
512664,Pellegrini,43.02,56.98
512672,Pellegrini,44.52,55.48
512681,Pellegrini,36.6,63.4
512699,Pellegrini,29.31,70.69
512702,Pellegrini,41.99,58.01
512711,Pellegrini,44.62,55.38
512729,Pellegrini,39.74,60.26
512737,Pellegrini,31.33,68.67
512753,Korčok,56.72,43.28
512761,Pellegrini,49.03,50.97
512788,Pellegrini,32.87,67.13
512796,Korčok,51.65,48.35
512818,Pellegrini,37.74,62.26
512834,Pellegrini,43.12,56.88
512842,Pellegrini,42.16,57.84
512851,Pellegrini,38.86,61.14
512885,Pellegrini,37.26,62.74
512915,Pellegrini,24.26,75.74
512931,Pellegrini,33.97,66.03
512940,Pellegrini,32.48,67.52
512958,Pellegrini,27.1,72.9
512966,Pellegrini,23.6,76.4
513008,Pellegrini,31.34,68.66
513016,Pellegrini,38.86,61.14
513024,Pellegrini,36.31,63.69
513083,Pellegrini,18.08,81.92
513091,Pellegrini,21.45,78.55
513121,Pellegrini,39.58,60.42
513156,Pellegrini,36.44,63.56
513172,Pellegrini,39.47,60.53
513245,Pellegrini,20.73,79.27
513253,Pellegrini,32.87,67.13
513296,Pellegrini,32.83,67.17
513300,Pellegrini,31.41,68.59
513318,Pellegrini,21.95,78.05
513326,Pellegrini,36.04,63.96
513334,Pellegrini,33.53,66.47
513342,Pellegrini,38.38,61.62
513351,Pellegrini,29.73,70.27
513377,Pellegrini,39.19,60.81
513385,Pellegrini,25.81,74.19
513407,Pellegrini,31.85,68.15
513440,Pellegrini,44.61,55.39
513466,Pellegrini,22.06,77.94
513474,Pellegrini,33.23,66.77
513563,Pellegrini,36.04,63.96
513598,Pellegrini,39.13,60.87
513601,Pellegrini,32.06,67.94
513610,Pellegrini,41.99,58.01
513687,Pellegrini,37.71,62.29
513725,Pellegrini,36.49,63.51
513741,Pellegrini,30.76,69.24
513776,Pellegrini,31.09,68.91
513784,Pellegrini,18.79,81.21
513792,Pellegrini,46.05,53.95
513806,Pellegrini,38.52,61.48
513814,Pellegrini,37.73,62.27
513822,Pellegrini,37.84,62.16
513831,Pellegrini,41.07,58.93
513849,Pellegrini,28.35,71.65
513857,Pellegrini,16.36,83.64
513865,Pellegrini,22.16,77.84
513881,Pellegrini,43.68,56.32
513903,Korčok,53.3,46.7
513911,Pellegrini,36.37,63.63
513920,Pellegrini,40.38,59.62
513938,Pellegrini,23.35,76.65
513946,Pellegrini,29.44,70.56
513954,Pellegrini,32.45,67.55
513962,Pellegrini,28.59,71.41
513971,Pellegrini,38.46,61.54
513989,Pellegrini,32.98,67.02
513997,Pellegrini,35.05,64.95
514004,Pellegrini,28.67,71.33
514012,Pellegrini,30.39,69.61
514021,Pellegrini,35.61,64.39
514039,Pellegrini,35.71,64.29
514063,Pellegrini,29.88,70.12
514071,Pellegrini,45.25,54.75
514080,Pellegrini,45.44,54.56
514098,Pellegrini,39.11,60.89
514101,Pellegrini,42.6,57.4
514110,Pellegrini,30.86,69.14
514128,Pellegrini,42.59,57.41
514136,Pellegrini,33.38,66.62
514144,Pellegrini,26.39,73.61
514179,Pellegrini,38.87,61.13
514187,Pellegrini,36.88,63.12
514209,Pellegrini,39.26,60.74
514217,Pellegrini,22.96,77.04
514225,Pellegrini,47.92,52.08
514233,Pellegrini,34.88,65.12
514241,Korčok,50.95,49.05
514250,Pellegrini,37.72,62.28
514268,Pellegrini,38.46,61.54
514284,Pellegrini,39.71,60.29
514292,Pellegrini,39.16,60.84
514306,Pellegrini,27.51,72.49
514314,Pellegrini,41.69,58.31
514322,Pellegrini,30.9,69.1
514331,Korčok,52.99,47.01
514349,Pellegrini,26.92,73.08
514357,Pellegrini,40.53,59.47
514365,Pellegrini,24.65,75.35
514373,Pellegrini,34.78,65.22
514381,Pellegrini,33.63,66.37
514390,Pellegrini,29.15,70.85
514403,Pellegrini,16.81,83.19
514411,Pellegrini,44.39,55.61
514420,Pellegrini,21.47,78.53
514438,Pellegrini,41.58,58.42
514454,Pellegrini,34.25,65.75
514462,Pellegrini,42.38,57.62
514489,Pellegrini,41.51,58.49
514501,Pellegrini,13.46,86.54
514519,Pellegrini,20.23,79.77
514535,Pellegrini,18.37,81.63
514543,Pellegrini,29.28,70.72
514551,Pellegrini,17.46,82.54
514578,Pellegrini,25.0,75.0
514586,Pellegrini,24.39,75.61
514594,Pellegrini,7.06,92.94
514608,Pellegrini,38.1,61.9
514616,Pellegrini,19.23,80.77
514624,Pellegrini,23.27,76.73
514632,Pellegrini,38.89,61.11
514641,Pellegrini,24.07,75.93
514659,Pellegrini,17.82,82.18
514667,Pellegrini,6.82,93.18
514675,Pellegrini,11.23,88.77
514683,Pellegrini,25.53,74.47
514691,Pellegrini,14.4,85.6
514713,Pellegrini,25.33,74.67
514721,Pellegrini,15.67,84.33
514730,Pellegrini,27.5,72.5
514748,Pellegrini,29.86,70.14
514756,Pellegrini,36.77,63.23
514764,Pellegrini,14.39,85.61
514781,Pellegrini,20.13,79.87
514799,Pellegrini,39.44,60.56
514811,Pellegrini,19.42,80.58
514829,Pellegrini,29.83,70.17
514837,Pellegrini,23.2,76.8
514845,Pellegrini,23.88,76.12
514853,Pellegrini,43.06,56.94
514861,Pellegrini,8.39,91.61
514870,Pellegrini,6.9,93.1
514888,Pellegrini,29.12,70.88
514896,Pellegrini,3.23,96.77
514900,Pellegrini,18.1,81.9
514918,Pellegrini,31.04,68.96
514926,Pellegrini,22.68,77.32
514934,Pellegrini,13.79,86.21
514942,Pellegrini,20.18,79.82
514951,Pellegrini,17.13,82.87
514969,Pellegrini,12.84,87.16
514977,Pellegrini,20.48,79.52
514985,Pellegrini,33.33,66.67
514993,Pellegrini,3.12,96.88
515001,Pellegrini,28.88,71.12
515019,Pellegrini,8.16,91.84
515027,Pellegrini,30.48,69.52
515035,Pellegrini,0.0,100.0
515043,Pellegrini,24.28,75.72
515051,Pellegrini,15.93,84.07
515060,Pellegrini,35.19,64.81
515078,Pellegrini,20.82,79.18
515086,Pellegrini,28.12,71.88
515094,Pellegrini,11.11,88.89
515108,Pellegrini,25.88,74.12
515116,Pellegrini,40.0,60.0
515124,Pellegrini,21.6,78.4
515132,Pellegrini,12.31,87.69
515141,Pellegrini,30.0,70.0
515159,Pellegrini,12.5,87.5
515167,Pellegrini,21.05,78.95
515175,Pellegrini,26.73,73.27
515183,Pellegrini,0.0,100.0
515205,Pellegrini,10.53,89.47
515230,Pellegrini,14.67,85.33
515248,Pellegrini,44.44,55.56
515256,Pellegrini,13.64,86.36
515264,Pellegrini,40.66,59.34
515272,Pellegrini,44.9,55.1
515281,Pellegrini,13.85,86.15
515299,Pellegrini,18.09,81.91
515302,Pellegrini,4.26,95.74
515311,Pellegrini,14.71,85.29
515337,Pellegrini,4.17,95.83
515345,Pellegrini,37.14,62.86
515353,Pellegrini,2.25,97.75
515361,Pellegrini,13.56,86.44
515370,Pellegrini,10.49,89.51
515388,Pellegrini,32.14,67.86
515396,Pellegrini,19.51,80.49
515400,Pellegrini,20.67,79.33
515426,Pellegrini,27.75,72.25
515442,Pellegrini,12.87,87.13
515451,Pellegrini,20.71,79.29
515469,Pellegrini,33.91,66.09
515485,Pellegrini,4.0,96.0
515493,Pellegrini,12.1,87.9
515507,Pellegrini,12.73,87.27
515515,Pellegrini,15.56,84.44
515523,Pellegrini,29.69,70.31
515531,Pellegrini,17.57,82.43
515540,Pellegrini,20.0,80.0
515566,Pellegrini,11.7,88.3
515574,Pellegrini,25.0,75.0
515582,Pellegrini,17.65,82.35
515591,Pellegrini,39.91,60.09
515604,Pellegrini,3.7,96.3
515612,Pellegrini,33.11,66.89
515621,Pellegrini,12.8,87.2
515639,Pellegrini,7.88,92.12
515647,Pellegrini,0.0,100.0
515655,Pellegrini,17.19,82.81
515663,Pellegrini,15.68,84.32
515671,Pellegrini,22.37,77.63
515680,Pellegrini,31.81,68.19
515698,Pellegrini,23.29,76.71
515701,Pellegrini,38.53,61.47
515710,Pellegrini,26.88,73.12
515728,Pellegrini,12.7,87.3
515736,Pellegrini,25.08,74.92
515744,Pellegrini,27.93,72.07
515752,Pellegrini,6.25,93.75
515761,Pellegrini,29.17,70.83
515779,Pellegrini,15.89,84.11
515795,Pellegrini,14.29,85.71
515809,Pellegrini,36.71,63.29
515817,Pellegrini,19.51,80.49
515833,Pellegrini,30.56,69.44
515841,Pellegrini,12.5,87.5
515850,Pellegrini,37.5,62.5
515868,Pellegrini,21.26,78.74
515876,Pellegrini,38.27,61.73
515884,Pellegrini,7.81,92.19
515892,Pellegrini,25.0,75.0
515906,Pellegrini,40.1,59.9
515914,Pellegrini,41.35,58.65
515922,Pellegrini,15.44,84.56
515931,Pellegrini,39.13,60.87
515949,Pellegrini,21.6,78.4
515957,Pellegrini,14.79,85.21
515965,Pellegrini,37.13,62.87
515973,Pellegrini,32.21,67.79
515981,Pellegrini,22.77,77.23
515990,Pellegrini,33.33,66.67
516007,Pellegrini,39.29,60.71
516015,Pellegrini,42.65,57.35
516023,Pellegrini,21.1,78.9
516031,Pellegrini,29.06,70.94
516040,Pellegrini,30.4,69.6
516058,Pellegrini,25.76,74.24
516066,Pellegrini,23.4,76.6
516074,Pellegrini,22.16,77.84
516082,Pellegrini,41.72,58.28
516091,Pellegrini,26.17,73.83
516104,Pellegrini,16.5,83.5
516112,Pellegrini,18.68,81.32
516121,Pellegrini,25.64,74.36
516139,Pellegrini,27.42,72.58
516147,Pellegrini,32.77,67.23
516155,Pellegrini,38.59,61.41
516163,Pellegrini,17.53,82.47
516171,Pellegrini,24.07,75.93
516198,Pellegrini,32.88,67.12
516210,Pellegrini,33.04,66.96
516228,Pellegrini,33.33,66.67
516236,Pellegrini,41.49,58.51
516244,Pellegrini,21.54,78.46
516252,Pellegrini,20.1,79.9
516261,Pellegrini,40.48,59.52
516279,Pellegrini,25.51,74.49
516287,Pellegrini,19.15,80.85
516295,Pellegrini,25.37,74.63
516309,Pellegrini,20.0,80.0
516317,Pellegrini,30.79,69.21
516333,Pellegrini,44.58,55.42
516341,Pellegrini,13.04,86.96
516368,Pellegrini,29.29,70.71
516376,Pellegrini,24.65,75.35
516384,Pellegrini,36.65,63.35
516392,Pellegrini,29.17,70.83
516406,Pellegrini,27.48,72.52
516414,Pellegrini,11.22,88.78
516422,Pellegrini,25.49,74.51
516431,Pellegrini,23.17,76.83
516449,Pellegrini,9.52,90.48
516457,Pellegrini,32.1,67.9
516465,Pellegrini,27.17,72.83
516473,Pellegrini,32.88,67.12
516490,Pellegrini,16.33,83.67
516503,Pellegrini,13.04,86.96
516511,Pellegrini,23.0,77.0
516520,Pellegrini,28.04,71.96
516538,Pellegrini,15.0,85.0
516546,Pellegrini,26.59,73.41
516554,Pellegrini,28.65,71.35
516562,Pellegrini,25.0,75.0
516571,Pellegrini,32.58,67.42
516589,Pellegrini,40.95,59.05
516597,Pellegrini,39.35,60.65
516601,Pellegrini,27.27,72.73
516627,Pellegrini,45.38,54.62
516643,Pellegrini,46.77,53.23
516651,Pellegrini,34.98,65.02
516660,Pellegrini,37.67,62.33
516678,Pellegrini,36.51,63.49
516708,Pellegrini,28.5,71.5
516716,Pellegrini,40.37,59.63
516724,Pellegrini,39.53,60.47
516732,Pellegrini,35.61,64.39
516741,Pellegrini,36.43,63.57
516759,Pellegrini,31.7,68.3
516767,Pellegrini,38.6,61.4
516791,Pellegrini,41.13,58.87
516805,Pellegrini,47.28,52.72
516813,Pellegrini,23.97,76.03
516821,Pellegrini,36.84,63.16
516830,Pellegrini,28.53,71.47
516848,Pellegrini,46.39,53.61
516856,Pellegrini,44.24,55.76
516872,Pellegrini,34.06,65.94
516881,Pellegrini,44.93,55.07
516902,Pellegrini,26.85,73.15
516937,Pellegrini,38.56,61.44
516945,Pellegrini,27.82,72.18
516953,Pellegrini,29.79,70.21
516961,Korčok,59.24,40.76
516970,Korčok,57.28,42.72
516988,Korčok,53.54,46.46
516996,Pellegrini,34.02,65.98
517011,Pellegrini,30.1,69.9
517020,Pellegrini,40.69,59.31
517038,Pellegrini,40.77,59.23
517046,Pellegrini,47.78,52.22
517062,Pellegrini,23.9,76.1
517071,Pellegrini,17.95,82.05
517089,Korčok,62.34,37.66
517097,Pellegrini,47.05,52.95
517119,Pellegrini,30.45,69.55
517127,Pellegrini,22.22,77.78
517135,Pellegrini,36.92,63.08
517143,Pellegrini,31.28,68.72
517160,Pellegrini,47.62,52.38
517178,Pellegrini,35.57,64.43
517186,Pellegrini,24.3,75.7
517194,Pellegrini,26.92,73.08
517216,Pellegrini,28.95,71.05
517232,Pellegrini,37.09,62.91
517241,Pellegrini,36.89,63.11
517259,Pellegrini,42.9,57.1
517267,Pellegrini,34.39,65.61
517283,Pellegrini,34.24,65.76
517291,Pellegrini,31.6,68.4
517305,Pellegrini,22.95,77.05
517313,Pellegrini,40.63,59.37
517330,Pellegrini,30.23,69.77
517348,Pellegrini,28.57,71.43
517356,Pellegrini,33.24,66.76
517364,Pellegrini,39.95,60.05
517372,Pellegrini,38.55,61.45
517381,Pellegrini,34.04,65.96
517399,Pellegrini,32.52,67.48
517402,Korčok,54.51,45.49
517429,Pellegrini,31.0,69.0
517461,Pellegrini,40.56,59.44
517470,Pellegrini,37.4,62.6
517488,Pellegrini,29.01,70.99
517496,Pellegrini,35.16,64.84
517500,Pellegrini,31.37,68.63
517518,Pellegrini,38.24,61.76
517526,Pellegrini,40.31,59.69
517542,Pellegrini,23.7,76.3
517551,Korčok,51.73,48.27
517577,Korčok,61.82,38.18
517593,Pellegrini,41.33,58.67
517623,Pellegrini,35.0,65.0
517631,Pellegrini,30.13,69.87
517640,Pellegrini,27.6,72.4
517658,Pellegrini,34.92,65.08
517674,Pellegrini,25.46,74.54
517682,Pellegrini,43.08,56.92
517691,Pellegrini,35.09,64.91
517704,Korčok,52.42,47.58
517712,Pellegrini,41.7,58.3
517721,Pellegrini,41.08,58.92
517739,Pellegrini,42.25,57.75
517755,Pellegrini,41.19,58.81
517763,Pellegrini,30.31,69.69
517771,Pellegrini,30.96,69.04
517780,Pellegrini,28.27,71.73
517798,Pellegrini,36.21,63.79
517801,Korčok,59.82,40.18
517828,Pellegrini,44.73,55.27
517861,Pellegrini,27.16,72.84
517879,Pellegrini,40.41,59.59
517895,Korčok,50.37,49.63
517917,Pellegrini,41.68,58.32
517925,Pellegrini,35.75,64.25
517933,Korčok,52.05,47.95
517941,Pellegrini,48.6,51.4
517950,Pellegrini,35.3,64.7
517968,Pellegrini,46.41,53.59
517976,Pellegrini,25.32,74.68
517984,Pellegrini,46.14,53.86
517992,Pellegrini,41.1,58.9
518000,Korčok,55.36,44.64
518018,Pellegrini,28.74,71.26
518034,Korčok,53.38,46.62
518042,Pellegrini,41.44,58.56
518051,Pellegrini,38.58,61.42
518069,Pellegrini,44.41,55.59
518077,Pellegrini,26.64,73.36
518085,Pellegrini,28.82,71.18
518093,Pellegrini,40.0,60.0
518107,Pellegrini,32.97,67.03
518115,Pellegrini,45.13,54.87
518123,Pellegrini,44.83,55.17
518131,Pellegrini,37.33,62.67
518140,Pellegrini,40.22,59.78
518158,Pellegrini,49.27,50.73
518166,Pellegrini,40.36,59.64
518174,Korčok,55.0,45.0
518191,Pellegrini,29.03,70.97
518204,Korčok,50.22,49.78
518212,Pellegrini,38.46,61.54
518221,Pellegrini,36.76,63.24
518239,Pellegrini,13.73,86.27
518247,Pellegrini,22.14,77.86
518255,Pellegrini,28.64,71.36
518263,Pellegrini,32.98,67.02
518271,Pellegrini,31.07,68.93
518280,Pellegrini,28.75,71.25
518298,Pellegrini,44.64,55.36
518301,Pellegrini,18.84,81.16
518310,Pellegrini,42.75,57.25
518336,Pellegrini,43.0,57.0
518344,Pellegrini,11.11,88.89
518352,Pellegrini,42.19,57.81
518361,Pellegrini,29.47,70.53
518379,Pellegrini,29.28,70.72
518387,Pellegrini,41.56,58.44
518409,Pellegrini,31.35,68.65
518417,Pellegrini,36.53,63.47
518425,Pellegrini,31.78,68.22
518433,Pellegrini,27.47,72.53
518441,Pellegrini,37.23,62.77
518450,Pellegrini,24.22,75.78
518468,Pellegrini,24.6,75.4
518476,Pellegrini,27.54,72.46
518484,Pellegrini,44.55,55.45
518492,Pellegrini,24.41,75.59
518506,Korčok,54.24,45.76
518514,Pellegrini,32.43,67.57
518522,Pellegrini,44.55,55.45
518531,Pellegrini,29.9,70.1
518549,Pellegrini,33.4,66.6
518557,Pellegrini,39.15,60.85
518565,Pellegrini,32.73,67.27
518573,Pellegrini,17.86,82.14
518581,Pellegrini,33.33,66.67
518590,Korčok,65.84,34.16
518603,Pellegrini,21.62,78.38
518611,Pellegrini,16.33,83.67
518620,Pellegrini,42.38,57.62
518646,Pellegrini,34.78,65.22
518654,Pellegrini,36.96,63.04
518662,Pellegrini,31.14,68.86
518671,Pellegrini,37.29,62.71
518689,Pellegrini,35.2,64.8
518697,Pellegrini,47.31,52.69
518701,Pellegrini,39.89,60.11
518719,Pellegrini,42.6,57.4
518727,Pellegrini,44.16,55.84
518735,Pellegrini,49.28,50.72
518743,Pellegrini,15.69,84.31
518751,Pellegrini,23.33,76.67
518760,Pellegrini,43.99,56.01
518794,Pellegrini,40.2,59.8
518808,Korčok,53.85,46.15
518816,Pellegrini,38.38,61.62
518824,Pellegrini,34.91,65.09
518832,Pellegrini,13.79,86.21
518841,Pellegrini,26.09,73.91
518867,Pellegrini,25.27,74.73
518875,Pellegrini,48.98,51.02
518883,Pellegrini,35.71,64.29
518891,Pellegrini,41.94,58.06
518905,Pellegrini,32.41,67.59
518913,Pellegrini,35.26,64.74
518921,Pellegrini,37.21,62.79
518930,Pellegrini,34.3,65.7
518956,Pellegrini,27.45,72.55
518964,Korčok,56.94,43.06
518972,Pellegrini,44.1,55.9
518981,Pellegrini,39.16,60.84
518999,Korčok,53.7,46.3
519006,Pellegrini,48.29,51.71
519014,Pellegrini,32.14,67.86
519022,Pellegrini,29.58,70.42
519049,Pellegrini,43.86,56.14
519057,Pellegrini,33.33,66.67
519065,Pellegrini,29.83,70.17
519073,Pellegrini,17.14,82.86
519081,Pellegrini,43.59,56.41
519090,Pellegrini,44.93,55.07
519103,Pellegrini,24.22,75.78
519111,Pellegrini,20.0,80.0
519138,Pellegrini,39.47,60.53
519154,Pellegrini,25.61,74.39
519162,Pellegrini,38.85,61.15
519171,Pellegrini,44.98,55.02
519189,Pellegrini,24.6,75.4
519197,Pellegrini,33.03,66.97
519201,Pellegrini,31.15,68.85
519219,Pellegrini,47.24,52.76
519227,Pellegrini,20.71,79.29
519235,Pellegrini,38.81,61.19
519243,Pellegrini,29.37,70.63
519251,Pellegrini,40.85,59.15
519260,Pellegrini,21.21,78.79
519278,Pellegrini,27.59,72.41
519286,Pellegrini,37.44,62.56
519294,Korčok,52.36,47.64
519308,Pellegrini,22.41,77.59
519316,Pellegrini,30.83,69.17
519324,Korčok,53.95,46.05
519332,Pellegrini,18.97,81.03
519341,Pellegrini,48.88,51.12
519359,Pellegrini,44.6,55.4
519367,Pellegrini,49.0,51.0
519375,Pellegrini,45.45,54.55
519383,Pellegrini,4.65,95.35
519391,Pellegrini,45.34,54.66
519405,Pellegrini,18.55,81.45
519413,Pellegrini,20.0,80.0
519421,Pellegrini,26.61,73.39
519430,Pellegrini,34.12,65.88
519448,Pellegrini,41.18,58.82
519456,Pellegrini,43.57,56.43
519464,Pellegrini,22.38,77.62
519472,Pellegrini,20.51,79.49
519481,Korčok,71.55,28.45
519499,Pellegrini,20.0,80.0
519502,Pellegrini,26.19,73.81
519511,Pellegrini,25.71,74.29
519529,Pellegrini,39.63,60.37
519537,Pellegrini,48.41,51.59
519545,Pellegrini,27.43,72.57
519553,Pellegrini,15.26,84.74
519561,Pellegrini,48.18,51.82
519570,Pellegrini,30.36,69.64
519588,Pellegrini,30.03,69.97
519596,Pellegrini,12.5,87.5
519600,Pellegrini,10.67,89.33
519618,Korčok,56.17,43.83
519626,Pellegrini,41.61,58.39
519634,Pellegrini,35.97,64.03
519642,Pellegrini,23.02,76.98
519669,Pellegrini,26.06,73.94
519677,Pellegrini,21.11,78.89
519685,Pellegrini,33.33,66.67
519693,Pellegrini,23.23,76.77
519707,Pellegrini,48.34,51.66
519715,Pellegrini,14.56,85.44
519723,Pellegrini,48.52,51.48
519731,Pellegrini,46.49,53.51
519740,Korčok,54.35,45.65
519758,Pellegrini,32.9,67.1
519766,Pellegrini,27.33,72.67
519774,Pellegrini,45.26,54.74
519782,Pellegrini,37.28,62.72
519791,Pellegrini,21.01,78.99
519804,Pellegrini,23.08,76.92
519812,Pellegrini,29.79,70.21
519821,Pellegrini,40.95,59.05
519839,Pellegrini,49.83,50.17
519847,Pellegrini,20.92,79.08
519855,Pellegrini,47.37,52.63
519863,Pellegrini,36.45,63.55
519871,Pellegrini,47.89,52.11
519880,Korčok,62.07,37.93
519901,Pellegrini,27.66,72.34
519910,Pellegrini,30.0,70.0
519928,Pellegrini,31.73,68.27
519936,Korčok,53.95,46.05
519944,Pellegrini,10.0,90.0
519952,Pellegrini,22.22,77.78
519961,Pellegrini,44.25,55.75
519979,Pellegrini,38.92,61.08
519987,Pellegrini,29.96,70.04
519995,Pellegrini,32.75,67.25
520004,Pellegrini,38.2,61.8
520012,Pellegrini,22.73,77.27
520021,Pellegrini,26.79,73.21
520039,Pellegrini,32.35,67.65
520055,Pellegrini,36.42,63.58
520063,Pellegrini,39.67,60.33
520071,Pellegrini,23.68,76.32
520080,Pellegrini,5.0,95.0
520098,Pellegrini,15.19,84.81
520101,Pellegrini,12.94,87.06
520110,Pellegrini,17.71,82.29
520128,Pellegrini,18.85,81.15
520136,Pellegrini,14.29,85.71
520152,Pellegrini,10.26,89.74
520161,Pellegrini,31.48,68.52
520179,Pellegrini,15.04,84.96
520187,Pellegrini,23.7,76.3
520195,Pellegrini,49.64,50.36
520209,Pellegrini,16.9,83.1
520217,Pellegrini,12.2,87.8
520225,Pellegrini,42.12,57.88
520233,Pellegrini,34.58,65.42
520241,Pellegrini,32.16,67.84
520250,Pellegrini,18.97,81.03
520268,Pellegrini,23.91,76.09
520276,Pellegrini,36.65,63.35
520284,Pellegrini,6.25,93.75
520292,Pellegrini,22.07,77.93
520314,Pellegrini,28.07,71.93
520322,Pellegrini,14.29,85.71
520331,Pellegrini,27.0,73.0
520349,Pellegrini,24.81,75.19
520357,Pellegrini,15.43,84.57
520365,Pellegrini,12.39,87.61
520373,Pellegrini,32.17,67.83
520381,Pellegrini,25.53,74.47
520390,Pellegrini,18.83,81.17
520403,Pellegrini,47.43,52.57
520411,Pellegrini,23.4,76.6
520438,Pellegrini,22.32,77.68
520446,Pellegrini,32.63,67.37
520454,Pellegrini,40.83,59.17
520462,Pellegrini,28.16,71.84
520471,Pellegrini,25.16,74.84
520489,Pellegrini,22.22,77.78
520497,Pellegrini,28.25,71.75
520501,Pellegrini,40.86,59.14
520519,Pellegrini,26.38,73.62
520527,Pellegrini,23.88,76.12
520535,Pellegrini,18.52,81.48
520543,Pellegrini,34.73,65.27
520551,Pellegrini,6.52,93.48
520560,Pellegrini,29.75,70.25
520578,Pellegrini,29.93,70.07
520586,Pellegrini,7.69,92.31
520594,Pellegrini,13.04,86.96
520616,Pellegrini,29.82,70.18
520624,Pellegrini,21.43,78.57
520632,Pellegrini,19.05,80.95
520641,Pellegrini,17.26,82.74
520659,Pellegrini,18.9,81.1
520667,Pellegrini,27.01,72.99
520675,Pellegrini,8.7,91.3
520683,Pellegrini,36.84,63.16
520691,Pellegrini,24.17,75.83
520705,Pellegrini,21.54,78.46
520713,Pellegrini,6.9,93.1
520721,Pellegrini,39.8,60.2
520730,Pellegrini,25.0,75.0
520748,Pellegrini,20.37,79.63
520764,Pellegrini,11.29,88.71
520772,Pellegrini,32.37,67.63
520781,Pellegrini,38.89,61.11
520802,Pellegrini,29.4,70.6
520811,Pellegrini,9.88,90.12
520829,Pellegrini,16.57,83.43
520845,Pellegrini,17.95,82.05
520853,Pellegrini,25.0,75.0
520861,Pellegrini,27.42,72.58
520870,Pellegrini,19.44,80.56
520888,Pellegrini,16.88,83.12
520896,Pellegrini,30.0,70.0
520900,Pellegrini,13.92,86.08
520918,Pellegrini,13.24,86.76
520926,Pellegrini,25.21,74.79
520934,Pellegrini,19.05,80.95
520942,Pellegrini,13.76,86.24
520951,Pellegrini,3.12,96.88
520977,Pellegrini,32.28,67.72
520985,Pellegrini,37.58,62.42
520993,Pellegrini,28.0,72.0
521001,Pellegrini,25.88,74.12
521019,Pellegrini,12.73,87.27
521027,Pellegrini,26.8,73.2
521035,Pellegrini,23.95,76.05
521043,Pellegrini,20.28,79.72
521051,Pellegrini,14.01,85.99
521060,Pellegrini,7.29,92.71
521078,Pellegrini,14.86,85.14
521086,Pellegrini,25.21,74.79
521108,Pellegrini,20.16,79.84
521116,Pellegrini,19.77,80.23
521141,Pellegrini,38.42,61.58
521159,Korčok,68.04,31.96
521167,Korčok,51.54,48.46
521175,Korčok,55.16,44.84
521183,Pellegrini,44.31,55.69
521191,Pellegrini,42.68,57.32
521205,Korčok,51.62,48.38
521213,Pellegrini,33.79,66.21
521221,Korčok,54.66,45.34
521248,Korčok,61.74,38.26
521256,Pellegrini,40.43,59.57
521264,Pellegrini,41.24,58.76
521272,Pellegrini,44.13,55.87
521281,Pellegrini,35.06,64.94
521299,Pellegrini,45.51,54.49
521302,Korčok,50.32,49.68
521311,Pellegrini,48.83,51.17
521329,Pellegrini,41.95,58.05
521337,Pellegrini,31.54,68.46
521345,Pellegrini,44.27,55.73
521353,Pellegrini,49.64,50.36
521361,Pellegrini,34.6,65.4
521370,Korčok,51.33,48.67
521388,Pellegrini,43.75,56.25
521396,Pellegrini,35.48,64.52
521400,Korčok,51.53,48.47
521418,Pellegrini,42.77,57.23
521426,Korčok,55.56,44.44
521442,Korčok,50.85,49.15
521469,Korčok,57.91,42.09
521477,Pellegrini,40.38,59.62
521485,Pellegrini,45.25,54.75
521493,Pellegrini,38.91,61.09
521507,Pellegrini,40.37,59.63
521523,Pellegrini,40.2,59.8
521540,Pellegrini,49.32,50.68
521558,Korčok,50.53,49.47
521566,Pellegrini,25.7,74.3
521574,Pellegrini,48.17,51.83
521582,Pellegrini,44.27,55.73
521591,Pellegrini,49.63,50.37
521604,Pellegrini,44.58,55.42
521612,Pellegrini,47.41,52.59
521639,Korčok,58.21,41.79
521655,Korčok,63.05,36.95
521663,Pellegrini,45.4,54.6
521671,Pellegrini,49.23,50.77
521680,Korčok,54.03,45.97
521698,Pellegrini,44.87,55.13
521701,Pellegrini,32.26,67.74
521728,Korčok,50.43,49.57
521736,Korčok,50.72,49.28
521744,Pellegrini,33.8,66.2
521752,Korčok,50.46,49.54
521761,Pellegrini,43.33,56.67
521779,Pellegrini,29.71,70.29
521787,Pellegrini,42.34,57.66
521795,Pellegrini,41.53,58.47
521809,Pellegrini,47.54,52.46
521817,Korčok,56.43,43.57
521825,Pellegrini,44.3,55.7
521833,Korčok,56.25,43.75
521841,Pellegrini,32.91,67.09
521850,Korčok,53.12,46.88
521868,Pellegrini,41.22,58.78
521876,Pellegrini,45.22,54.78
521884,Pellegrini,35.53,64.47
521892,Pellegrini,39.29,60.71
521906,Pellegrini,47.53,52.47
521914,Pellegrini,36.18,63.82
521922,Pellegrini,33.73,66.27
521931,Korčok,57.84,42.16
521949,Pellegrini,34.58,65.42
521957,Pellegrini,49.88,50.12
521965,Korčok,50.57,49.43
521973,Korčok,51.21,48.79
521981,Pellegrini,47.66,52.34
522007,Pellegrini,38.42,61.58
522015,Korčok,54.55,45.45
522023,Pellegrini,37.3,62.7
522031,Korčok,60.13,39.87
522040,Pellegrini,40.81,59.19
522066,Pellegrini,48.88,51.12
522074,Pellegrini,47.25,52.75
522082,Korčok,71.09,28.91
522091,Korčok,51.53,48.47
522104,Pellegrini,41.41,58.59
522121,Korčok,61.56,38.44
522139,Korčok,54.01,45.99
522147,Pellegrini,37.3,62.7
522155,Pellegrini,39.13,60.87
522163,Pellegrini,35.04,64.96
522171,Pellegrini,48.53,51.47
522180,Korčok,56.31,43.69
522198,Korčok,52.2,47.8
522201,Pellegrini,45.41,54.59
522210,Korčok,57.31,42.69
522244,Korčok,53.9,46.1
522252,Pellegrini,15.57,84.43
522261,Pellegrini,48.49,51.51
522279,Pellegrini,37.58,62.42
522287,Pellegrini,34.05,65.95
522295,Pellegrini,34.01,65.99
522309,Pellegrini,37.21,62.79
522317,Pellegrini,4.95,95.05
522325,Pellegrini,22.13,77.87
522333,Pellegrini,14.85,85.15
522341,Pellegrini,13.4,86.6
522350,Pellegrini,32.76,67.24
522368,Pellegrini,12.66,87.34
522376,Pellegrini,20.0,80.0
522384,Pellegrini,34.92,65.08
522392,Pellegrini,27.88,72.12
522406,Pellegrini,23.12,76.88
522414,Pellegrini,19.4,80.6
522422,Pellegrini,30.25,69.75
522431,Pellegrini,19.69,80.31
522449,Pellegrini,31.7,68.3
522457,Pellegrini,17.07,82.93
522465,Pellegrini,28.57,71.43
522473,Pellegrini,34.62,65.38
522481,Pellegrini,19.29,80.71
522490,Pellegrini,16.67,83.33
522503,Pellegrini,18.18,81.82
522511,Pellegrini,27.68,72.32
522520,Pellegrini,4.72,95.28
522538,Pellegrini,29.11,70.89
522546,Pellegrini,33.86,66.14
522554,Pellegrini,16.11,83.89
522562,Pellegrini,27.82,72.18
522571,Pellegrini,15.79,84.21
522589,Pellegrini,40.66,59.34
522597,Pellegrini,31.82,68.18
522601,Pellegrini,26.32,73.68
522627,Pellegrini,12.94,87.06
522635,Pellegrini,12.16,87.84
522643,Pellegrini,26.7,73.3
522651,Pellegrini,30.56,69.44
522660,Pellegrini,16.83,83.17
522678,Pellegrini,16.67,83.33
522686,Pellegrini,43.85,56.15
522694,Pellegrini,30.43,69.57
522708,Pellegrini,14.61,85.39
522716,Pellegrini,17.34,82.66
522724,Pellegrini,33.33,66.67
522732,Pellegrini,26.98,73.02
522741,Pellegrini,20.7,79.3
522759,Pellegrini,11.43,88.57
522767,Pellegrini,27.97,72.03
522783,Pellegrini,9.02,90.98
522791,Pellegrini,33.41,66.59
522805,Pellegrini,25.76,74.24
522813,Pellegrini,14.02,85.98
522821,Pellegrini,7.8,92.2
522830,Pellegrini,32.0,68.0
522848,Pellegrini,33.47,66.53
522856,Pellegrini,26.28,73.72
522864,Pellegrini,25.0,75.0
522872,Pellegrini,20.5,79.5
522881,Pellegrini,21.59,78.41
522899,Pellegrini,24.07,75.93
522902,Pellegrini,35.11,64.89
522911,Pellegrini,22.68,77.32
522929,Pellegrini,15.58,84.42
522937,Pellegrini,12.61,87.39
522945,Pellegrini,23.17,76.83
522953,Pellegrini,24.61,75.39
522961,Pellegrini,30.59,69.41
522970,Pellegrini,25.17,74.83
522988,Pellegrini,25.24,74.76
522996,Pellegrini,29.9,70.1
523003,Pellegrini,20.94,79.06
523011,Pellegrini,13.11,86.89
523020,Pellegrini,16.67,83.33
523038,Pellegrini,14.88,85.12
523046,Pellegrini,29.67,70.33
523054,Pellegrini,16.53,83.47
523062,Pellegrini,36.18,63.82
523071,Pellegrini,31.36,68.64
523089,Pellegrini,28.07,71.93
523097,Pellegrini,29.97,70.03
523101,Pellegrini,30.92,69.08
523119,Pellegrini,32.2,67.8
523127,Pellegrini,27.78,72.22
523135,Pellegrini,26.64,73.36
523143,Pellegrini,21.05,78.95
523151,Pellegrini,31.38,68.62
523160,Pellegrini,32.89,67.11
523178,Pellegrini,21.97,78.03
523186,Pellegrini,13.14,86.86
523194,Pellegrini,29.57,70.43
523208,Pellegrini,23.38,76.62
523216,Pellegrini,27.68,72.32
523224,Pellegrini,28.64,71.36
523232,Pellegrini,26.94,73.06
523241,Pellegrini,37.81,62.19
523259,Pellegrini,42.2,57.8
523267,Pellegrini,24.62,75.38
523275,Pellegrini,14.07,85.93
523283,Pellegrini,8.36,91.64
523291,Pellegrini,23.25,76.75
523305,Pellegrini,23.76,76.24
523313,Pellegrini,19.19,80.81
523321,Pellegrini,16.02,83.98
523330,Pellegrini,19.28,80.72
523348,Pellegrini,17.22,82.78
523356,Pellegrini,33.05,66.95
523364,Pellegrini,25.97,74.03
523372,Pellegrini,13.97,86.03
523381,Korčok,53.65,46.35
523399,Korčok,55.74,44.26
523402,Korčok,54.59,45.41
523411,Pellegrini,34.06,65.94
523429,Pellegrini,44.56,55.44
523437,Pellegrini,48.1,51.9
523445,Korčok,59.44,40.56
523461,Pellegrini,42.31,57.69
523470,Pellegrini,27.42,72.58
523488,Pellegrini,45.88,54.12
523496,Pellegrini,48.15,51.85
523500,Korčok,66.67,33.33
523518,Pellegrini,41.57,58.43
523526,Korčok,50.33,49.67
523534,Pellegrini,33.2,66.8
523542,Korčok,53.13,46.87
523569,Pellegrini,39.73,60.27
523577,Pellegrini,32.88,67.12
523585,Korčok,52.0,48.0
523593,Pellegrini,49.01,50.99
523607,Korčok,56.5,43.5
523615,Pellegrini,42.02,57.98
523623,Korčok,56.69,43.31
523631,Pellegrini,35.16,64.84
523658,Pellegrini,45.86,54.14
523674,Pellegrini,34.38,65.62
523682,Pellegrini,42.76,57.24
523712,Pellegrini,38.44,61.56
523721,Korčok,58.08,41.92
523739,Korčok,60.57,39.43
523747,Korčok,50.95,49.05
523763,Pellegrini,45.9,54.1
523771,Pellegrini,32.5,67.5
523780,Pellegrini,25.44,74.56
523798,Pellegrini,21.17,78.83
523801,Pellegrini,39.57,60.43
523810,Pellegrini,48.78,51.22
523828,Korčok,53.17,46.83
523836,Pellegrini,43.01,56.99
523844,Korčok,50.84,49.16
523852,Pellegrini,49.45,50.55
523861,Pellegrini,48.66,51.34
523879,Pellegrini,47.31,52.69
523887,Pellegrini,48.44,51.56
523909,Pellegrini,28.32,71.68
523925,Korčok,50.74,49.26
523933,Pellegrini,49.28,50.72
523950,Korčok,51.28,48.72
523976,Pellegrini,38.42,61.58
523984,Pellegrini,41.42,58.58
523992,Pellegrini,36.31,63.69
524000,Korčok,52.11,47.89
524018,Pellegrini,44.16,55.84
524026,Pellegrini,38.69,61.31
524034,Pellegrini,31.22,68.78
524042,Pellegrini,47.31,52.69
524051,Korčok,66.4,33.6
524069,Pellegrini,47.67,52.33
524077,Pellegrini,45.07,54.93
524085,Pellegrini,23.63,76.37
524093,Pellegrini,35.69,64.31
524107,Pellegrini,40.92,59.08
524115,Pellegrini,24.07,75.93
524123,Pellegrini,32.77,67.23
524131,Pellegrini,48.59,51.41
524140,Korčok,57.33,42.67
524158,Pellegrini,27.17,72.83
524174,Pellegrini,47.24,52.76
524182,Pellegrini,23.03,76.97
524191,Korčok,52.45,47.55
524204,Pellegrini,33.16,66.84
524212,Pellegrini,44.57,55.43
524221,Pellegrini,47.93,52.07
524239,Pellegrini,28.49,71.51
524247,Pellegrini,38.53,61.47
524255,Pellegrini,46.21,53.79
524263,Pellegrini,47.11,52.89
524271,Korčok,50.25,49.75
524280,Pellegrini,40.74,59.26
524298,Pellegrini,35.84,64.16
524301,Pellegrini,28.65,71.35
524310,Pellegrini,34.81,65.19
524328,Korčok,53.06,46.94
524336,Pellegrini,38.35,61.65
524344,Pellegrini,35.12,64.88
524352,Pellegrini,40.65,59.35
524361,Pellegrini,48.72,51.28
524379,Pellegrini,30.8,69.2
524387,Korčok,61.32,38.68
524395,Korčok,65.07,34.93
524409,Pellegrini,44.32,55.68
524417,Korčok,66.81,33.19
524425,Pellegrini,28.81,71.19
524433,Korčok,54.77,45.23
524441,Pellegrini,28.0,72.0
524450,Pellegrini,46.43,53.57
524468,Pellegrini,42.67,57.33
524476,Pellegrini,32.98,67.02
524492,Pellegrini,40.08,59.92
524506,Pellegrini,34.47,65.53
524514,Korčok,50.0,50.0
524522,Pellegrini,39.57,60.43
524531,Pellegrini,37.74,62.26
524549,Korčok,55.77,44.23
524557,Pellegrini,21.82,78.18
524565,Pellegrini,40.7,59.3
524573,Pellegrini,37.6,62.4
524581,Pellegrini,48.8,51.2
524590,Korčok,55.73,44.27
524603,Korčok,58.13,41.87
524611,Pellegrini,30.8,69.2
524620,Korčok,60.92,39.08
524638,Korčok,55.6,44.4
524646,Pellegrini,42.74,57.26
524654,Korčok,54.6,45.4
524662,Pellegrini,46.97,53.03
524671,Pellegrini,43.09,56.91
524689,Pellegrini,35.15,64.85
524697,Pellegrini,27.5,72.5
524701,Pellegrini,48.26,51.74
524727,Pellegrini,47.63,52.37
524735,Pellegrini,49.48,50.52
524743,Pellegrini,39.1,60.9
524751,Pellegrini,45.63,54.37
524760,Pellegrini,41.08,58.92
524778,Pellegrini,37.97,62.03
524786,Korčok,59.7,40.3
524794,Pellegrini,48.69,51.31
524808,Pellegrini,25.58,74.42
524816,Pellegrini,30.9,69.1
524824,Pellegrini,31.23,68.77
524832,Pellegrini,49.55,50.45
524841,Korčok,50.48,49.52
524867,Pellegrini,48.15,51.85
524875,Pellegrini,33.46,66.54
524883,Pellegrini,24.3,75.7
524905,Korčok,61.4,38.6
524913,Pellegrini,42.19,57.81
524921,Pellegrini,32.12,67.88
524930,Pellegrini,46.88,53.12
524948,Pellegrini,30.77,69.23
524956,Pellegrini,16.43,83.57
524964,Pellegrini,35.0,65.0
524981,Korčok,52.26,47.74
524999,Pellegrini,45.68,54.32
525006,Pellegrini,37.82,62.18
525014,Korčok,51.44,48.56
525022,Korčok,50.0,50.0
525031,Korčok,61.54,38.46
525049,Korčok,55.24,44.76
525057,Pellegrini,47.37,52.63
525065,Pellegrini,45.63,54.37
525073,Pellegrini,47.2,52.8
525081,Pellegrini,44.32,55.68
525090,Korčok,50.0,50.0
525103,Pellegrini,42.35,57.65
525111,Pellegrini,41.25,58.75
525120,Pellegrini,30.44,69.56
525138,Korčok,52.33,47.67
525146,Pellegrini,44.48,55.52
525154,Pellegrini,42.02,57.98
525162,Korčok,63.55,36.45
525171,Korčok,58.53,41.47
525189,Korčok,50.48,49.52
525197,Korčok,64.46,35.54
525201,Korčok,58.86,41.14
525219,Pellegrini,41.04,58.96
525235,Pellegrini,49.25,50.75
525243,Pellegrini,40.55,59.45
525251,Pellegrini,45.77,54.23
525260,Korčok,52.77,47.23
525278,Pellegrini,30.36,69.64
525286,Korčok,57.83,42.17
525294,Pellegrini,44.25,55.75
525308,Pellegrini,29.58,70.42
525316,Pellegrini,36.79,63.21
525324,Korčok,59.87,40.13
525332,Pellegrini,33.93,66.07
525341,Pellegrini,47.01,52.99
525359,Pellegrini,39.86,60.14
525367,Pellegrini,46.22,53.78
525375,Pellegrini,47.87,52.13
525383,Pellegrini,20.88,79.12
525391,Pellegrini,45.61,54.39
525405,Korčok,58.59,41.41
525413,Korčok,51.2,48.8
525421,Pellegrini,37.65,62.35
525430,Korčok,50.28,49.72
525448,Korčok,62.88,37.12
525456,Pellegrini,46.4,53.6
525472,Korčok,56.95,43.05
525499,Pellegrini,34.82,65.18
525502,Pellegrini,42.86,57.14
525511,Korčok,51.5,48.5
525529,Korčok,50.06,49.94
525537,Korčok,58.67,41.33
525545,Pellegrini,49.2,50.8
525553,Pellegrini,33.33,66.67
525561,Pellegrini,25.0,75.0
525570,Korčok,63.33,36.67
525596,Pellegrini,18.55,81.45
525600,Pellegrini,21.33,78.67
525618,Pellegrini,31.66,68.34
525626,Pellegrini,39.35,60.65
525634,Pellegrini,30.99,69.01
525642,Korčok,60.58,39.42
525651,Pellegrini,20.72,79.28
525669,Pellegrini,29.99,70.01
525677,Pellegrini,13.53,86.47
525685,Pellegrini,40.65,59.35
525693,Pellegrini,27.66,72.34
525707,Pellegrini,23.03,76.97
525715,Pellegrini,16.67,83.33
525723,Pellegrini,33.85,66.15
525731,Pellegrini,46.7,53.3
525740,Pellegrini,34.26,65.74
525758,Pellegrini,20.33,79.67
525766,Pellegrini,35.09,64.91
525774,Pellegrini,32.8,67.2
525782,Pellegrini,45.09,54.91
525791,Pellegrini,23.47,76.53
525812,Pellegrini,3.91,96.09
525821,Pellegrini,25.78,74.22
525839,Pellegrini,20.25,79.75
525847,Pellegrini,23.42,76.58
525855,Pellegrini,42.22,57.78
525863,Pellegrini,49.05,50.95
525871,Pellegrini,47.32,52.68
525898,Pellegrini,37.01,62.99
525901,Pellegrini,12.26,87.74
525910,Pellegrini,49.1,50.9
525928,Pellegrini,19.24,80.76
525936,Pellegrini,49.4,50.6
525944,Pellegrini,8.98,91.02
525952,Pellegrini,32.86,67.14
525961,Pellegrini,18.84,81.16
525987,Pellegrini,31.61,68.39
525995,Pellegrini,27.13,72.87
526002,Korčok,53.61,46.39
526011,Pellegrini,19.42,80.58
526029,Pellegrini,10.31,89.69
526037,Pellegrini,28.57,71.43
526045,Pellegrini,18.4,81.6
526053,Pellegrini,17.28,82.72
526061,Pellegrini,31.0,69.0
526070,Pellegrini,34.21,65.79
526088,Pellegrini,0.0,100.0
526096,Pellegrini,43.68,56.32
526100,Pellegrini,18.6,81.4
526118,Pellegrini,13.79,86.21
526126,Pellegrini,28.23,71.77
526134,Pellegrini,33.76,66.24
526142,Pellegrini,33.25,66.75
526151,Pellegrini,49.47,50.53
526177,Pellegrini,15.62,84.38
526185,Pellegrini,12.2,87.8
526193,Pellegrini,15.25,84.75
526207,Pellegrini,32.53,67.47
526215,Pellegrini,43.73,56.27
526223,Pellegrini,31.54,68.46
526231,Pellegrini,30.77,69.23
526240,Pellegrini,43.9,56.1
526258,Pellegrini,13.86,86.14
526266,Pellegrini,24.86,75.14
526274,Pellegrini,9.52,90.48
526282,Pellegrini,17.76,82.24
526291,Pellegrini,42.22,57.78
526304,Pellegrini,4.8,95.2
526312,Pellegrini,24.25,75.75
526321,Pellegrini,17.39,82.61
526339,Pellegrini,27.02,72.98
526347,Pellegrini,24.6,75.4
526355,Pellegrini,49.73,50.27
526363,Korčok,59.43,40.57
526371,Pellegrini,31.25,68.75
526380,Korčok,51.85,48.15
526398,Pellegrini,35.48,64.52
526401,Pellegrini,42.4,57.6
526410,Pellegrini,31.87,68.13
526428,Korčok,61.48,38.52
526436,Pellegrini,24.42,75.58
526444,Pellegrini,37.84,62.16
526452,Korčok,56.14,43.86
526461,Pellegrini,22.27,77.73
526479,Pellegrini,49.34,50.66
526487,Pellegrini,39.39,60.61
526495,Korčok,50.0,50.0
526509,Pellegrini,34.37,65.63
526517,Pellegrini,42.58,57.42
526525,Pellegrini,36.36,63.64
526533,Korčok,51.49,48.51
526541,Pellegrini,26.43,73.57
526550,Pellegrini,40.96,59.04
526568,Pellegrini,25.5,74.5
526576,Pellegrini,43.49,56.51
526584,Pellegrini,34.33,65.67
526592,Pellegrini,36.34,63.66
526606,Pellegrini,49.09,50.91
526614,Pellegrini,35.29,64.71
526631,Korčok,50.9,49.1
526649,Pellegrini,18.87,81.13
526657,Pellegrini,21.93,78.07
526665,Pellegrini,44.79,55.21
526673,Pellegrini,28.46,71.54
526681,Pellegrini,24.63,75.37
526690,Korčok,56.47,43.53
526703,Pellegrini,21.74,78.26
526711,Pellegrini,18.25,81.75
526720,Pellegrini,38.83,61.17
526738,Pellegrini,35.87,64.13
526746,Pellegrini,36.03,63.97
526754,Korčok,53.29,46.71
526762,Pellegrini,23.4,76.6
526771,Pellegrini,22.93,77.07
526789,Pellegrini,23.18,76.82
526797,Korčok,50.38,49.62
526801,Pellegrini,47.46,52.54
526819,Pellegrini,15.74,84.26
526827,Pellegrini,34.83,65.17
526835,Pellegrini,48.15,51.85
526843,Pellegrini,26.72,73.28
526851,Pellegrini,27.23,72.77
526860,Pellegrini,5.99,94.01
526878,Pellegrini,24.66,75.34
526886,Pellegrini,42.86,57.14
526894,Korčok,54.17,45.83
526908,Korčok,55.59,44.41
526916,Pellegrini,39.6,60.4
526924,Pellegrini,46.42,53.58
526932,Pellegrini,30.3,69.7
526941,Pellegrini,34.77,65.23
526959,Pellegrini,28.67,71.33
526967,Korčok,57.14,42.86
526975,Pellegrini,44.65,55.35
526983,Pellegrini,23.58,76.42
526991,Pellegrini,28.57,71.43
527009,Pellegrini,37.84,62.16
527017,Pellegrini,42.86,57.14
527025,Pellegrini,25.83,74.17
527033,Pellegrini,20.47,79.53
527041,Pellegrini,27.41,72.59
527050,Pellegrini,38.46,61.54
527068,Pellegrini,46.15,53.85
527076,Pellegrini,28.45,71.55
527084,Pellegrini,26.4,73.6
527092,Pellegrini,43.32,56.68
527106,Pellegrini,29.04,70.96
527114,Korčok,55.17,44.83
527122,Korčok,68.18,31.82
527131,Pellegrini,18.82,81.18
527149,Pellegrini,13.79,86.21
527157,Pellegrini,28.05,71.95
527165,Pellegrini,25.76,74.24
527173,Pellegrini,23.7,76.3
527181,Pellegrini,22.5,77.5
527190,Pellegrini,12.5,87.5
527203,Pellegrini,37.24,62.76
527211,Pellegrini,14.07,85.93
527220,Pellegrini,15.38,84.62
527238,Pellegrini,9.76,90.24
527246,Pellegrini,36.67,63.33
527254,Pellegrini,19.23,80.77
527262,Pellegrini,32.0,68.0
527271,Pellegrini,41.25,58.75
527289,Pellegrini,12.9,87.1
527297,Pellegrini,21.71,78.29
527301,Pellegrini,41.67,58.33
527319,Pellegrini,17.61,82.39
527327,Pellegrini,25.81,74.19
527335,Pellegrini,26.25,73.75
527343,Pellegrini,38.1,61.9
527351,Pellegrini,29.09,70.91
527360,Pellegrini,23.64,76.36
527378,Pellegrini,11.76,88.24
527386,Pellegrini,5.75,94.25
527394,Pellegrini,34.62,65.38
527408,Pellegrini,21.74,78.26
527416,Pellegrini,9.76,90.24
527424,Pellegrini,9.18,90.82
527432,Pellegrini,12.64,87.36
527441,Pellegrini,16.13,83.87
527459,Pellegrini,32.0,68.0
527467,Pellegrini,16.67,83.33
527475,Pellegrini,33.33,66.67
527483,Pellegrini,13.54,86.46
527491,Pellegrini,11.63,88.37
527505,Pellegrini,15.38,84.62
527513,Pellegrini,30.95,69.05
527521,Pellegrini,18.82,81.18
527530,Pellegrini,31.37,68.63
527548,Pellegrini,22.22,77.78
527556,Pellegrini,5.41,94.59
527564,Pellegrini,20.26,79.74
527572,Pellegrini,30.77,69.23
527581,Pellegrini,40.91,59.09
527599,Pellegrini,11.11,88.89
527602,Pellegrini,16.04,83.96
527611,Pellegrini,28.0,72.0
527629,Korčok,50.0,50.0
527637,Pellegrini,21.69,78.31
527645,Pellegrini,16.67,83.33
527653,Pellegrini,12.36,87.64
527661,Pellegrini,16.98,83.02
527670,Pellegrini,23.88,76.12
527688,Pellegrini,11.76,88.24
527696,Pellegrini,28.32,71.68
527700,Pellegrini,30.61,69.39
527718,Pellegrini,26.83,73.17
527726,Pellegrini,0.0,100.0
527734,Pellegrini,17.65,82.35
527742,Pellegrini,18.75,81.25
527751,Pellegrini,33.33,66.67
527769,Pellegrini,19.48,80.52
527777,Pellegrini,14.4,85.6
527785,Pellegrini,10.47,89.53
527793,Pellegrini,24.63,75.37
527807,Pellegrini,20.45,79.55
527815,Pellegrini,25.0,75.0
527823,Pellegrini,25.19,74.81
527831,Pellegrini,18.75,81.25
527840,Pellegrini,38.1,61.9
527858,Pellegrini,10.13,89.87
527866,Pellegrini,29.5,70.5
527874,Pellegrini,0.0,100.0
527882,Pellegrini,22.5,77.5
527891,Pellegrini,16.28,83.72
527904,Pellegrini,16.67,83.33
527912,Pellegrini,25.0,75.0
527921,Pellegrini,20.69,79.31
527939,Pellegrini,43.78,56.22
527947,Pellegrini,7.94,92.06
527955,Pellegrini,20.87,79.13
527963,Pellegrini,40.62,59.38
527971,Pellegrini,26.92,73.08
527980,Pellegrini,14.74,85.26
527998,Pellegrini,6.78,93.22
528005,Pellegrini,32.43,67.57
528013,Pellegrini,12.0,88.0
528021,Pellegrini,24.64,75.36
528030,Pellegrini,15.25,84.75
528048,Pellegrini,24.46,75.54
528056,Pellegrini,15.69,84.31
528064,Pellegrini,18.37,81.63
528072,Pellegrini,17.22,82.78
528081,Pellegrini,18.18,81.82
528099,Pellegrini,37.88,62.12
528102,Pellegrini,8.21,91.79
528111,Pellegrini,20.89,79.11
528129,Pellegrini,26.96,73.04
528137,Pellegrini,16.36,83.64
528145,Pellegrini,25.87,74.13
528153,Pellegrini,25.33,74.67
528161,Pellegrini,20.54,79.46
528170,Pellegrini,35.31,64.69
528188,Pellegrini,18.7,81.3
528200,Pellegrini,32.97,67.03
528218,Pellegrini,35.14,64.86
528226,Pellegrini,19.78,80.22
528234,Pellegrini,28.55,71.45
528242,Pellegrini,32.23,67.77
528251,Pellegrini,36.76,63.24
528269,Pellegrini,20.48,79.52
528277,Pellegrini,12.69,87.31
528285,Pellegrini,23.42,76.58
528293,Pellegrini,30.67,69.33
528307,Pellegrini,38.03,61.97
528315,Pellegrini,43.77,56.23
528323,Pellegrini,10.92,89.08
528331,Pellegrini,16.98,83.02
528340,Pellegrini,31.56,68.44
528358,Pellegrini,26.55,73.45
528366,Pellegrini,25.5,74.5
528374,Pellegrini,25.71,74.29
528382,Pellegrini,44.28,55.72
528391,Pellegrini,7.69,92.31
528404,Pellegrini,21.1,78.9
528412,Pellegrini,22.66,77.34
528421,Pellegrini,34.08,65.92
528439,Pellegrini,21.84,78.16
528447,Pellegrini,29.29,70.71
528455,Pellegrini,11.03,88.97
528463,Pellegrini,19.13,80.87
528471,Pellegrini,32.44,67.56
528480,Pellegrini,25.77,74.23
528498,Pellegrini,21.26,78.74
528501,Pellegrini,22.73,77.27
528510,Pellegrini,27.27,72.73
528528,Pellegrini,24.49,75.51
528536,Pellegrini,27.44,72.56
528544,Pellegrini,20.15,79.85
528552,Pellegrini,23.91,76.09
528561,Pellegrini,16.67,83.33
528579,Pellegrini,19.69,80.31
528587,Pellegrini,37.37,62.63
528609,Pellegrini,34.65,65.35
528617,Pellegrini,29.79,70.21
528625,Pellegrini,30.28,69.72
528633,Pellegrini,20.54,79.46
528641,Pellegrini,29.28,70.72
528650,Pellegrini,23.72,76.28
528668,Pellegrini,19.44,80.56
528676,Pellegrini,35.49,64.51
528684,Pellegrini,23.12,76.88
528692,Pellegrini,10.82,89.18
528706,Pellegrini,11.98,88.02
528714,Pellegrini,12.44,87.56
528722,Pellegrini,32.6,67.4
528731,Pellegrini,29.89,70.11
528749,Pellegrini,22.43,77.57
528757,Pellegrini,25.0,75.0
528765,Pellegrini,21.21,78.79
528773,Pellegrini,22.62,77.38
528781,Pellegrini,28.01,71.99
528790,Pellegrini,26.47,73.53
528803,Pellegrini,23.38,76.62
528811,Pellegrini,21.71,78.29
528820,Pellegrini,21.82,78.18
528838,Pellegrini,24.12,75.88
528846,Pellegrini,26.98,73.02
528854,Pellegrini,16.88,83.12
528862,Pellegrini,34.76,65.24
528871,Pellegrini,24.1,75.9
528889,Pellegrini,24.4,75.6
528897,Pellegrini,14.97,85.03
528901,Pellegrini,26.65,73.35
528919,Pellegrini,24.47,75.53
528927,Pellegrini,34.93,65.07
528935,Pellegrini,33.0,67.0
528943,Pellegrini,26.64,73.36
528951,Pellegrini,22.58,77.42
528960,Pellegrini,32.13,67.87
528978,Pellegrini,40.7,59.3
528986,Pellegrini,16.79,83.21
528994,Pellegrini,13.33,86.67
529001,Pellegrini,17.19,82.81
529010,Pellegrini,21.05,78.95
529028,Pellegrini,14.63,85.37
529036,Pellegrini,24.59,75.41
529044,Pellegrini,14.75,85.25
529052,Pellegrini,38.27,61.73
529061,Pellegrini,28.57,71.43
529079,Pellegrini,28.42,71.58
529087,Pellegrini,33.33,66.67
529095,Pellegrini,17.27,82.73
529109,Pellegrini,23.33,76.67
529117,Pellegrini,24.56,75.44
529125,Pellegrini,24.23,75.77
529133,Pellegrini,29.18,70.82
529141,Pellegrini,31.13,68.87
529150,Pellegrini,20.23,79.77
529168,Pellegrini,38.67,61.33
529176,Pellegrini,30.94,69.06
529184,Pellegrini,20.83,79.17
529192,Pellegrini,20.97,79.03
529206,Pellegrini,32.81,67.19
529214,Pellegrini,7.69,92.31
529222,Pellegrini,31.15,68.85
529231,Pellegrini,43.75,56.25
529249,Pellegrini,23.94,76.06
529257,Pellegrini,28.48,71.52
529265,Pellegrini,22.74,77.26
529273,Pellegrini,11.11,88.89
529281,Pellegrini,16.67,83.33
529290,Pellegrini,21.78,78.22
542652,Pellegrini,40.02,59.98
542661,Pellegrini,26.61,73.39
542695,Pellegrini,37.41,62.59
542709,Pellegrini,20.77,79.23
542717,Pellegrini,24.11,75.89
542733,Pellegrini,36.08,63.92
542741,Pellegrini,38.52,61.48
542776,Pellegrini,21.21,78.79
542792,Pellegrini,28.44,71.56
542806,Pellegrini,28.71,71.29
542822,Pellegrini,46.44,53.56
542849,Pellegrini,41.01,58.99
542857,Pellegrini,38.3,61.7
542873,Pellegrini,26.74,73.26
542881,Pellegrini,16.13,83.87
542890,Pellegrini,32.2,67.8
542920,Korčok,51.91,48.09
542938,Pellegrini,25.91,74.09
542954,Pellegrini,36.21,63.79
542962,Pellegrini,38.49,61.51
542971,Pellegrini,29.65,70.35
543004,Pellegrini,43.85,56.15
543039,Pellegrini,24.41,75.59
543047,Pellegrini,25.49,74.51
543055,Pellegrini,37.8,62.2
543063,Pellegrini,36.68,63.32
543071,Pellegrini,30.17,69.83
543080,Pellegrini,33.9,66.1
543101,Pellegrini,24.74,75.26
543110,Pellegrini,31.95,68.05
543136,Pellegrini,37.34,62.66
543144,Pellegrini,42.48,57.52
543152,Pellegrini,33.65,66.35
543161,Pellegrini,47.14,52.86
543179,Pellegrini,41.8,58.2
543187,Pellegrini,33.93,66.07
543195,Korčok,50.16,49.84
543209,Pellegrini,17.79,82.21
543225,Pellegrini,44.14,55.86
543233,Pellegrini,33.08,66.92
543241,Pellegrini,26.61,73.39
543250,Pellegrini,35.96,64.04
543268,Pellegrini,33.97,66.03
543276,Korčok,66.67,33.33
543284,Korčok,60.07,39.93
543292,Pellegrini,46.39,53.61
543306,Korčok,60.48,39.52
543314,Pellegrini,27.54,72.46
543322,Pellegrini,43.31,56.69
543331,Pellegrini,36.4,63.6
543349,Pellegrini,48.01,51.99
543357,Pellegrini,36.3,63.7
543365,Pellegrini,23.58,76.42
543373,Pellegrini,30.88,69.12
543381,Korčok,58.8,41.2
543390,Pellegrini,25.0,75.0
543403,Pellegrini,49.8,50.2
543411,Pellegrini,35.48,64.52
543420,Pellegrini,32.45,67.55
543438,Pellegrini,39.05,60.95
543446,Pellegrini,49.43,50.57
543454,Pellegrini,17.95,82.05
543462,Korčok,54.0,46.0
543471,Pellegrini,47.3,52.7
543489,Pellegrini,38.29,61.71
543497,Pellegrini,25.17,74.83
543501,Pellegrini,33.15,66.85
543519,Pellegrini,28.76,71.24
543527,Pellegrini,49.73,50.27
543535,Pellegrini,22.34,77.66
543551,Pellegrini,44.62,55.38
543560,Pellegrini,42.93,57.07
543578,Pellegrini,39.42,60.58
543586,Pellegrini,49.53,50.47
543594,Pellegrini,46.76,53.24
543608,Pellegrini,48.46,51.54
543616,Pellegrini,36.78,63.22
543624,Korčok,54.82,45.18
543632,Pellegrini,47.41,52.59
543641,Korčok,59.14,40.86
543659,Pellegrini,18.43,81.57
543667,Korčok,51.3,48.7
543675,Pellegrini,20.51,79.49
543683,Pellegrini,49.44,50.56
543691,Korčok,50.0,50.0
543705,Pellegrini,35.87,64.13
543713,Pellegrini,34.55,65.45
543721,Pellegrini,47.0,53.0
543730,Pellegrini,31.82,68.18
543748,Pellegrini,33.94,66.06
543756,Pellegrini,32.07,67.93
543764,Pellegrini,13.43,86.57
543772,Pellegrini,30.77,69.23
543781,Pellegrini,49.33,50.67
543799,Pellegrini,18.71,81.29
543802,Pellegrini,37.48,62.52
543811,Pellegrini,18.03,81.97
543829,Pellegrini,37.35,62.65
543845,Pellegrini,34.54,65.46
543853,Pellegrini,30.24,69.76
543861,Pellegrini,25.66,74.34
543870,Pellegrini,25.74,74.26
543888,Pellegrini,13.19,86.81
543896,Pellegrini,18.48,81.52
543900,Pellegrini,17.44,82.56
543918,Pellegrini,24.11,75.89
543926,Pellegrini,31.06,68.94
543934,Pellegrini,22.94,77.06
543942,Pellegrini,20.44,79.56
543951,Pellegrini,26.51,73.49
543969,Pellegrini,45.59,54.41
543977,Pellegrini,18.93,81.07
543985,Pellegrini,39.33,60.67
543993,Pellegrini,23.73,76.27
544001,Pellegrini,33.24,66.76
544019,Pellegrini,34.09,65.91
544027,Pellegrini,32.54,67.46
544035,Pellegrini,28.73,71.27
544043,Pellegrini,25.0,75.0
544051,Pellegrini,32.59,67.41
544060,Pellegrini,32.56,67.44
544078,Pellegrini,17.47,82.53
544086,Pellegrini,32.67,67.33
544094,Pellegrini,24.26,75.74
544108,Pellegrini,20.8,79.2
544116,Pellegrini,28.5,71.5
544124,Pellegrini,27.86,72.14
544132,Pellegrini,29.75,70.25
544141,Pellegrini,13.39,86.61
544159,Pellegrini,19.04,80.96
544167,Pellegrini,29.63,70.37
544175,Pellegrini,23.68,76.32
544183,Pellegrini,30.86,69.14
544191,Pellegrini,18.75,81.25
544205,Pellegrini,20.93,79.07
544213,Pellegrini,32.63,67.37
544221,Pellegrini,37.63,62.37
544230,Pellegrini,32.02,67.98
545333,Korčok,65.19,34.81
545350,Pellegrini,41.76,58.24
545589,Pellegrini,39.21,60.79
545635,Pellegrini,36.87,63.13
545651,Pellegrini,34.26,65.74
545686,Pellegrini,41.27,58.73
545741,Pellegrini,45.08,54.92
545961,Pellegrini,47.62,52.38
546640,Pellegrini,32.74,67.26
546682,Pellegrini,45.68,54.32
547522,Pellegrini,41.75,58.25
547557,Pellegrini,47.7,52.3
547590,Pellegrini,21.5,78.5
547611,Pellegrini,47.0,53.0
547620,Pellegrini,37.58,62.42
555487,Korčok,62.31,37.69
555495,Korčok,55.64,44.36
555509,Korčok,68.97,31.03
555517,Korčok,56.41,43.59
555541,Pellegrini,43.44,56.56
555568,Pellegrini,32.7,67.3
555576,Pellegrini,35.25,64.75
555606,Pellegrini,46.4,53.6
555649,Pellegrini,25.25,74.75
555665,Pellegrini,44.1,55.9
555673,Pellegrini,41.64,58.36
555720,Pellegrini,41.81,58.19
555746,Pellegrini,33.91,66.09
555754,Korčok,50.6,49.4
555789,Pellegrini,48.74,51.26
555819,Pellegrini,26.92,73.08
555827,Pellegrini,28.1,71.9
555843,Pellegrini,25.68,74.32
555851,Korčok,55.6,44.4
555860,Pellegrini,48.68,51.32
555878,Pellegrini,44.65,55.35
555886,Pellegrini,46.02,53.98
555908,Pellegrini,40.73,59.27
555916,Pellegrini,44.36,55.64
555924,Pellegrini,31.38,68.62
555932,Pellegrini,32.05,67.95
555959,Korčok,61.42,38.58
555967,Pellegrini,44.06,55.94
555991,Pellegrini,28.03,71.97
556025,Pellegrini,30.1,69.9
556033,Pellegrini,10.0,90.0
556050,Pellegrini,24.71,75.29
556092,Pellegrini,36.12,63.88
556114,Pellegrini,47.64,52.36
556122,Korčok,54.3,45.7
556131,Korčok,59.49,40.51
556149,Pellegrini,33.01,66.99
556157,Pellegrini,36.66,63.34
556165,Pellegrini,35.4,64.6
556173,Pellegrini,23.19,76.81
556190,Pellegrini,23.27,76.73
556211,Pellegrini,25.0,75.0
556220,Pellegrini,22.22,77.78
556238,Pellegrini,40.37,59.63
556246,Pellegrini,37.78,62.22
556262,Pellegrini,32.09,67.91
556271,Pellegrini,46.59,53.41
556289,Pellegrini,31.6,68.4
556297,Pellegrini,22.34,77.66
556327,Pellegrini,31.37,68.63
556351,Pellegrini,33.51,66.49
556360,Pellegrini,32.22,67.78
556408,Pellegrini,19.57,80.43
556416,Pellegrini,27.53,72.47
556424,Pellegrini,34.78,65.22
556441,Pellegrini,41.75,58.25
556459,Pellegrini,48.42,51.58
556475,Korčok,50.89,49.11
556483,Korčok,59.12,40.88
556491,Korčok,51.66,48.34
556513,Korčok,52.33,47.67
556521,Pellegrini,43.9,56.1
556530,Pellegrini,41.14,58.86
556548,Pellegrini,30.65,69.35
556556,Korčok,53.46,46.54
556564,Korčok,53.1,46.9
556572,Pellegrini,43.17,56.83
556581,Pellegrini,29.47,70.53
556599,Pellegrini,40.24,59.76
556602,Pellegrini,29.32,70.68
556611,Pellegrini,23.29,76.71
556645,Pellegrini,27.23,72.77
556653,Pellegrini,44.86,55.14
556661,Pellegrini,41.56,58.44
556670,Korčok,56.53,43.47
556688,Pellegrini,46.39,53.61
556696,Korčok,59.94,40.06
556742,Pellegrini,27.15,72.85
556777,Pellegrini,16.67,83.33
556785,Pellegrini,26.85,73.15
556793,Pellegrini,28.57,71.43
556807,Pellegrini,42.0,58.0
556823,Korčok,58.0,42.0
557251,Korčok,59.31,40.69
557269,Pellegrini,36.75,63.25
557277,Pellegrini,42.92,57.08
557285,Pellegrini,45.19,54.81
557293,Pellegrini,42.23,57.77
557307,Pellegrini,36.43,63.57
557315,Pellegrini,37.76,62.24
557323,Pellegrini,20.31,79.69
557331,Pellegrini,47.37,52.63
557340,Pellegrini,21.82,78.18
557358,Pellegrini,47.89,52.11
557391,Pellegrini,44.66,55.34
557404,Pellegrini,42.82,57.18
557412,Pellegrini,39.17,60.83
557421,Pellegrini,40.09,59.91
557439,Pellegrini,32.8,67.2
557447,Pellegrini,35.32,64.68
557471,Pellegrini,38.95,61.05
557480,Pellegrini,25.26,74.74
557498,Pellegrini,39.29,60.71
557501,Pellegrini,27.22,72.78
557510,Pellegrini,23.91,76.09
557552,Pellegrini,21.99,78.01
557561,Pellegrini,36.21,63.79
557579,Pellegrini,21.58,78.42
557595,Pellegrini,26.67,73.33
557609,Pellegrini,15.09,84.91
557617,Pellegrini,25.86,74.14
557625,Pellegrini,25.37,74.63
557633,Pellegrini,18.79,81.21
557692,Pellegrini,25.0,75.0
557706,Pellegrini,39.94,60.06
557714,Pellegrini,36.08,63.92
557757,Pellegrini,19.21,80.79
557765,Pellegrini,30.36,69.64
557790,Pellegrini,28.57,71.43
557811,Pellegrini,22.1,77.9
557820,Pellegrini,6.06,93.94
557854,Pellegrini,15.24,84.76
557889,Pellegrini,19.35,80.65
557901,Pellegrini,15.15,84.85
557919,Korčok,69.44,30.56
557927,Pellegrini,32.14,67.86
557935,Pellegrini,41.73,58.27
557960,Pellegrini,40.51,59.49
557986,Pellegrini,26.32,73.68
557994,Korčok,50.23,49.77
558087,Korčok,58.08,41.92
558133,Pellegrini,45.04,54.96
558168,Pellegrini,28.21,71.79
558192,Pellegrini,39.84,60.16
558206,Pellegrini,32.84,67.16
558214,Korčok,50.0,50.0
558222,Pellegrini,24.53,75.47
558273,Pellegrini,10.81,89.19
558281,Pellegrini,27.47,72.53
558320,Pellegrini,44.56,55.44
558338,Korčok,50.21,49.79
558354,Pellegrini,42.08,57.92
558397,Pellegrini,43.82,56.18
559547,Pellegrini,36.52,63.48
559598,Pellegrini,30.86,69.14
559610,Pellegrini,23.53,76.47
559636,Pellegrini,19.4,80.6
559644,Pellegrini,30.38,69.62
559652,Pellegrini,18.52,81.48
559687,Korčok,52.67,47.33
559784,Pellegrini,43.05,56.95
559831,Pellegrini,32.5,67.5
559865,Pellegrini,44.8,55.2
559873,Pellegrini,47.18,52.82
559881,Pellegrini,43.75,56.25
559890,Korčok,59.79,40.21
559938,Pellegrini,29.41,70.59
559971,Pellegrini,44.77,55.23
559989,Pellegrini,23.81,76.19
560022,Pellegrini,39.81,60.19
560031,Korčok,55.45,44.55
560049,Pellegrini,42.75,57.25
560065,Pellegrini,40.74,59.26
560073,Pellegrini,15.0,85.0
560103,Korčok,61.27,38.73
560154,Korčok,53.41,46.59
580236,Pellegrini,33.42,66.58
580244,Pellegrini,48.51,51.49
580252,Pellegrini,34.17,65.83
580287,Pellegrini,45.16,54.84
580309,Pellegrini,45.16,54.84
580317,Pellegrini,20.94,79.06
580368,Pellegrini,49.21,50.79
580384,Pellegrini,42.2,57.8
580449,Pellegrini,41.82,58.18
580457,Pellegrini,40.43,59.57
580473,Korčok,55.01,44.99
580520,Pellegrini,31.73,68.27
580546,Pellegrini,32.66,67.34
580554,Pellegrini,47.3,52.7
580597,Korčok,68.0,32.0
580601,Pellegrini,47.71,52.29
580791,Pellegrini,34.99,65.01
580813,Korčok,57.48,42.52
580856,Pellegrini,38.24,61.76
580864,Korčok,55.56,44.44
580899,Pellegrini,44.63,55.37
580911,Pellegrini,15.15,84.85
580937,Pellegrini,31.63,68.37
580953,Pellegrini,45.96,54.04
581020,Pellegrini,45.18,54.82
581097,Pellegrini,37.86,62.14
581135,Pellegrini,21.47,78.53
581160,Pellegrini,44.15,55.85
581241,Korčok,50.0,50.0
581305,Pellegrini,38.73,61.27
581348,Pellegrini,17.35,82.65
581399,Pellegrini,47.29,52.71
581488,Korčok,60.26,39.74
581585,Korčok,55.65,44.35
581607,Pellegrini,34.7,65.3
581623,Pellegrini,48.0,52.0
581640,Pellegrini,37.29,62.71
581658,Pellegrini,30.77,69.23
581674,Pellegrini,33.74,66.26
581691,Pellegrini,30.88,69.12
581704,Pellegrini,31.59,68.41
581712,Pellegrini,36.36,63.64
581747,Korčok,54.98,45.02
581895,Pellegrini,40.87,59.13
581984,Pellegrini,31.83,68.17
582000,Korčok,69.0,31.0
582051,Pellegrini,12.22,87.78
582093,Pellegrini,40.3,59.7
582140,Pellegrini,45.64,54.36
582301,Pellegrini,29.54,70.46
582361,Pellegrini,29.1,70.9
582387,Pellegrini,35.28,64.72
582425,Pellegrini,35.18,64.82
582514,Korčok,50.52,49.48
582522,Pellegrini,18.31,81.69
582549,Pellegrini,37.68,62.32
582638,Pellegrini,37.72,62.28
582697,Pellegrini,45.45,54.55
582719,Korčok,60.39,39.61
582816,Pellegrini,36.36,63.64
599310,Pellegrini,32.26,67.74
599328,Pellegrini,35.28,64.72
599336,Korčok,51.84,48.16
599981,Korčok,59.8,40.2
