Kód obce,Názov obce,Počet zapísaných voličov,Počet zúčastnených voličov,Účasť voličov v %
500011,Nitra,63455,36606,57.68
500020,Alekšince,1472,729,49.52
500046,Báb,978,555,56.74
500062,Beladice,1360,792,58.23
500071,Branč,1820,925,50.82
500101,Čakajovce,938,545,58.1
500127,Čaradice,415,219,52.77
500135,Čeľadice,886,485,54.74
500151,Čierne Kľačany,941,566,60.14
500160,Čifáre,502,224,44.62
500194,Dolné Obdokovce,930,465,50
500232,Golianovo,1523,933,61.26
500241,Hájske,1082,575,53.14
500267,Záhorie (vojenský obvod),132,76,57.57
500283,Hostie,966,575,59.52
500305,Hosťovce,601,357,59.4
500313,Hruboňovo,456,261,57.23
500321,Choča,411,241,58.63
500348,Zubák,693,338,48.77
500356,Jarok,1703,953,55.96
500364,Jedľové Kostoľany,758,420,55.4
500372,Jelenec,1738,863,49.65
500381,Jelšovce,821,420,51.15
500399,Kapince,154,93,60.38
500402,Klasov,1032,565,54.74
500411,Kolíňany,1257,606,48.21
500429,Kostoľany pod Tribečom,294,186,63.26
500437,Ladice,645,312,48.37
500453,Lehota,1983,1191,60.06
500461,Lovce,581,349,60.06
500470,Lúčnica nad Žitavou,819,486,59.34
500488,Lukáčovce,972,504,51.85
500500,Machulince,886,549,61.96
500518,Veľké Chyndice,280,160,57.14
500534,Malé Zálužie,243,149,61.31
500542,Mankovce,410,262,63.9
500551,Martin nad Žitavou,473,274,57.92
500569,Melek,454,277,61.01
500577,Mojmírovce,2361,1163,49.25
500585,Nemčiňany,541,308,56.93
500593,Neverice,552,320,57.97
500607,Nevidzany,477,293,61.42
500631,Nová Ves nad Žitavou,1115,640,57.39
500640,Nové Sady,1067,694,65.04
500658,Obyce,1220,729,59.75
500666,Paňa,337,188,55.78
500674,Podhorany,969,544,56.14
500682,Pohranice,936,548,58.54
500691,Poľný Kesov,550,324,58.9
500704,Rišňovce,1711,972,56.8
500712,Rumanová,707,430,60.82
500721,Skýcov,780,473,60.64
500739,Močenok,3515,1905,54.19
500747,Sľažany,1386,858,61.9
500755,Slepčany,665,403,60.6
500780,Šurianky,495,341,68.88
500798,Tajná,231,143,61.9
500810,Tesárske Mlyňany,1382,786,56.87
500828,Topoľčianky,2206,1336,60.56
500836,Velčice,694,417,60.08
500844,Veľká Dolina,591,344,58.2
500887,Veľké Zálužie,3488,1924,55.16
500895,Veľký Cetín,1347,649,48.18
500909,Vieska nad Žitavou,359,234,65.18
500917,Vinodol,1568,772,49.23
500925,Volkovce,840,469,55.83
500933,Vráble,6883,3862,56.1
500941,Výčapy - Opatovce,1748,1090,62.35
500950,Zbehy,1846,1093,59.2
500968,Zlaté Moravce,9724,5217,53.65
500976,Zlatno,182,121,66.48
500984,Žikava,431,251,58.23
500992,Žirany,1118,563,50.35
501018,Žitavce,358,195,54.46
501026,Komárno,26643,9572,35.92
501034,Bajč,999,389,38.93
501042,Bodza,306,82,26.79
501069,Brestovec,411,142,34.54
501077,Búč,954,368,38.57
501085,Čalovec,926,360,38.87
501093,Číčov,1027,308,29.99
501107,Dedina Mládeže,345,122,35.36
501115,Svätý Peter,2232,857,38.39
501123,Dulovce,1291,488,37.8
501140,Hurbanovo,5896,2373,40.24
501158,Chotín,1166,410,35.16
501166,Imeľ,1706,637,37.33
501174,Iža,1416,482,34.03
501182,Kameničná,1551,444,28.62
501191,Klížska Nemá,357,124,34.73
501204,Kolárovo,8572,2491,29.05
501212,Kravany nad Dunajom,589,231,39.21
501221,Lipové,128,81,63.28
501239,Marcelová,3097,857,27.67
501247,Martovce,590,211,35.76
501255,Moča,949,300,31.61
501263,Modrany,1061,208,19.6
501271,Mudroňovo,91,40,43.95
501280,Nesvady,3978,1272,31.97
501301,Okoličná na Ostrove,1190,322,27.05
501310,Patince,487,216,44.35
501328,Pribeta,2265,745,32.89
501336,Radvaň nad Dunajom,595,235,39.49
501344,Sokolce,1000,305,30.5
501352,Šrobárová,416,232,55.76
501361,Tôň,633,236,37.28
501379,Trávnik,565,146,25.84
501387,Veľké Kosihy,797,292,36.63
501395,Bátorove Kosihy,2719,737,27.1
501409,Vrbová nad Váhom,457,144,31.5
501417,Zemianska Olča,1899,427,22.48
501425,Zlatná na Ostrove,2032,493,24.26
501433,Dunajská Streda,19102,6245,32.69
501441,Báč,464,248,53.44
501450,Baka,967,367,37.95
501468,Baloň,633,207,32.7
501484,Blahová,373,179,47.98
501492,Blatná na Ostrove,812,356,43.84
501506,Boheľov,299,115,38.46
501514,Čakany,497,239,48.08
501522,Veľký Meder,6881,1714,24.9
501531,Čiližská Radvaň,966,209,21.63
501549,Dobrohošť,452,242,53.53
501557,Dolný Bar,807,259,32.09
501573,Gabčíkovo,4296,1363,31.72
501581,Holice,1754,710,40.47
501590,Horná Potôň,1843,738,40.04
501603,Horný Bar,1098,449,40.89
501611,Dolný Štál,1622,401,24.72
501620,Hubice,528,276,52.27
501638,Hviezdoslavov,2681,1661,61.95
501654,Jahodná,1408,430,30.53
501662,Janíky,766,448,58.48
501671,Jurová,413,144,34.86
501689,Kľúčovec,292,111,38.01
501697,Kostolné Kračany,1209,405,33.49
501701,Kráľovičove Kračany,929,299,32.18
501719,Kútniky,1211,428,35.34
501727,Kvetoslavov,1572,1003,63.8
501735,Lehnice,2566,1079,42.04
501743,Lúč na Ostrove,631,221,35.02
501760,Medveďov,469,129,27.5
501778,Mierovo,376,190,50.53
501786,Michal na Ostrove,914,354,38.73
501808,Nový Život,1840,717,38.96
501816,Ohrady,1138,343,30.14
501824,Okoč,3122,834,26.71
501832,Oľdza,484,273,56.4
501859,Orechová Potôň,1421,474,33.35
501867,Padáň,742,189,25.47
501875,Sap,434,182,41.93
501883,Pataš,635,192,30.23
501891,Rohovce,878,345,39.29
501905,Šamorín,10895,5177,47.51
501913,Štvrtok na Ostrove,1451,563,38.8
501921,Topoľníky,2595,790,30.44
501930,Ňárad,536,217,40.48
501956,Trnávka,441,192,43.53
501964,Trstená na Ostrove,526,207,39.35
501972,Veľká Paka,819,450,54.94
501981,Veľké Blahovo,1276,361,28.29
501999,Vojka nad Dunajom,436,233,53.44
502006,Vrakúň,2379,735,30.89
502014,Vydrany,1568,473,30.16
502022,Zlaté Klasy,2721,550,20.21
502031,Levice,25738,13174,51.18
502049,Bajka,241,68,28.21
502057,Bátovce,980,515,52.55
502065,Beša,512,213,41.6
502073,Bielovce,179,78,43.57
502090,Bory,262,137,52.29
502103,Brhlovce,245,157,64.08
502111,Čajkov,769,492,63.97
502120,Čaka,600,278,46.33
502154,Demandice,729,318,43.62
502162,Devičany,333,209,62.76
502171,Dolná Seč,444,209,47.07
502189,Dolné Semerovce,437,110,25.17
502197,Dolný Pial,737,363,49.25
502201,Domadice,200,118,59
502219,Drženice,327,199,60.85
502227,Farná,1119,421,37.62
502243,Hokovce,397,191,48.11
502251,Hontianska Vrbica,476,219,46
502260,Horná Seč,498,321,64.45
502278,Horné Semerovce,490,174,35.51
502286,Horné Turovce,464,184,39.65
502294,Horný Pial,237,94,39.66
502324,Hronovce,1174,440,37.47
502332,Hronské Kľačany,1138,698,61.33
502341,Hronské Kosihy,632,320,50.63
502359,Iňa,183,114,62.29
502367,Ipeľské Úľany,224,112,50
502375,Ipeľský Sokolec,659,218,33.08
502383,Jabloňovce,190,120,63.15
502391,Jur nad Hronom,804,403,50.12
502413,Kalná nad Hronom,1658,801,48.31
502421,Kozárovce,1645,882,53.61
502430,Krškany,679,370,54.49
502448,Kubáňovo,218,78,35.77
502456,Kukučínov,447,148,33.1
502464,Kuraľany,409,226,55.25
502472,Keť,475,222,46.73
502481,Lok,836,319,38.15
502499,Lontov,500,137,27.4
502502,Lula,145,80,55.17
502511,Málaš,402,138,34.32
502537,Malé Ludince,138,55,39.85
502570,Mýtne Ludany,807,326,40.39
502588,Nová Dedina,1197,734,61.31
502596,Nový Tekov,748,439,58.68
502600,Nýrovce,435,163,37.47
502618,Ondrejovce,350,173,49.42
502626,Pastovce,433,119,27.48
502634,Pečenice,112,80,71.42
502642,Plášťovce,1250,478,38.24
502651,Plavé Vozokany,575,239,41.56
502669,Podlužany,633,388,61.29
502677,Pohronský Ruskov,987,359,36.37
502693,Pukanec,1556,856,55.01
502707,Rybník,1153,715,62.01
502715,Santovka,603,333,55.22
502723,Sazdice,349,122,34.95
502731,Sikenica,499,119,23.84
502740,Slatina,240,72,30
502758,Starý Hrádok,167,75,44.91
502766,Starý Tekov,1264,799,63.21
502782,Šahy,5759,2048,35.56
502791,Šalov,263,44,16.73
502804,Šarovce,1276,306,23.98
502812,Tehla,377,177,46.94
502821,Tekovské Lužany,2280,863,37.85
502847,Tekovský Hrádok,313,118,37.69
502863,Tlmače,2990,1607,53.74
502871,Tupá,476,229,48.1
502880,Turá,187,72,38.5
502898,Uhliská,173,84,48.55
502910,Veľké Ludince,1231,415,33.71
502928,Veľké Turovce,639,277,43.34
502936,Veľký Ďur,1065,567,53.23
502944,Vyškovce nad Ipľom,541,181,33.45
502952,Vyšné nad Hronom,143,68,47.55
502961,Zalaba,110,62,56.36
502979,Zbrojníky,411,180,43.79
502987,Želiezovce,5619,2317,41.23
502995,Žemberovce,1008,521,51.68
503002,Žemliare,129,74,57.36
503011,Nové Zámky,30419,14690,48.29
503029,Andovce,1401,660,47.1
503037,Bajtava,304,92,30.26
503045,Bánov,2902,1590,54.78
503053,Bardoňovo,587,266,45.31
503061,Belá,286,115,40.2
503070,Bešeňov,1325,454,34.26
503088,Bíňa,1172,366,31.22
503096,Branovo,480,285,59.37
503100,Bruty,482,177,36.72
503118,Čechy,240,126,52.5
503126,Černík,843,539,63.93
503134,Dedinka,552,305,55.25
503151,Dolný Ohaj,1251,735,58.75
503169,Dubník,1240,415,33.46
503177,Dvory nad Žitavou,4033,1470,36.44
503185,Gbelce,1739,674,38.75
503193,Hul,1009,568,56.29
503207,Chľaba,590,195,33.05
503215,Jasová,941,530,56.32
503223,Jatov,618,364,58.89
503231,Kamenica nad Hronom,1031,283,27.44
503240,Kamenín,1219,309,25.34
503258,Kamenný Most,864,310,35.87
503266,Kmeťovo,700,447,63.85
503274,Kolta,1077,589,54.68
503282,Komjatice,3321,1763,53.08
503291,Komoča,790,300,37.97
503312,Leľa,294,142,48.29
503321,Lipová,1293,698,53.98
503339,Ľubá,339,137,40.41
503347,Malá nad Hronom,314,121,38.53
503355,Malé Kosihy,286,78,27.27
503363,Maňa,1632,845,51.77
503371,Michal nad Žitavou,583,396,67.92
503380,Veľký Kýr,2458,1118,45.48
503398,Mojzesovo,1072,534,49.81
503401,Mužla,1502,462,30.75
503436,Nová Vieska,562,264,46.97
503452,Palárikovo,3428,1619,47.22
503461,Bodíky,306,169,55.22
503479,Podhájska,908,529,58.25
503487,Pozba,390,216,55.38
503495,Radava,667,405,60.71
503509,Rastislavice,798,461,57.76
503517,Rúbaň,705,243,34.46
503525,Salka,778,216,27.76
503533,Semerovo,1052,502,47.71
503541,Sikenička,363,123,33.88
503550,Strekov,1593,534,33.52
503568,Svodín,1997,562,28.14
503576,Šarkan,288,84,29.16
503584,Štúrovo,8038,3076,38.26
503592,Šurany,7721,4191,54.28
503606,Trávnica,886,515,58.12
503614,Tvrdošovce,4154,1538,37.02
503631,Veľké Lovce,1500,704,46.93
503649,Zemné,1729,552,31.92
503665,Galanta,12598,6330,50.24
503673,Abrahám,923,565,61.21
503681,Boldog,441,276,62.58
503690,Čierna Voda,1148,456,39.72
503703,Čierny Brod,1366,449,32.86
503711,Diakovce,1954,882,45.13
503720,Dlhá nad Váhom,769,424,55.13
503746,Dolné Saliby,1704,705,41.37
503754,Dolný Chotár,271,95,35.05
503762,Gáň,697,420,60.25
503771,Horné Saliby,2636,1202,45.59
503789,Hoste,388,236,60.82
503797,Hrubá Borša,1253,790,63.04
503801,Hrubý Šúr,840,466,55.47
503819,Hurbanova Ves,517,362,70.01
503827,Jánovce,410,252,61.46
503835,Jelka,3273,1273,38.89
503843,Kajal,1277,561,43.93
503851,Kostolná pri Dunaji,633,376,59.39
503860,Košúty,1580,736,46.58
503878,Kráľov Brod,912,343,37.6
503886,Kráľová nad Váhom,1503,771,51.29
503894,Kráľová pri Senci,1719,985,57.3
503924,Mostová,1313,532,40.51
503932,Neded,2575,815,31.65
503959,Pata,2601,1431,55.01
503967,Pusté Sady,518,270,52.12
503975,Pusté Úľany,1512,858,56.74
503983,Reca,1349,744,55.15
503991,Selice,2276,493,21.66
504009,Sereď,12710,6737,53
504017,Sládkovičovo,4385,1837,41.89
504025,Šaľa,16786,8732,52.01
504033,Šalgočka,360,180,50
504041,Šintava,1421,844,59.39
504050,Šoporňa,3391,1667,49.15
504068,Tešedíkovo,3030,1093,36.07
504076,Tomášikovo,1375,461,33.52
504084,Topoľnica,788,435,55.2
504092,Trnovec nad Váhom,2220,994,44.77
504106,Trstice,3206,1085,33.84
504114,Váhovce,1734,735,42.38
504122,Veľká Mača,2085,979,46.95
504131,Veľké Úľany,3962,1899,47.93
504149,Veľký Grob,1150,656,57.04
504157,Vinohrady nad Váhom,1368,720,52.63
504165,Vlčany,2646,949,35.86
504173,Vozokany,925,411,44.43
504181,Zemianske Sady,661,369,55.82
504190,Žihárec,1502,537,35.75
504203,Senica,15965,8136,50.96
504211,Bílkove Humence,200,126,63
504220,Borský Svätý Jur,1374,710,51.67
504238,Borský Mikuláš,3281,1663,50.68
504254,Brestovec,820,496,60.48
504262,Brezová pod Bradlom,3970,2150,54.15
504271,Brodské,1868,979,52.4
504289,Bukovec,349,216,61.89
504297,Cerová,966,597,61.8
504319,Čáry,1029,460,44.7
504327,Častkov,443,296,66.81
504335,Dojč,1110,598,53.87
504343,Dubovce,508,310,61.02
504351,Gbely,4087,1996,48.83
504360,Hlboké,860,467,54.3
504378,Holíč,9010,4504,49.98
504386,Hradište pod Vrátnom,557,310,55.65
504394,Chropov,303,182,60.06
504408,Chvojnica,263,151,57.41
504416,Jablonica,1814,956,52.7
504424,Jablonka,418,246,58.85
504432,Kátov,493,286,58.01
504459,Kopčany,2022,970,47.97
504467,Košariská,353,234,66.28
504475,Koválov,578,329,56.92
504483,Koválovec,127,72,56.69
504491,Kuklov,610,211,34.59
504513,Kúty,4331,2687,62.04
504521,Lakšárska Nová Ves,949,470,49.52
504530,Letničie,402,251,62.43
504548,Lopašov,254,186,73.22
504556,Malé Leváre,1456,713,48.96
504564,Mokrý Háj,573,330,57.59
504572,Moravský Svätý Ján,1831,1014,55.37
504581,Myjava,8916,4938,55.38
504599,Oreské,303,201,66.33
504602,Osuské,500,206,41.2
504611,Petrova Ves,849,488,57.47
504629,Plavecké Podhradie,619,388,62.68
504637,Plavecký Mikuláš,636,419,65.88
504645,Plavecký Peter,510,296,58.03
504653,Podbranč,529,336,63.51
504661,Polianka,327,182,55.65
504670,Popudinské Močidľany,777,395,50.83
504688,Poriadie,610,375,61.47
504696,Priepasné,291,179,61.51
504700,Prietrž,613,369,60.19
504718,Prietržka,454,289,63.65
504726,Prievaly,785,478,60.89
504734,Radimov,423,253,59.81
504742,Radošovce,1425,851,59.71
504769,Rohožník,2887,1421,49.22
504777,Rovensko,370,253,68.37
504793,Rudník,700,398,56.85
504815,Skalica,12684,6659,52.49
504823,Smolinské,761,438,57.55
504831,Smrdáky,512,345,67.38
504840,Sobotište,1252,760,60.7
504858,Sološnica,1378,775,56.24
504866,Stará Myjava,658,452,68.69
504874,Studienka,1483,822,55.42
504882,Šajdíkove Humence,935,496,53.04
504891,Šaštín - Stráže,4047,1800,44.47
504904,Štefanov,1285,626,48.71
504912,Trnovec,243,148,60.9
504939,Unín,987,578,58.56
504947,Veľké Leváre,3064,1476,48.17
504963,Vrádište,673,381,56.61
504971,Vrbovce,1203,693,57.6
504980,Závod,2356,1192,50.59
504998,Topoľčany,20368,11041,54.2
505021,Lipovník,269,167,62.08
505048,Ludanice,1433,769,53.66
505056,Ľutov,152,109,71.71
505064,Lužany,190,116,61.05
505072,Malá Hradná,318,208,65.4
505102,Malé Hoste,345,199,57.68
505129,Malé Kršteňany,445,251,56.4
505137,Malé Ripňany,455,282,61.97
505153,Miezgovce,235,141,60
505170,Nadlice,496,308,62.09
505196,Nedanovce,507,315,62.13
505200,Nedašovce,353,217,61.47
505226,Nemečky,287,167,58.18
505234,Nitrianska Blatnica,1036,574,55.4
505242,Nitrianska Streda,618,399,64.56
505251,Norovce,281,156,55.51
505277,Omastiná,41,27,65.85
505285,Oponice,697,384,55.09
505307,Ostratice,640,338,52.81
505315,Partizánske,17377,9248,53.21
505323,Pažiť,392,225,57.39
505331,Pečeňany,434,249,57.37
505340,Podhradie,244,136,55.73
505358,Podlužany,743,461,62.04
505374,Prašice,1692,989,58.45
505382,Pravotice,282,177,62.76
505404,Preseľany,1224,685,55.96
505412,Prusy,530,307,57.92
505421,Radošina,1556,890,57.19
505439,Rajčany,431,246,57.07
505447,Ruskovce,435,288,66.2
505455,Rybany,1203,676,56.19
505463,Skačany,1028,524,50.97
505471,Slatina nad Bebravou,376,225,59.84
505480,Slatinka nad Bebravou,174,124,71.26
505498,Solčany,2004,1289,64.32
505510,Súlovce,447,265,59.28
505536,Šalgovce,395,204,51.64
505544,Šípkov,136,73,53.67
505552,Šišov,399,222,55.63
505561,Tesáre,620,395,63.7
505579,Timoradza,411,251,61.07
505595,Trebichava,48,33,68.75
505617,Tvrdomestice,373,204,54.69
505625,Uhrovec,1230,752,61.13
505633,Uhrovské Podhradie,41,30,73.17
505641,Urmince,1153,694,60.19
505676,Veľké Dvorany,604,379,62.74
505684,Veľké Hoste,454,260,57.26
505692,Veľké Chlievany,398,239,60.05
505706,Veľké Kršteňany,475,238,50.1
505714,Veľké Ripňany,1697,962,56.68
505722,Veľké Uherce,1673,987,58.99
505731,Veľký Klíž,725,446,61.51
505749,Velušovce,455,260,57.14
505757,Vozokany,268,161,60.07
505765,Vysočany,99,66,66.66
505773,Závada,478,259,54.18
505790,Zlatníky,566,340,60.07
505803,Žabokreky nad Nitrou,1350,752,55.7
505811,Žitná - Radiša,380,242,63.68
505820,Trenčín,44884,26683,59.44
505838,Adamovské Kochanovce,675,448,66.37
505846,Beckov,1189,736,61.9
505854,Bobot,599,356,59.43
505871,Bošáca,1097,642,58.52
505889,Brunovce,508,293,57.67
505897,Bzince pod Javorinou,1702,944,55.46
505901,Čachtice,2913,1635,56.12
505919,Častkovce,1302,733,56.29
505935,Dolná Poruba,644,366,56.83
505943,Dolná Súča,2447,1456,59.5
505951,Dolné Srnie,775,456,58.83
505960,Drietoma,1821,1023,56.17
505978,Dubodiel,856,590,68.92
505994,Hôrka nad Váhom,652,344,52.76
506001,Horná Streda,1179,671,56.91
506010,Horná Súča,2688,1499,55.76
506028,Horňany,337,189,56.08
506036,Horné Srnie,2194,1316,59.98
506044,Hrabovka,367,227,61.85
506052,Hrádok,594,357,60.1
506061,Hrachovište,535,263,49.15
506079,Hrašné,423,236,55.79
506087,Chocholná - Velčice,1389,896,64.5
506095,Ivanovce,816,483,59.19
506109,Kálnica,845,515,60.94
506125,Kočovce,1419,887,62.5
506133,Kostolná - Záriečie,551,375,68.05
506141,Kostolné,511,290,56.75
506150,Krajné,1222,686,56.13
506168,Krivosúd - Bodovka,294,189,64.28
506184,Lubina,1274,722,56.67
506206,Lúka,610,380,62.29
506231,Mníchova Lehota,997,587,58.87
506249,Modrová,418,251,60.04
506257,Modrovka,174,110,63.21
506265,Moravské Lieskové,2097,1250,59.6
506273,Motešice,690,408,59.13
506281,Nemšová,5091,3056,60.02
506290,Neporadza,654,389,59.48
506303,Nová Bošáca,876,495,56.5
506311,Nová Lehota,191,122,63.87
506338,Nové Mesto nad Váhom,15621,8915,57.07
506346,Očkov,388,241,62.11
506354,Omšenie,1507,860,57.06
506371,Opatovce,342,216,63.15
506401,Pobedim,910,486,53.4
506419,Podkylava,241,159,65.97
506427,Podolie,1565,844,53.92
506435,Potvorice,569,342,60.1
506443,Považany,1028,557,54.18
506478,Selec,826,477,57.74
506508,Soblahov,1877,1136,60.52
506516,Stará Lehota,157,98,62.42
506524,Stará Turá,7130,4033,56.56
506532,Svinná,1298,769,59.24
506541,Štvrtok,368,216,58.69
506559,Trenčianska Teplá,3408,1954,57.33
506567,Trenčianska Turná,2782,1869,67.18
506583,Trenčianske Bohuslavice,738,448,60.7
506591,Trenčianske Jastrabie,1102,720,65.33
506605,Trenčianske Mitice,688,414,60.17
506613,Trenčianske Teplice,3504,2118,60.44
506630,Vaďovce,601,337,56.07
506648,Veľká Hradná,584,388,66.43
506656,Veľké Bierovce,546,356,65.2
506672,Višňové,136,83,61.02
506745,Trnava,51393,29999,58.37
506788,Bíňovce,529,322,60.86
506796,Bohdanovce nad Trnavou,1193,700,58.67
506800,Bojničky,1168,640,54.79
506818,Boleráz,1921,1068,55.59
506826,Borová,363,234,64.46
506834,Borovce,956,526,55.02
506842,Brestovany,2027,1128,55.64
506851,Bučany,1963,1126,57.36
506869,Buková,593,363,61.21
506877,Cífer,3859,2432,63.02
506885,Červeník,1348,836,62.01
506893,Dechtice,1452,972,66.94
506915,Dobrá Voda,696,454,65.22
506923,Dolná Krupá,2063,1232,59.71
506931,Dolné Dubové,615,363,59.02
506940,Dolné Orešany,1131,703,62.15
506958,Dolné Otrokovce,312,179,57.37
506966,Dolné Trhovište,487,284,58.31
506982,Dolný Lopašov,798,431,54.01
506991,Drahovce,2165,1133,52.33
507008,Dubovany,859,498,57.97
507024,Dvorníky,1613,788,48.85
507032,Hlohovec,16432,9062,55.14
507041,Horná Krupá,417,256,61.39
507059,Horné Dubové,300,191,63.66
507067,Horné Orešany,1615,975,60.37
507075,Horné Otrokovce,733,441,60.16
507121,Chtelnica,2102,1296,61.65
507130,Jalšové,405,215,53.08
507156,Jaslovské Bohunice,1888,1169,61.91
507164,Kátlovce,947,613,64.73
507172,Kľačany,907,524,57.77
507199,Kočín - Lančár,400,263,65.75
507202,Koplotovce,642,417,64.95
507211,Košolná,694,381,54.89
507229,Krakovany,1145,718,62.7
507253,Leopoldov,3490,2168,62.12
507288,Madunice,1855,1116,60.16
507296,Majcichov,1689,1002,59.32
507300,Ivachnová,549,339,61.74
507318,Malženice,1183,716,60.52
507326,Merašice,356,194,54.49
507342,Moravany nad Váhom,2014,1186,58.88
507351,Naháč,364,223,61.26
507369,Nižná,456,241,52.85
507385,Ostrov,998,558,55.91
507393,Konská,189,121,64.02
507407,Turík,215,148,68.83
507415,Pastuchov,726,342,47.1
507431,Pečeňady,454,264,58.14
507440,Piešťany,22696,13093,57.68
507466,Prašník,688,390,56.68
507482,Rakovice,500,279,55.8
507491,Ratnovce,880,428,48.63
507512,Ružindol,1346,888,65.97
507521,Sasinkovo,687,363,52.83
507539,Siladice,564,325,57.62
507555,Smolenice,2696,1650,61.2
507563,Sokolovce,1133,590,52.07
507571,Suchá nad Parnou,1807,1123,62.14
507601,Špačince,2611,1677,64.22
507636,Šúrovce,1816,1059,58.31
507661,Trakovice,1226,753,61.41
507679,Trebatice,1083,632,58.35
507687,Trstín,1162,641,55.16
507709,Veľké Kostoľany,2310,1230,53.24
507725,Veselé,995,572,57.48
507741,Voderady,1352,792,58.57
507750,Vrbové,4649,2642,56.82
507768,Zavar,1772,1015,57.27
507776,Zeleneč,2181,1250,57.31
507792,Žlkovce,524,312,59.54
507806,Báhoň,1475,859,58.23
507814,Bernolákovo,7278,4697,64.53
507822,Blatné,1440,869,60.34
507831,Borinka,729,488,66.94
507849,Budmerice,1977,1201,60.74
507857,Častá,1939,1200,61.88
507865,Čataj,973,653,67.11
507873,Doľany,903,567,62.79
507881,Dubová,943,586,62.14
507890,Gajary,2495,1186,47.53
507903,Hamuliakovo,2203,1354,61.46
507911,Chorvátsky Grob,5402,3775,69.88
507938,Ivanka pri Dunaji,5477,3575,65.27
507946,Jablonec,825,478,57.93
507954,Jablonové,1099,653,59.41
507962,Jakubov,1420,801,56.4
507989,Svätý Jur,4631,2939,63.46
507997,Kalinkovo,1237,783,63.29
508012,Kostolište,1722,1025,59.52
508021,Kuchyňa,1493,821,54.98
508039,Láb,1691,1109,65.58
508047,Limbach,1839,1202,65.36
508055,Lozorno,2563,1379,53.8
508063,Malacky,14969,8231,54.98
508071,Malinovo,2946,1913,64.93
508080,Marianka,1796,1257,69.98
508098,Miloslavov,4441,3091,69.6
508101,Modra,7622,4699,61.65
508110,Most pri Bratislave,3242,2134,65.82
508136,Nová Dedinka,2671,1661,62.18
508161,Pernek,743,432,58.14
508179,Pezinok,19509,12087,61.95
508187,Píla,319,203,63.63
508195,Plavecký Štvrtok,2119,946,44.64
508209,Rovinka,4423,2904,65.65
508217,Senec,15462,9064,58.62
508225,Slovenský Grob,4229,2822,66.72
508233,Stupava,9583,6013,62.74
508241,Suchohrad,583,310,53.17
508250,Šenkvice,4210,2653,63.01
508268,Štefanová,324,192,59.25
508276,Tomášov,2264,1323,58.43
508284,Tureň,987,581,58.86
508292,Veľký Biel,2350,1337,56.89
508306,Viničné,2171,1371,63.15
508314,Vinosady,1260,807,64.04
508322,Vištuk,1106,604,54.61
508331,Vlky,366,184,50.27
508349,Vysoká pri Morave,1804,911,50.49
508365,Záhorská Ves,1478,590,39.91
508381,Zohor,2959,1644,55.55
508438,Banská Bystrica,60685,35534,58.55
508446,Bacúch,763,380,49.8
508454,Badín,1705,1054,61.81
508462,Beňuš,961,482,50.15
508471,Baláže,198,126,63.63
508489,Braväcovo,540,304,56.29
508497,Brezno,16204,7876,48.6
508519,Čerín,377,261,69.23
508527,Čierny Balog,3998,1950,48.77
508535,Dolná Lehota,612,358,58.49
508543,Dolná Mičiná,399,254,63.65
508551,Dolný Harmanec,230,129,56.08
508560,Donovaly,569,483,84.88
508578,Drábsko,138,70,50.72
508586,Dúbravica,327,177,54.12
508594,Harmanec,707,319,45.12
508608,Heľpa,2020,1072,53.06
508616,Hiadeľ,412,238,57.76
508624,Horná Lehota,489,250,51.12
508632,Horná Mičiná,546,338,61.9
508641,Horné Pršany,316,207,65.5
508659,Hrochoť,1175,554,47.14
508667,Hronec,951,477,50.15
508675,Brusno,1784,1104,61.88
508691,Jarabá,54,40,74.07
508705,Jasenie,945,531,56.19
508713,Kordíky,400,286,71.5
508721,Králiky,615,394,64.06
508730,Lom nad Rimavicou,205,138,67.31
508748,Ľubietová,1043,626,60.01
508756,Lučatín,585,371,63.41
508764,Medzibrod,1155,725,62.77
508772,Michalová,1033,520,50.33
508781,Môlča,344,147,42.73
508799,Moštenica,219,143,65.29
508802,Motyčky,97,69,71.13
508811,Mýto pod Ďumbierom,468,312,66.66
508829,Nemecká,1403,768,54.73
508837,Oravce,145,99,68.27
508845,Osrblie,302,206,68.21
508853,Podbrezová,2984,1529,51.23
508861,Podkonice,761,445,58.47
508870,Pohorelá,1793,916,51.08
508888,Pohronská Polhora,1330,598,44.96
508896,Pohronský Bukovec,102,66,64.7
508900,Polomka,2202,986,44.77
508918,Poniky,1253,713,56.9
508926,Povrazník,120,88,73.33
508934,Predajná,1073,570,53.12
508942,Priechod,836,477,57.05
508951,Ráztoka,230,116,50.43
508969,Riečka,667,450,67.46
508977,Sebedín - Bečov,307,166,54.07
508985,Selce,1734,1049,60.49
508993,Sihla,153,85,55.55
509001,Slovenská Ľupča,2627,1528,58.16
509019,Staré Hory,462,290,62.77
509027,Strelníky,630,424,67.3
509035,Špania Dolina,207,136,65.7
509043,Šumiac,968,376,38.84
509051,Telgárt,884,305,34.5
509060,Tajov,566,386,68.19
509086,Valaská,2876,1386,48.19
509094,Vaľkovňa,302,83,27.48
509124,Závadka nad Hronom,1700,706,41.52
509132,Čadca,18532,9101,49.1
509159,Čierne,3572,1939,54.28
509167,Dlhá nad Kysucou,510,245,48.03
509175,Dolný Vadičov,464,269,57.97
509183,Dunajov,889,483,54.33
509205,Horný Vadičov,1374,811,59.02
509213,Klokočov,1876,830,44.24
509221,Klubina,441,251,56.91
509230,Korňa,1649,854,51.78
509248,Krásno nad Kysucou,5318,2834,53.29
509256,Kysucké Nové Mesto,11875,6758,56.9
509264,Kysucký Lieskovec,1889,1049,55.53
509272,Lodno,753,385,51.12
509281,Lopušné Pažite,358,206,57.54
509299,Makov,1519,886,58.32
509302,Nesluša,2541,1409,55.45
509311,Nová Bystrica,2137,1079,50.49
509329,Ochodnica,1566,850,54.27
509337,Olešná,1567,833,53.15
509345,Oščadnica,4689,2408,51.35
509361,Podvysoká,1062,586,55.17
509370,Povina,935,531,56.79
509396,Radôstka,657,384,58.44
509400,Raková,4454,2316,51.99
509426,Rudina,1429,805,56.33
509434,Rudinka,326,205,62.88
509442,Rudinská,802,415,51.74
509451,Skalité,4093,2135,52.16
509469,Snežnica,867,567,65.39
509477,Stará Bystrica,2255,1213,53.79
509485,Staškov,2271,1116,49.14
509493,Svrčinovec,2762,1420,51.41
509507,Turzovka,5806,2896,49.87
509515,Vysoká nad Kysucou,2099,1092,52.02
509523,Zákopčie,1384,713,51.51
509531,Zborov nad Bystricou,1761,1018,57.8
509540,Dolný Kubín,14142,7970,56.35
509558,Babín,1093,523,47.84
509566,Beňadovo,623,380,60.99
509582,Bobrov,1467,843,57.46
509591,Breza,1234,585,47.4
509604,Brezovica,1093,605,55.35
509639,Dlhá nad Oravou,1102,609,55.26
509655,Habovka,1107,679,61.33
509663,Hladovka,783,400,51.08
509671,Horná Lehota,443,258,58.23
509680,Hruštín,2475,1338,54.06
509698,Chlebnice,1241,628,50.6
509701,Istebné,1080,603,55.83
509710,Jasenová,356,211,59.26
509728,Klin,1816,977,53.79
509744,Kraľovany,346,231,66.76
509761,Krivá,635,441,69.44
509779,Krušetnica,760,402,52.89
509787,Leštiny,234,141,60.25
509795,Liesek,2233,1233,55.21
509809,Lokca,1834,982,53.54
509817,Lomná,692,355,51.3
509825,Malatiná,632,303,47.94
509833,Medzibrodie nad Oravou,457,275,60.17
509850,Mútne,2212,1262,57.05
509868,Námestovo,5720,3226,56.39
509876,Nižná,3161,1852,58.58
509884,Novoť,2670,1465,54.86
509892,Oravská Jasenica,1457,839,57.58
509906,Oravská Lesná,2561,1523,59.46
509914,Oravská Polhora,2924,1270,43.43
509922,Oravská Poruba,861,565,65.62
509931,Oravské Veselé,2259,1181,52.27
509949,Oravský Biely Potok,569,346,60.8
509957,Oravský Podzámok,1091,689,63.15
509965,Osádka,125,70,56
509973,Párnica,763,453,59.37
509981,Podbiel,1052,634,60.26
509990,Pokryváč,139,73,52.51
510009,Pribiš,370,202,54.59
510017,Pucov,675,377,55.85
510025,Rabča,3740,1733,46.33
510033,Rabčice,1565,796,50.86
510041,Sedliacka Dubová,405,242,59.75
510050,Sihelné,1531,564,36.83
510076,Suchá Hora,1088,602,55.33
510084,Štefanov nad Oravou,527,314,59.58
510092,Ťapešovo,593,355,59.86
510106,Trstená,5465,3151,57.65
510114,Tvrdošín,6880,3885,56.46
510149,Vasiľov,612,339,55.39
510157,Vavrečka,1221,724,59.29
510165,Veličná,1167,748,64.09
510173,Vitanová,1021,582,57
510181,Vyšný Kubín,619,438,70.75
510190,Zábiedovo,686,356,51.89
510203,Zákamenné,4092,2045,49.97
510211,Zázrivá,2099,1080,51.45
510238,Zuberec,1806,1245,68.93
510246,Zubrohlava,1805,862,47.75
510254,Žaškov,1315,725,55.13
510262,Liptovský Mikuláš,24844,13672,55.03
510271,Beňadiková,431,233,54.06
510301,Bešeňová,627,378,60.28
510319,Bobrovček,147,91,61.9
510327,Bobrovec,1598,955,59.76
510335,Bobrovník,115,73,63.47
510351,Bukovina,97,60,61.85
510386,Demänovská Dolina,578,476,82.35
510408,Dúbrava,1040,665,63.94
510416,Galovany,256,173,67.57
510424,Gôtovany,397,228,57.43
510441,Hubová,858,497,57.92
510459,Huty,154,98,63.63
510467,Hybe,1230,727,59.1
510505,Jakubovany,328,187,57.01
510513,Jalovec,284,161,56.69
510521,Jamník,385,203,52.72
510530,Kalameny,367,236,64.3
510548,Komjatná,1214,574,47.28
510564,Kráľova Lehota,476,328,68.9
510572,Kvačany,445,262,58.87
510581,Lazisko,325,190,58.46
510599,Likavka,2342,1328,56.7
510602,Liptovská Anna,91,50,54.94
510611,Liptovská Kokava,770,445,57.79
510629,Liptovská Lúžna,2248,1148,51.06
510637,Liptovská Osada,1365,778,56.99
510653,Liptovská Sielnica,513,343,66.86
510661,Liptovská Štiavnica,1067,632,59.23
510670,Liptovská Teplá,834,507,60.79
510688,Liptovské Beharovce,67,48,71.64
510696,Liptovské Kľačany,287,176,61.32
510700,Liptovské Matiašovce,249,147,59.03
510718,Liptovské Revúce,1287,701,54.46
510726,Liptovský Hrádok,5852,3385,57.84
510734,Liptovský Ján,993,634,63.84
510742,Liptovský Michal,252,146,57.93
510751,Liptovský Ondrej,544,319,58.63
510777,Liptovský Trnovec,537,324,60.33
510785,Lisková,1641,976,59.47
510793,Ľubeľa,966,583,60.35
510807,Ľubochňa,862,520,60.32
510815,Lúčky,1410,876,62.12
510823,Ludrová,797,447,56.08
510831,Malatíny,227,121,53.3
510840,Malé Borové,106,49,46.22
510858,Malužiná,201,131,65.17
510866,Martinček,356,195,54.77
510874,Nižná Boca,164,127,77.43
510904,Partizánska Ľupča,1079,594,55.05
510912,Pavčina Lehota,351,249,70.94
510921,Pavlova Ves,229,105,45.85
510947,Podtureň,852,534,62.67
510955,Potok,95,72,75.78
510963,Pribylina,1185,610,51.47
510971,Prosiek,179,123,68.71
510998,Ružomberok,21770,11576,53.17
511005,Liptovské Sliače,3032,1687,55.63
511013,Smrečany,585,383,65.47
511030,Stankovany,936,547,58.44
511048,Svätý Kríž,732,404,55.19
511056,Štiavnička,683,417,61.05
511064,Švošov,664,361,54.36
511072,Trstené,183,128,69.94
511099,Uhorská Ves,434,282,64.97
511102,Valaská Dubová,615,363,59.02
511111,Vavrišovo,562,332,59.07
511129,Važec,1903,769,40.4
511137,Veľké Borové,53,35,66.03
511145,Veterná Poruba,305,177,58.03
511153,Vlachy,532,338,63.53
511170,Východná,1766,758,42.92
511188,Vyšná Boca,170,142,83.52
511196,Závažná Poruba,1085,688,63.41
511200,Žiar,399,300,75.18
511218,Lučenec,20890,9079,43.46
511226,Ábelová,169,64,37.86
511234,Belina,491,160,32.58
511251,Boľkovce,512,256,50
511269,Breznička,606,316,52.14
511277,Budiná,174,96,55.17
511293,Buzitka,388,196,50.51
511315,Cinobaňa,1661,714,42.98
511323,Čakanovce,820,119,14.51
511331,Čamovce,425,105,24.7
511340,České Brezovo,400,240,60
511358,Divín,1636,772,47.18
511366,Dobroč,507,303,59.76
511374,Kotmanová,228,125,54.82
511391,Fiľakovo,7706,2086,27.06
511404,Fiľakovské Kováče,710,213,30
511421,Halič,1328,691,52.03
511439,Holiša,492,153,31.09
511447,Hradište,191,120,62.82
511463,Jelšovec,243,50,20.57
511471,Kalinovo,1819,968,53.21
511480,Kalonda,168,52,30.95
511498,Kokava nad Rimavicou,2298,1027,44.69
511501,Krná,43,33,76.74
511510,Látky,452,271,59.95
511528,Lehôtka,275,90,32.72
511536,Lentvora,66,30,45.45
511544,Lipovany,200,105,52.5
511552,Lovinobaňa,1515,671,44.29
511561,Ľuboreč,280,98,35
511579,Lupoč,177,90,50.84
511595,Málinec,1097,469,42.75
511609,Mašková,258,94,36.43
511617,Mládzovo,95,54,56.84
511625,Mučín,577,149,25.82
511641,Mýtna,927,486,52.42
511668,Nitra nad Ipľom,270,42,15.55
511676,Nové Hony,148,58,39.18
511684,Ozdín,240,136,56.66
511692,Panické Dravce,591,240,40.6
511706,Píla,213,124,58.21
511714,Pinciná,163,77,47.23
511722,Pleš,151,73,48.34
511731,Podkriváň,477,260,54.5
511749,Podrečany,454,206,45.37
511757,Polichno,98,38,38.77
511765,Poltár,4225,1995,47.21
511773,Praha,65,23,35.38
511781,Prša,157,59,37.57
511790,Radzovce,1274,386,30.29
511803,Rapovce,738,241,32.65
511811,Ratka,260,130,50
511820,Rovňany,199,107,53.76
511838,Ružiná,669,258,38.56
511846,Stará Halič,491,247,50.3
511854,Šávoľ,445,147,33.03
511862,Šiatorská Bukovinka,234,114,48.71
511871,Šíd,963,161,16.71
511889,Šoltýska,84,59,70.23
511897,Šurice,362,108,29.83
511901,Točnica,301,139,46.17
511919,Tomášovce,1116,638,57.16
511927,Trebeľovce,714,316,44.25
511943,Tuhár,285,165,57.89
511978,Uhorské,426,224,52.58
511994,Veľká nad Ipľom,743,219,29.47
512001,Veľká Ves,329,202,61.39
512010,Veľké Dravce,525,152,28.95
512036,Martin,41773,23639,56.58
512044,Abramová,163,84,51.53
512052,Belá - Dulice,1016,674,66.33
512061,Benice,269,160,59.47
512079,Blatnica,851,554,65.09
512087,Blažovce,138,92,66.66
512095,Bodorová,175,122,69.71
512109,Borcová,137,89,64.96
512117,Brieštie,124,74,59.67
512125,Budiš,166,95,57.22
512133,Bystrička,1259,811,64.41
512141,Čremošné,100,55,55
512150,Ďanová,447,253,56.59
512168,Diaková,437,318,72.76
512206,Dolný Kalník,272,185,68.01
512214,Dražkovce,842,552,65.55
512222,Dubové,582,381,65.46
512257,Folkušová,126,92,73.01
512265,Háj,371,241,64.95
512273,Horná Štubňa,1278,568,44.44
512290,Horný Kalník,158,111,70.25
512303,Ivančiná,81,48,59.25
512311,Jasenovo,113,67,59.29
512320,Jazernica,302,190,62.91
512338,Kaľamenová,75,45,60
512346,Karlová,98,66,67.34
512354,Kláštor pod Znievom,1455,834,57.31
512371,Košťany nad Turcom,1139,735,64.53
512389,Krpeľany,869,513,59.03
512397,Laskár,113,68,60.17
512419,Ležiachov,142,94,66.19
512427,Liešno,52,30,57.69
512435,Lipovec,746,479,64.2
512443,Malý Čepčín,458,305,66.59
512451,Moškovec,63,50,79.36
512460,Mošovce,1146,708,61.78
512478,Necpaly,830,500,60.24
512486,Nolčovo,198,127,64.14
512494,Ondrašová,72,56,77.77
512508,Podhradie,557,339,60.86
512524,Príbovce,884,556,62.89
512541,Rakovo,308,188,61.03
512559,Rakša,191,117,61.25
512567,Ratkovo,171,110,64.32
512575,Rudno,177,128,72.31
512583,Sklabiňa,539,323,59.92
512591,Sklabinský Podzámok,157,94,59.87
512605,Sklené,572,310,54.19
512613,Slovany,366,245,66.93
512621,Slovenské Pravno,758,430,56.72
512630,Socovce,185,111,60
512648,Sučany,4099,2317,56.52
512656,Šútovo,414,264,63.76
512664,Trebostovo,501,288,57.48
512672,Trnovo,223,134,60.08
512681,Turany,3449,1997,57.9
512699,Turček,510,231,45.29
512702,Turčianska Štiavnička,748,438,58.55
512711,Turčianske Kľačany,815,511,62.69
512729,Turčianske Teplice,5239,3140,59.93
512737,Turčiansky Ďur,141,79,56.02
512753,Turčiansky Peter,412,269,65.29
512761,Valča,1459,919,62.98
512788,Veľký Čepčín,203,116,57.14
512796,Vrícko,394,243,61.67
512818,Záborie,136,87,63.97
512834,Žabokreky,999,628,62.86
512842,Považská Bystrica,30843,17560,56.93
512851,Beluša,5011,2964,59.14
512885,Bolešov,1257,715,56.88
512915,Brvnište,983,584,59.4
512931,Červený Kameň,518,323,62.35
512940,Dohňany,1519,903,59.44
512958,Dolná Breznica,841,489,58.14
512966,Dolná Mariková,1137,715,62.88
513008,Domaniža,1311,752,57.36
513016,Dubnica nad Váhom,18315,10213,55.76
513024,Dulov,752,466,61.96
513083,Horná Mariková,549,352,64.11
513091,Horná Poruba,883,535,60.58
513121,Horovce,746,442,59.24
513156,Ilava,4647,2882,62.01
513172,Jasenica,989,620,62.68
513245,Kostolec,223,148,66.36
513253,Košeca,2244,1316,58.64
513296,Ladce,2008,1169,58.21
513300,Lazy pod Makytou,1061,605,57.02
513318,Lednica,728,402,55.21
513326,Lednické Rovne,3159,1813,57.39
513334,Lúky,739,462,62.51
513342,Lysá pod Makytou,1624,964,59.35
513351,Košecké Podhradie,875,538,61.48
513377,Mestečko,413,249,60.29
513385,Mikušovce,824,503,61.04
513407,Mojtín,369,204,55.28
513440,Nová Dubnica,8689,5138,59.13
513466,Papradno,1993,1188,59.6
513474,Plevník - Drienové,1344,776,57.73
513563,Prečín,1208,700,57.94
513598,Pruské,1818,1071,58.91
513601,Pružina,1640,917,55.91
513610,Púchov,14014,8049,57.43
513687,Stupné,559,339,60.64
513725,Tuchyňa,691,445,64.39
513741,Udiča,1840,1064,57.82
513776,Visolaje,766,499,65.14
513784,Vrchteplá,208,139,66.82
513792,Malá Tŕňa,295,120,40.67
513806,Veľká Tŕňa,373,213,57.1
513814,Záriečie,552,319,57.78
513822,Záskalie,166,99,59.63
513831,Klin nad Bodrogom,166,45,27.1
513849,Stanča,312,177,56.73
513857,Budince,164,54,32.92
513865,Zliechov,497,301,60.56
513881,Prievidza,36182,19282,53.29
513903,Bojnice,4163,2837,68.14
513911,Bystričany,1473,825,56
513920,Cigeľ,1032,687,66.56
513938,Čavoj,445,273,61.34
513946,Čereňany,1459,790,54.14
513954,Diviacka Nová Ves,1439,855,59.41
513962,Diviaky nad Nitricou,1453,849,58.43
513971,Dlžín,143,91,63.63
513989,Dolné Vestenice,2001,1135,56.72
513997,Handlová,13045,6077,46.58
514004,Horná Ves,859,469,54.59
514012,Horné Vestenice,517,314,60.73
514021,Chrenovec - Brusno,1148,667,58.1
514039,Chvojnica,202,100,49.5
514063,Kamenec pod Vtáčnikom,1452,946,65.15
514071,Kanianka,3130,1960,62.61
514080,Kľačno,870,471,54.13
514098,Kocurany,449,226,50.33
514101,Kostolná Ves,403,242,60.04
514110,Koš,851,503,59.1
514128,Lazany,1436,881,61.35
514136,Lehota pod Vtáčnikom,3064,1964,64.09
514144,Liešťany,946,577,60.99
514179,Malá Čausa,569,301,52.89
514187,Malinová,811,485,59.8
514209,Nedožery - Brezany,1697,1022,60.22
514217,Nevidzany,247,158,63.96
514225,Nitrianske Pravno,2591,1403,54.14
514233,Nitrianske Rudno,1533,969,63.2
514241,Nitrianske Sučany,987,583,59.06
514250,Nitrica,989,594,60.06
514268,Nováky,3453,1964,56.87
514284,Opatovce nad Nitrou,1316,806,61.24
514292,Oslany,1915,1061,55.4
514306,Podhradie,248,147,59.27
514314,Poluvsie,450,314,69.77
514322,Poruba,1087,684,62.92
514331,Pravenec,1051,662,62.98
514349,Radobica,507,288,56.8
514357,Ráztočno,1042,625,59.98
514365,Rudnianska Lehota,612,394,64.37
514373,Sebedražie,1378,790,57.32
514381,Seč,315,202,64.12
514390,Šútovce,369,235,63.68
514403,Temeš,184,97,52.71
514411,Tužina,989,542,54.8
514420,Valaská Belá,1686,972,57.65
514438,Veľká Čausa,448,244,54.46
514454,Zemianske Kostoľany,1430,813,56.85
514462,Rimavská Sobota,17506,7150,40.84
514489,Babinec,59,39,66.1
514501,Barca,403,59,14.64
514519,Bátka,657,262,39.87
514535,Belín,129,39,30.23
514543,Blhovce,602,131,21.76
514551,Bottovo,170,99,58.23
514578,Bretka,311,101,32.47
514586,Budikovany,57,39,68.42
514594,Cakov,246,57,23.17
514608,Čerenčany,433,229,52.88
514616,Čierny Potok,120,67,55.83
514624,Číž,571,177,30.99
514632,Dolné Zahorany,153,67,43.79
514641,Dražice,194,42,21.64
514659,Drienčany,170,93,54.7
514667,Drňa,158,42,26.58
514675,Držkovce,418,121,28.94
514683,Dubno,128,45,35.15
514691,Dubovec,399,92,23.05
514713,Figa,316,81,25.63
514721,Gemer,712,210,29.49
514730,Gemerček,75,29,38.66
514748,Gemerská Panica,484,176,36.36
514756,Gemerská Ves,714,125,17.5
514764,Gemerské Dechtáre,337,114,33.82
514781,Gemerský Jablonec,551,160,29.03
514799,Gortva,372,47,12.63
514811,Hajnáčka,927,209,22.54
514829,Hnúšťa,5151,1950,37.85
514837,Hodejov,1081,231,21.36
514845,Hodejovec,141,57,40.42
514853,Horné Zahorany,96,57,59.37
514861,Hostice,712,187,26.26
514870,Hostišovce,178,36,20.22
514888,Hrachovo,640,363,56.71
514896,Hrlica,46,26,56.52
514900,Hrnčiarska Ves,724,290,40.05
514918,Hrnčiarske Zalužany,687,338,49.19
514926,Hrušovo,159,91,57.23
514934,Hubovo,99,34,34.34
514942,Husiná,401,93,23.19
514951,Chanava,563,137,24.33
514969,Chrámec,307,67,21.82
514977,Chvalová,137,54,39.41
514985,Ivanice,163,52,31.9
514993,Janice,172,38,22.09
515001,Jesenské,1805,493,27.31
515019,Jestice,122,53,43.44
515027,Kaloša,564,131,23.22
515035,Kesovce,169,18,10.65
515043,Klenovec,2365,944,39.91
515051,Kociha,169,98,57.98
515060,Konrádovce,235,47,20
515078,Kráľ,725,193,26.62
515086,Kraskovo,100,51,51
515094,Krokava,23,18,78.26
515108,Kružno,288,154,53.47
515116,Kyjatice,68,39,57.35
515124,Lehota nad Rimavicou,226,95,42.03
515132,Lenartovce,426,98,23
515141,Lenka,160,87,54.37
515159,Levkuška,182,54,29.67
515167,Lipovec,48,18,37.5
515175,Lukovištia,169,98,57.98
515183,Martinová,169,40,23.66
515205,Neporadza,229,72,31.44
515230,Nová Bašta,387,125,32.29
515248,Orávka,123,75,60.97
515256,Otročok,239,88,36.82
515264,Ožďany,1244,480,38.58
515272,Padarovce,118,46,38.98
515281,Pavlovce,278,44,15.82
515299,Petrovce,169,87,51.47
515302,Ploské,60,32,53.33
515311,Polina,83,32,38.55
515337,Poproč,29,25,86.2
515345,Potok,29,25,86.2
515353,Radnovce,670,188,28.05
515361,Rašice,98,50,51.02
515370,Ratková,431,99,22.96
515388,Ratkovská Lehota,41,25,60.97
515396,Ratkovská Suchá,45,30,66.66
515400,Ratkovské Bystré,250,121,48.4
515426,Rimavská Baňa,391,169,43.22
515442,Rimavská Seč,1453,317,21.81
515451,Rimavské Brezovo,381,168,44.09
515469,Rimavské Janovce,1147,376,32.78
515485,Rovné,89,49,55.05
515493,Rumince,289,110,38.06
515507,Rybník,127,45,35.43
515515,Selce,96,41,42.7
515523,Skerešovo,161,58,36.02
515531,Slizké,149,43,28.85
515540,Stará Bašta,273,113,41.39
515566,Stránska,284,79,27.81
515574,Leváre,74,41,55.4
515582,Studená,220,73,33.18
515591,Sušany,358,216,60.33
515604,Sútor,463,23,4.96
515612,Tornaľa,5546,1604,28.92
515621,Šimonovce,390,106,27.17
515639,Širkovce,676,130,19.23
515647,Španie Pole,67,36,53.73
515655,Štrkovec,288,106,36.8
515663,Tachty,425,201,47.29
515671,Teplý Vrch,235,134,57.02
515680,Tisovec,2994,1320,44.08
515698,Tomášovce,175,47,26.85
515701,Uzovská Panica,544,96,17.64
515710,Včelince,636,117,18.39
515728,Večelkov,170,76,44.7
515736,Veľké Teriakovce,649,281,43.29
515744,Veľký Blh,861,200,23.22
515752,Vieska nad Blhom,125,42,33.6
515761,Višňové,56,22,39.28
515779,Vlkyňa,261,65,24.9
515795,Valice,215,64,29.76
515809,Vyšný Skálnik,130,71,54.61
515817,Zádor,104,31,29.8
515833,Žiar,88,41,46.59
515841,Žíp,174,59,33.9
515850,Veľký Krtíš,8613,3583,41.59
515868,Balog nad Ipľom,633,345,54.5
515876,Bátorová,287,133,46.34
515884,Brusník,92,52,56.52
515892,Bušince,1074,324,30.16
515906,Čebovce,846,321,37.94
515914,Čeláre,445,106,23.82
515922,Čelovce,319,110,34.48
515931,Červeňany,29,16,55.17
515949,Dačov Lom,298,133,44.63
515957,Dolinka,402,181,45.02
515965,Dolná Strehová,799,410,51.31
515973,Dolné Plachtince,487,260,53.38
515981,Dolné Strháre,168,93,55.35
515990,Ďurkovce,85,37,43.52
516007,Glabušovce,101,61,60.39
516015,Horná Strehová,115,55,47.82
516023,Horné Plachtince,164,81,49.39
516031,Horné Strháre,205,95,46.34
516040,Hrušov,680,394,57.94
516058,Chrastince,166,57,34.33
516066,Chrťany,111,44,39.63
516074,Ipeľské Predmostie,445,161,36.17
516082,Kamenné Kosihy,292,147,50.34
516091,Kiarov,219,92,42
516104,Kleňany,225,89,39.55
516112,Koláre,195,86,44.1
516121,Kosihovce,459,140,30.5
516139,Kosihy nad Ipľom,333,103,30.93
516147,Kováčovce,250,94,37.6
516155,Lesenice,416,179,43.02
516163,Ľuboriečka,129,88,68.21
516171,Malá Čalomija,156,96,61.53
516198,Malé Zlievce,226,125,55.3
516210,Modrý Kameň,1300,564,43.38
516228,Muľa,217,36,16.58
516236,Nenince,1080,480,44.44
516244,Nová Ves,354,174,49.15
516252,Obeckov,365,166,45.47
516261,Olováry,225,117,52
516279,Opatovská Nová Ves,491,159,32.38
516287,Opava,80,29,36.25
516295,Pôtor,615,257,41.78
516309,Pravica,100,26,26
516317,Príbelce,456,290,63.59
516333,Sečianky,270,101,37.4
516341,Seľany,134,52,38.8
516368,Senné,155,85,54.83
516376,Sklabiná,752,292,38.82
516384,Slovenské Ďarmoty,360,120,33.33
516392,Slovenské Kľačany,142,67,47.18
516406,Stredné Plachtince,509,212,41.65
516414,Sucháň,206,87,42.23
516422,Suché Brezovo,74,40,54.05
516431,Širákov,160,67,41.87
516449,Šuľa,66,41,62.12
516457,Trebušovce,149,72,48.32
516465,Veľká Čalomija,475,228,48
516473,Veľká Ves nad Ipľom,350,132,37.71
516490,Veľké Zlievce,378,133,35.18
516503,Veľký Lom,117,57,48.71
516511,Vieska,152,91,59.86
516520,Vinica,1447,569,39.32
516538,Vrbovka,285,137,48.07
516546,Záhorce,534,278,52.05
516554,Závada,345,156,45.21
516562,Zombor,104,38,36.53
516571,Želovce,979,397,40.55
516589,Žiar nad Hronom,13985,6997,50.03
516597,Svätý Anton,983,547,55.64
516601,Baďan,136,83,61.02
516627,Banská Belá,965,528,54.71
516643,Banská Štiavnica,7884,4210,53.39
516651,Banský Studenec,372,196,52.68
516660,Bartošova Lehôtka,290,178,61.37
516678,Beluj,119,55,46.21
516708,Bzenica,563,320,56.83
516716,Dekýš,155,92,59.35
516724,Dolná Trnávka,290,195,67.24
516732,Dolná Ves,186,100,53.76
516741,Dolná Ždaňa,713,351,49.22
516759,Hodruša - Hámre,1679,941,56.04
516767,Hliník nad Hronom,2183,1280,58.63
516791,Horná Ždaňa,437,238,54.46
516805,Horné Hámre,570,340,59.64
516813,Hrabičov,452,238,52.65
516821,Hronská Dúbrava,349,193,55.3
516830,Hronský Beňadik,929,506,54.46
516848,Ihráč,394,229,58.12
516856,Ilija,299,195,65.21
516872,Janova Lehota,763,415,54.39
516881,Jastrabá,442,267,60.4
516902,Kľak,157,89,56.68
516937,Kopernica,334,129,38.62
516945,Kosorín,372,227,61.02
516953,Kozelník,141,81,57.44
516961,Krahule,230,143,62.17
516970,Kremnica,4009,2060,51.38
516988,Kremnické Bane,194,106,54.63
516996,Kunešov,173,83,47.97
517011,Lehôtka pod Brehmi,313,184,58.78
517020,Lovča,561,330,58.82
517038,Lovčica - Trubín,1296,789,60.87
517046,Lúčky,166,83,50
517062,Malá Lehota,737,397,53.86
517071,Močiar,132,73,55.3
517089,Nevoľné,306,208,67.97
517097,Nová Baňa,5622,3090,54.96
517119,Ostrý Grúň,448,266,59.37
517127,Píla,103,52,50.48
517135,Pitelová,525,310,59.04
517143,Podhorie,274,187,68.24
517160,Počúvadlo,93,62,66.66
517178,Prenčov,521,299,57.38
517186,Prestavlky,565,330,58.4
517194,Prochot,481,295,61.33
517216,Repište,241,157,65.14
517232,Rudno nad Hronom,419,269,64.2
517241,Sklené Teplice,388,273,70.36
517259,Slaská,435,251,57.7
517267,Stará Kremnička,866,440,50.8
517283,Štiavnické Bane,727,414,56.94
517291,Tekovská Breznica,1008,584,57.93
517305,Tekovské Nemce,844,467,55.33
517313,Trnavá Hora,1013,591,58.34
517330,Veľká Lehota,894,489,54.69
517348,Veľké Pole,379,181,47.75
517356,Voznica,527,298,56.54
517364,Vyhne,959,526,54.84
517372,Vysoká,101,56,55.44
517381,Žarnovica,4607,2438,52.91
517399,Župkov,703,370,52.63
517402,Žilina,65703,38580,58.71
517429,Belá,2646,1460,55.17
517461,Bytča,9366,5154,55.02
517470,Čičmany,163,113,69.32
517488,Divina,1954,1077,55.11
517496,Divinka,780,469,60.12
517500,Dlhé Pole,1609,963,59.85
517518,Dolná Tižina,1148,621,54.09
517526,Dolný Hričov,1313,749,57.04
517542,Fačkov,540,341,63.14
517551,Gbeľany,1234,768,62.23
517577,Hôrky,761,485,63.73
517593,Horný Hričov,704,461,65.48
517623,Hvozdnica,960,517,53.85
517631,Jablonové,727,382,52.54
517640,Jasenové,480,267,55.62
517658,Kamenná Poruba,1447,912,63.02
517674,Kolárovice,1439,776,53.92
517682,Konská,1314,824,62.7
517691,Kotešová,1817,1024,56.35
517704,Kotrčiná Lúčka,481,326,67.77
517712,Krasňany,1189,690,58.03
517721,Kunerad,863,548,63.49
517739,Lietava,1317,822,62.41
517755,Lietavská Svinná - Babkov,1408,823,58.45
517763,Lutiše,627,366,58.37
517771,Lysica,711,426,59.91
517780,Malá Čierna,277,174,62.81
517798,Maršová - Rašov,786,447,56.87
517801,Mojš,1064,680,63.9
517828,Nededza,865,543,62.77
517861,Petrovice,1356,781,57.59
517879,Podhorie,785,501,63.82
517895,Predmier,1119,693,61.93
517917,Rajec,4659,2667,57.24
517925,Rajecká Lesná,1033,609,58.95
517933,Rajecké Teplice,2408,1617,67.15
517941,Rosina,2679,1759,65.65
517950,Stráňavy,1540,993,64.48
517968,Stránske,719,469,65.22
517976,Stráža,559,304,54.38
517984,Strečno,2103,1246,59.24
517992,Súľov - Hradná,836,524,62.67
518000,Svederník,1283,779,60.71
518018,Štiavnik,3141,1595,50.78
518034,Teplička nad Váhom,3411,2080,60.97
518042,Terchová,3402,1761,51.76
518051,Turie,1702,1083,63.63
518069,Varín,2977,1851,62.17
518077,Veľká Čierna,294,188,63.94
518085,Veľké Rovné,2972,1671,56.22
518093,Višňové,2442,1512,61.91
518107,Hosťovce,178,86,48.31
518115,Slančík,174,95,54.59
518123,Háj,229,110,48.03
518131,Zbyňov,703,423,60.17
518140,Nižná Hutka,507,300,59.17
518158,Zvolen,32575,17468,53.62
518166,Babiná,424,240,56.6
518174,Bacúrov,126,91,72.22
518191,Breziny,301,137,45.51
518204,Budča,1099,573,52.13
518212,Bzovík,847,449,53.01
518221,Bzovská Lehôtka,106,51,48.11
518239,Cerovo,415,201,48.43
518247,Čabradský Vrbovok,196,113,57.65
518255,Čekovce,326,147,45.09
518263,Detva,11259,5994,53.23
518271,Detvianska Huta,609,373,61.24
518280,Devičie,253,139,54.94
518298,Dobrá Niva,1512,928,61.37
518301,Dolné Mladonice,109,70,64.22
518310,Dolný Badín,212,125,58.96
518336,Domaníky,178,74,41.57
518344,Drážovce,106,57,53.77
518352,Drienovo,92,64,69.56
518361,Dubové,292,181,61.98
518379,Dúbravy,811,453,55.85
518387,Dudince,1528,1027,67.21
518409,Hontianske Moravce,614,323,52.6
518417,Hontianske Nemce,1113,623,55.97
518425,Hontianske Tesáre,711,274,38.53
518433,Horné Mladonice,163,84,51.53
518441,Horný Badín,145,81,55.86
518450,Horný Tisovník,176,105,59.65
518468,Hriňová,5898,3212,54.45
518476,Hronská Breznica,205,105,51.21
518484,Jalšovík,148,94,63.51
518492,Klokoč,410,249,60.73
518506,Kováčová,1452,973,67.01
518514,Kozí Vrbovok,110,67,60.9
518522,Haniska,621,354,57
518531,Kráľovce - Krnišov,137,85,62.04
518549,Kriváň,1459,900,61.68
518557,Krupina,6059,3155,52.07
518565,Lackov,80,49,61.25
518573,Ladzany,227,141,62.11
518581,Lešť (vojenský obvod),59,49,83.05
518590,Ľubotice,3035,1867,61.51
518603,Lišov,181,76,41.98
518611,Litava,554,190,34.29
518620,Ratkovce,283,180,63.6
518646,Medovarce,175,57,32.57
518654,Michalková,45,35,77.77
518662,Očová,1993,1148,57.6
518671,Ostrá Lúka,276,169,61.23
518689,Pliešovce,1828,1008,55.14
518697,Podzámčok,449,291,64.81
518701,Rykynčice,254,157,61.81
518719,Čimhová,511,301,58.9
518727,Sása,713,389,54.55
518735,Sebechleby,901,460,51.05
518743,Selce,79,53,67.08
518751,Senohrad,590,358,60.67
518760,Sielnica,1124,558,49.64
518794,Slatinské Lazy,430,252,58.6
518808,Sliač,4003,2502,62.5
518816,Stará Huta,277,157,56.67
518824,Stožok,898,559,62.24
518832,Sudince,62,33,53.22
518841,Súdovce,171,60,35.08
518867,Terany,476,246,51.68
518875,Tŕnie,331,200,60.42
518883,Trpín,93,62,66.66
518891,Turová,361,233,64.54
518905,Uňatín,148,97,65.54
518913,Sverepec,1076,660,61.33
518921,Vígľaš,1249,708,56.68
518930,Vígľašská Huta - Kalinka,289,172,59.51
518956,Zemiansky Vrbovok,72,49,68.05
518964,Vaniškovce,316,194,61.39
518972,Zvolenská Slatina,2247,1254,55.8
518981,Železná Breznica,426,252,59.15
518999,Žibritov,82,51,62.19
519006,Bardejov,24392,12398,50.82
519014,Abrahámovce,267,136,50.93
519022,Andrejová,282,122,43.26
519049,Bartošovce,565,349,61.76
519057,Becherov,245,130,53.06
519065,Beloveža,616,339,55.03
519073,Bogliarka,90,61,67.77
519081,Brezov,300,177,59
519090,Brezovka,98,64,65.3
519103,Buclovany,169,111,65.68
519111,Cigeľka,363,56,15.42
519138,Dubinné,269,175,65.05
519154,Frička,219,63,28.76
519162,Fričkovce,575,328,57.04
519171,Gaboltov,401,245,61.09
519189,Gerlachov,787,355,45.1
519197,Giraltovce,3161,1320,41.75
519201,Hankovce,346,200,57.8
519219,Harhaj,202,108,53.46
519227,Hažlín,892,503,56.39
519235,Hertník,801,455,56.8
519243,Hervartov,402,223,55.47
519251,Hrabovec,395,252,63.79
519260,Hrabské,436,163,37.38
519278,Hutka,83,50,60.24
519286,Chmeľová,306,209,68.3
519294,Janovce,356,188,52.8
519308,Jedlinka,74,48,64.86
519316,Kalnište,407,219,53.8
519324,Kľušov,863,486,56.31
519332,Kobylnice,78,53,67.94
519341,Kobyly,697,380,54.51
519359,Kochanovce,198,112,56.56
519367,Komárov,364,200,54.94
519375,Koprivnica,527,264,50.09
519383,Kožany,87,37,42.52
519391,Kračúnovce,980,572,58.36
519405,Krivé,170,98,57.64
519413,Kríže,70,44,62.85
519421,Kružlov,784,398,50.76
519430,Kučín,267,153,57.3
519448,Kuková,580,300,51.72
519456,Kurima,849,413,48.64
519464,Kurov,473,300,63.42
519472,Lascov,434,183,42.16
519481,Lenartov,759,383,50.46
519499,Lipová,73,40,54.79
519502,Livov,66,38,57.57
519511,Livovská Huta,45,29,64.44
519529,Lopúchov,246,148,60.16
519537,Lúčka,408,196,48.03
519545,Lukavica,299,184,61.53
519553,Lukov,448,222,49.55
519561,Lužany pri Topli,198,112,56.56
519570,Malcov,1177,544,46.21
519588,Marhaň,709,305,43.01
519596,Mičakovce,104,62,59.61
519600,Mikulášová,126,72,57.14
519618,Mokroluh,606,364,60.06
519626,Nemcovce,209,142,67.94
519634,Nižná Polianka,196,124,63.26
519642,Nižná Voľa,219,118,53.88
519669,Nižný Tvarožec,368,168,45.65
519677,Oľšavce,140,78,55.71
519685,Ondavka,19,18,94.73
519693,Ortuťová,156,85,54.48
519707,Osikov,788,467,59.26
519715,Petrová,574,94,16.37
519723,Poliakovce,299,158,52.84
519731,Porúbka,174,103,59.19
519740,Regetovka,59,36,61.01
519758,Rešov,253,135,53.35
519766,Richvald,804,431,53.6
519774,Rokytov,442,204,46.15
519782,Smilno,567,334,58.9
519791,Snakov,476,179,37.6
519804,Stebnícka Huta,181,93,51.38
519812,Stebník,247,164,66.39
519821,Stuľany,439,198,45.1
519839,Sveržov,477,273,57.23
519847,Šarišské Čierne,250,124,49.6
519855,Šašová,122,60,49.18
519863,Šiba,459,238,51.85
519871,Tarnov,308,193,62.66
519880,Tročany,233,145,62.23
519901,Varadka,170,45,26.47
519910,Vyšná Polianka,104,62,59.61
519928,Vyšná Voľa,323,191,59.13
519936,Raslavice,2095,1070,51.07
519944,Vyšný Kručov,120,82,68.33
519952,Vyšný Tvarožec,104,78,75
519961,Zborov,2441,730,29.9
519979,Zlaté,618,354,57.28
519987,Železník,373,221,59.24
519995,Želmanovce,260,153,58.84
520004,Humenné,24962,11135,44.6
520012,Adidovce,173,99,57.22
520021,Baškovce,315,198,62.85
520039,Belá nad Cirochou,2679,1283,47.89
520055,Brekov,1022,459,44.91
520063,Brestov,468,243,51.92
520071,Brestov nad Laborcom,104,35,33.65
520080,Brezovec,30,15,50
520098,Čabalovce,262,105,40.07
520101,Čabiny,263,147,55.89
520110,Černina,118,88,74.57
520128,Čertižné,277,167,60.28
520136,Čukalovce,150,92,61.33
520152,Dedačov,137,72,52.55
520161,Dlhé nad Cirochou,1515,746,49.24
520179,Dúbrava,180,68,37.77
520187,Habura,405,220,54.32
520195,Hankovce,407,220,54.05
520209,Hostovice,222,127,57.2
520217,Hrabová Roztoka,46,28,60.86
520225,Hrabovec nad Laborcom,421,240,57
520233,Hrubov,389,183,47.04
520241,Hudcovce,315,187,59.36
520250,Rokytov pri Humennom,242,157,64.87
520268,Chlmec,479,252,52.6
520276,Jabloň,318,137,43.08
520284,Jalová,51,26,50.98
520292,Jankovce,223,139,62.33
520314,Kalinov,229,100,43.66
520322,Kalná Roztoka,411,182,44.28
520331,Kamenica nad Cirochou,1872,877,46.84
520349,Kamienka,447,201,44.96
520357,Karná,369,144,39.02
520365,Klenová,396,167,42.17
520373,Kochanovce,595,332,55.79
520381,Kolbasov,64,43,67.18
520390,Kolonica,444,212,47.74
520403,Koškovce,436,230,52.75
520411,Krásny Brod,327,129,39.44
520438,Ladomirov,238,84,35.29
520446,Lieskovec,345,206,59.71
520454,Ľubiša,658,366,55.62
520462,Lukačovce,371,160,43.12
520471,Medzilaborce,4615,1911,41.4
520489,Michajlov,76,39,51.31
520497,Modra nad Cirochou,752,428,56.91
520501,Myslina,461,214,46.42
520519,Ňagov,290,132,45.51
520527,Nechválova  Polianka,108,52,48.14
520535,Nižná Jablonka,117,46,39.31
520543,Nižné Ladičkovce,262,129,49.23
520551,Nová Sedlica,223,106,47.53
520560,Ohradzany,477,287,60.16
520578,Oľka,221,120,54.29
520586,Oľšinkov,27,22,81.48
520594,Osadné,128,70,54.68
520616,Palota,129,46,35.65
520624,Papín,734,367,50
520632,Parihuzovce,32,22,68.75
520641,Pčoliné,446,264,59.19
520659,Pichne,433,249,57.5
520667,Porúbka,225,116,51.55
520675,Príslop,41,21,51.21
520683,Ptičie,518,256,49.42
520691,Radvaň nad Laborcom,426,205,48.12
520705,Repejov,101,57,56.43
520713,Roškovce,121,66,54.54
520721,Rovné,358,163,45.53
520730,Runina,71,48,67.6
520748,Ruská Volová,82,45,54.87
520764,Ruský Potok,97,46,47.42
520772,Slovenská Volová,407,169,41.52
520781,Slovenské Krivé,118,67,56.77
520802,Snina,14754,6480,43.92
520811,Stakčínska Roztoka,243,138,56.79
520829,Stakčín,1847,831,44.99
520845,Strihovce,103,54,52.42
520853,Sukov,100,43,43
520861,Svetlice,83,46,55.42
520870,Šmigovec,75,32,42.66
520888,Topoľa,148,54,36.48
520896,Topoľovka,658,363,55.16
520900,Turcovce,238,127,53.36
520918,Ubľa,613,295,48.12
520926,Udavské,991,520,52.47
520934,Ulič,648,227,35.03
520942,Uličské Krivé,186,93,50
520951,Valentovce,43,29,67.44
520977,Veľopolie,295,171,57.96
520985,Víťazovce,270,136,50.37
520993,Volica,228,110,48.24
521001,Výrava,166,80,48.19
521019,Vyšná Jablonka,66,50,75.75
521027,Vyšné Ladičkovce,156,83,53.2
521035,Vyšný Hrušov,378,134,35.44
521043,Závadka,455,249,54.72
521051,Zboj,253,143,56.52
521060,Zbojné,140,86,61.42
521078,Zbudská Belá,96,57,59.37
521086,Zbudské Dlhé,512,117,22.85
521108,Zemplínske Hámre,1019,508,49.85
521116,Zubné,280,138,49.28
521141,Bačkovík,415,137,33.01
521159,Baška,590,392,66.44
521167,Belža,361,206,57.06
521175,Beniakovce,631,327,51.82
521183,Bidovce,1228,556,45.27
521191,Blažice,468,179,38.24
521205,Bohdanovce,938,514,54.79
521213,Boliarov,596,143,23.99
521221,Budimír,1034,671,64.89
521248,Bukovec,728,416,57.14
521256,Bunetice,72,44,61.11
521264,Buzica,949,312,32.87
521272,Cestice,714,339,47.47
521281,Čakanovce,529,184,34.78
521299,Čaňa,4610,2052,44.51
521302,Čečejovce,1683,783,46.52
521311,Čižatice,349,194,55.58
521329,Debraď,342,155,45.32
521337,Drienovec,1692,418,24.7
521345,Družstevná pri Hornáde,2120,892,42.07
521353,Ďurďošík,581,366,62.99
521361,Ďurkov,1404,466,33.19
521370,Geča,1528,854,55.89
521388,Gyňov,545,284,52.11
521396,Hačava,167,58,34.73
521400,Haniska,1212,669,55.19
521418,Herľany,229,146,63.75
521426,Hodkovce,300,179,59.66
521442,Hrašovík,319,216,67.71
521469,Hýľov,432,259,59.95
521477,Chrastné,529,269,50.85
521485,Janík,500,235,47
521493,Jasov,2499,589,23.56
521507,Kalša,579,276,47.66
521523,Kecerovce,2333,238,10.2
521540,Kecerovský Lipovec,91,56,61.53
521558,Kokšov - Bakša,1036,575,55.5
521566,Komárovce,327,149,45.56
521574,Košická Belá,847,459,54.19
521582,Košická Polianka,856,421,49.18
521591,Košické Oľšany,1046,460,43.97
521604,Košický Klečenov,258,146,56.58
521612,Kráľovce,947,351,37.06
521639,Kysak,1177,704,59.81
521655,Malá Ida,1502,982,65.37
521663,Malá Lodina,231,153,66.23
521671,Medzev,3102,952,30.68
521680,Mokrance,1238,614,49.59
521698,Moldava nad Bodvou,7784,2657,34.13
521701,Mudrovce,61,26,42.62
521728,Nižná Kamenica,548,291,53.1
521736,Nižná Myšľa,1173,547,46.63
521744,Nižný Čaj,233,118,50.64
521752,Nižný Klátov,749,460,61.41
521761,Nižný Lánec,333,89,26.72
521779,Turnianska Nová Ves,231,148,64.06
521787,Nováčany,612,263,42.97
521795,Nová Polhora,414,274,66.18
521809,Nový Salaš,193,113,58.54
521817,Obišovce,391,244,62.4
521825,Olšovany,517,271,52.41
521833,Opátka,115,77,66.95
521841,Opiná,156,63,40.38
521850,Paňovce,505,293,58.01
521868,Peder,299,99,33.11
521876,Perín - Chym,1295,665,51.35
521884,Ploské,783,448,57.21
521892,Poproč,2212,1182,53.43
521906,Rákoš,312,155,49.67
521914,Rankovce,640,131,20.46
521922,Rešica,296,147,49.66
521931,Rozhanovce,2048,1176,57.42
521949,Rudník,523,255,48.75
521957,Ruskov,1316,750,56.99
521965,Sady nad Torysou,1534,739,48.17
521973,Seňa,1701,758,44.56
521981,Skároš,885,430,48.58
522007,Slanec,1165,504,43.26
522015,Slanská Huta,208,131,62.98
522023,Slanské Nové Mesto,387,226,58.39
522031,Sokoľ,1036,550,53.08
522040,Svinica,804,383,47.63
522066,Šemša,798,449,56.26
522074,Štós,589,219,37.18
522082,Trebejov,180,113,62.77
522091,Trsťany,280,161,57.5
522104,Trstené pri Hornáde,1409,584,41.44
522121,Vajkovce,723,363,50.2
522139,Valaliky,3474,1623,46.71
522147,Veľká Ida,2563,554,21.61
522155,Veľká Lodina,250,122,48.8
522163,Vtáčkovce,858,103,12
522171,Vyšná Hutka,444,223,50.22
522180,Vyšná Kamenica,306,183,59.8
522198,Vyšná Myšľa,791,444,56.13
522201,Vyšný Čaj,262,167,63.74
522210,Vyšný Klátov,391,224,57.28
522244,Zlatá Idka,326,240,73.61
522252,Žarnov,356,173,48.59
522261,Ždaňa,1068,543,50.84
522279,Michalovce,29070,13673,47.03
522287,Bajany,363,158,43.52
522295,Bánovce nad Ondavou,573,294,51.3
522309,Baškovce,196,113,57.65
522317,Beňatina,148,84,56.75
522325,Bežovce,756,292,38.62
522333,Blatná Polianka,150,94,62.66
522341,Blatné Remety,505,156,30.89
522350,Blatné Revištia,190,95,50
522368,Bracovce,744,359,48.25
522376,Budkovce,1187,543,45.74
522384,Bunkovce,273,92,33.69
522392,Čečehov,313,154,49.2
522406,Dúbravka,526,308,58.55
522414,Falkušovce,503,203,40.35
522422,Fekišovce,249,99,39.75
522431,Hatalov,575,278,48.34
522449,Hažín,383,191,49.86
522457,Hlivištia,283,173,61.13
522465,Hnojné,201,67,33.33
522473,Horňa,271,154,56.82
522481,Horovce,640,298,46.56
522490,Husák,134,83,61.94
522503,Choňkovce,422,252,59.71
522511,Iňačovce,577,137,23.74
522520,Inovce,161,96,59.62
522538,Jasenov,233,122,52.36
522546,Jastrabie pri Michalovciach,231,110,47.61
522554,Jenkovce,321,156,48.59
522562,Jovsa,678,348,51.32
522571,Kačanov,342,85,24.85
522589,Kaluža,370,205,55.4
522597,Klokočov,387,230,59.43
522601,Kolibabovce,135,57,42.22
522627,Koňuš,259,171,66.02
522635,Zemplínske Kopčany,319,66,20.68
522643,Koromľa,349,169,48.42
522651,Krásnovce,513,301,58.67
522660,Krčava,344,174,50.58
522678,Kristy,248,88,35.48
522686,Kusín,281,163,58
522694,Lastomír,974,474,48.66
522708,Laškovce,469,153,32.62
522716,Lekárovce,725,314,43.31
522724,Lesné,330,182,55.15
522732,Ložín,658,257,39.05
522741,Lúčky,452,173,38.27
522759,Malčice,1040,220,21.15
522767,Malé Raškovce,194,101,52.06
522783,Markovce,701,142,20.25
522791,Moravany,846,340,40.18
522805,Nacina Ves,1423,528,37.1
522813,Nižná Rybnica,335,150,44.77
522821,Nižné Nemecké,245,129,52.65
522830,Orechová,190,96,50.52
522848,Oreské,388,230,59.27
522856,Ostrov,252,113,44.84
522864,Palín,684,253,36.98
522872,Pavlovce nad Uhom,3436,572,16.64
522881,Petrikovce,161,63,39.13
522899,Petrovce,169,101,59.76
522902,Petrovce nad Laborcom,789,303,38.4
522911,Pinkovce,164,101,61.58
522929,Podhoroď,260,127,48.84
522937,Porostov,158,106,67.08
522945,Poruba pod Vihorlatom,492,276,56.09
522953,Porúbka,325,166,51.07
522961,Pozdišovce,1072,504,47.01
522970,Priekopa,232,134,57.75
522988,Pusté Čemerné,297,170,57.23
522996,Rakovec nad Ondavou,852,328,38.49
523003,Remetské Hámre,498,264,53.01
523011,Ruská Bystrá,90,45,50
523020,Ruskovce,203,125,61.57
523038,Ruský Hrabovec,234,146,62.39
523046,Sejkov,148,88,59.45
523054,Senné,602,185,30.73
523062,Slavkovce,499,146,29.25
523071,Sliepkovce,600,210,35
523089,Sobrance,4367,1978,45.29
523097,Staré,613,318,51.87
523101,Strážske,3415,1482,43.39
523119,Stretava,538,137,25.46
523127,Stretavka,137,70,51.09
523135,Suché,350,204,58.28
523143,Svätuš,87,55,63.21
523151,Šamudovce,450,154,34.22
523160,Tašuľa,171,69,40.35
523178,Tibava,418,206,49.28
523186,Trhovište,1398,414,29.61
523194,Trnava pri Laborci,492,287,58.33
523208,Tušice,538,267,49.62
523216,Tušická Nová Ves,429,237,55.24
523224,Úbrež,627,154,24.56
523232,Veľké Revištia,397,245,61.71
523241,Zalužice,933,502,53.8
523259,Vinné,1677,904,53.9
523267,Vojnatina,192,104,54.16
523275,Voľa,208,118,56.73
523283,Vrbnica,747,175,23.42
523291,Vysoká nad Uhom,637,258,40.5
523305,Vyšná Rybnica,316,159,50.31
523313,Vyšné Nemecké,168,83,49.4
523321,Vyšné Remety,327,198,60.55
523330,Záhor,500,193,38.6
523348,Závadka,335,155,46.26
523356,Zbudza,417,206,49.4
523364,Zemplínska Široká,833,362,43.45
523372,Žbince,744,229,30.77
523381,Poprad,39851,20946,52.56
523399,Abrahámovce,216,108,50
523402,Batizovce,1899,925,48.7
523411,Bušovce,251,130,51.79
523429,Červený Kláštor,204,147,72.05
523437,Gánovce,1107,560,50.58
523445,Gerlachov,696,287,41.23
523461,Havka,36,20,55.55
523470,Holumnica,700,133,19
523488,Hôrka,1632,909,55.69
523496,Hozelec,615,324,52.68
523500,Hradisko,78,41,52.56
523518,Hranovnica,2216,682,30.77
523526,Huncovce,1999,650,32.51
523534,Ihľany,1066,169,15.85
523542,Jánovce,1080,341,31.57
523569,Jezersko,86,62,72.09
523577,Jurské,879,31,3.52
523585,Kežmarok,12302,6394,51.97
523593,Kravany,715,341,47.69
523607,Krížová Ves,1495,312,20.86
523615,Lechnica,196,99,50.51
523623,Lendak,3875,1876,48.41
523631,Liptovská Teplička,1777,682,38.37
523658,Lučivná,784,319,40.68
523674,Majere,98,53,54.08
523682,Ľubica,3285,1593,48.49
523712,Matiašovce,590,270,45.76
523721,Mengusovce,526,228,43.34
523739,Mlynčeky,551,316,57.35
523747,Mlynica,556,373,67.08
523763,Nová Lesná,1394,659,47.27
523771,Osturňa,253,143,56.52
523780,Podhorany,1466,211,14.39
523798,Rakúsy,1948,306,15.7
523801,Reľov,277,123,44.4
523810,Slovenská Ves,1419,558,39.32
523828,Spišská Belá,5108,2426,47.49
523836,Spišská Stará Ves,1632,764,46.81
523844,Spišská Teplica,1802,961,53.32
523852,Spišské Bystré,1936,1021,52.73
523861,Spišské Hanušovce,557,284,50.98
523879,Spišský Štiavnik,1844,743,40.29
523887,Stará Lesná,826,338,40.92
523909,Stráne pod Tatrami,1301,135,10.37
523925,Svit,6269,3404,54.29
523933,Štrba,3375,2090,61.92
523950,Švábovce,1152,493,42.79
523976,Toporec,1478,284,19.21
523984,Tvarožná,585,295,50.42
523992,Veľká Franková,290,165,56.89
524000,Veľká Lomnica,3412,1218,35.69
524018,Veľký Slavkov,1169,477,40.8
524026,Vernár,458,291,63.53
524034,Vikartovce,1454,636,43.74
524042,Vlková,684,372,54.38
524051,Vlkovce,363,220,60.6
524069,Vojňany,243,142,58.43
524077,Vrbov,1083,451,41.64
524085,Výborná,814,127,15.6
524093,Vydrník,890,232,26.06
524107,Šuňava,1535,786,51.2
524115,Zálesie,66,50,75.75
524123,Žakovce,724,402,55.52
524131,Ždiar,1144,617,53.93
524140,Prešov,66694,36544,54.79
524158,Abranovce,514,213,41.43
524174,Bajerov,347,216,62.24
524182,Bajerovce,221,136,61.53
524191,Bertotovce,418,238,56.93
524204,Bodovce,302,163,53.97
524212,Brestov,368,226,61.41
524221,Bretejovce,368,250,67.93
524239,Brezovica,1310,736,56.18
524247,Brezovička,326,196,60.12
524255,Brežany,170,121,71.17
524263,Bzenov,570,314,55.08
524271,Čelovce,282,173,61.34
524280,Červená Voda,413,240,58.11
524298,Červenica pri Sabinove,730,403,55.2
524301,Červenica,701,85,12.12
524310,Ďačov,566,342,60.42
524328,Daletice,75,39,52
524336,Demjata,893,530,59.35
524344,Drienica,619,346,55.89
524352,Drienov,1744,824,47.24
524361,Drienovská Nová Ves,673,349,51.85
524379,Dubovica,1123,620,55.2
524387,Dulova Ves,1265,774,61.18
524395,Fintice,1851,1130,61.04
524409,Fričovce,859,388,45.16
524417,Fulianka,335,201,60
524425,Geraltov,96,54,56.25
524433,Gregorovce,740,452,61.08
524441,Hanigovce,105,70,66.66
524450,Hendrichovce,202,119,58.91
524468,Hermanovce,1182,444,37.56
524476,Hrabkov,572,325,56.81
524492,Hubošovce,395,225,56.96
524506,Chmeľov,768,304,39.58
524514,Chmeľovec,366,238,65.02
524522,Chminianska Nová Ves,1010,554,54.85
524531,Chminianske Jakubovany,1479,236,15.95
524549,Chmiňany,675,213,31.55
524557,Jakovany,270,152,56.29
524565,Jakubova Voľa,328,158,48.17
524573,Jakubovany,773,438,56.66
524581,Janov,249,148,59.43
524590,Janovík,333,220,66.06
524603,Jarovnice,4069,628,15.43
524611,Kamenica,1388,746,53.74
524620,Kapušany,1678,1032,61.5
524638,Kendice,1478,708,47.9
524646,Klenov,180,99,55
524654,Kojatice,855,401,46.9
524662,Kokošovce,726,463,63.77
524671,Krásna Lúka,526,314,59.69
524689,Krivany,919,426,46.35
524697,Krížovany,283,143,50.53
524701,Kvačany,229,159,69.43
524727,Lada,670,346,51.64
524735,Lažany,148,88,59.45
524743,Lemešany,1503,732,48.7
524751,Lesíček,272,75,27.57
524760,Ličartovce,791,408,51.58
524778,Lipany,4718,2343,49.66
524786,Lipovce,417,232,55.63
524794,Ľubovec,395,220,55.69
524808,Lúčina,130,79,60.76
524816,Lúčka,518,317,61.19
524824,Ľutina,366,224,61.2
524832,Malý Slivník,667,216,32.38
524841,Malý Šariš,1442,914,63.38
524867,Miklušovce,239,153,64.01
524875,Milpoš,493,253,51.31
524883,Mirkovce,883,231,26.16
524905,Mošurov,158,104,65.82
524913,Nemcovce,372,230,61.82
524921,Nižný Slavkov,616,283,45.94
524930,Okružná,378,240,63.49
524948,Olejníkov,365,100,27.39
524956,Oľšov,285,165,57.89
524964,Ondrašovce,52,34,65.38
524981,Ostrovany,1452,348,23.96
524999,Ovčie,528,326,61.74
525006,Pečovská Nová Ves,1996,902,45.19
525014,Petrovany,1545,733,47.44
525022,Podhorany,676,398,58.87
525031,Podhradík,323,179,55.41
525049,Poloma,703,342,48.64
525057,Proč,316,195,61.7
525065,Pušovce,442,268,60.63
525073,Radatice,619,347,56.05
525081,Ratvaj,123,69,56.09
525090,Ražňany,1225,563,45.95
525103,Renčišov,146,62,42.46
525111,Rokycany,691,200,28.94
525120,Rožkovany,1005,540,53.73
525138,Ruská Nová Ves,1042,511,49.04
525146,Sabinov,9511,4648,48.86
525154,Sedlice,775,436,56.25
525162,Seniakovce,142,100,70.42
525171,Svinia,1401,453,32.33
525189,Šarišská Poruba,429,178,41.49
525197,Šarišská Trstená,248,102,41.12
525201,Šarišské Bohdanovce,726,472,65.01
525219,Šarišské Dravce,924,532,57.57
525235,Šarišské Michaľany,2153,1140,52.94
525243,Šarišské Sokolovce,450,249,55.33
525251,Šindliar,445,199,44.71
525260,Široké,1894,1050,55.43
525278,Štefanovce,168,91,54.16
525286,Teriakovce,857,547,63.82
525294,Terňa,958,501,52.29
525308,Tichý Potok,254,137,53.93
525316,Torysa,1156,573,49.56
525324,Trnkov,231,110,47.61
525332,Tuhrina,341,119,34.89
525341,Tulčík,1029,637,61.9
525359,Uzovce,424,242,57.07
525367,Uzovské Pekľany,301,107,35.54
525375,Uzovský Šalgov,511,268,52.44
525383,Varhaňovce,1051,243,23.12
525391,Veľký Slivník,263,153,58.17
525405,Veľký Šariš,5135,2790,54.33
525413,Víťaz,1520,824,54.21
525421,Vysoká,105,62,59.04
525430,Vyšná Šebastová,1029,624,60.64
525448,Záborské,829,578,69.72
525456,Záhradné,897,503,56.07
525472,Zlatá Baňa,362,196,54.14
525499,Žehňa,830,277,33.37
525502,Žipov,230,143,62.17
525511,Župčany,1566,942,60.15
525529,Rožňava,14033,5794,41.28
525537,Ardovo,127,63,49.6
525545,Betliar,789,448,56.78
525553,Bohúňovo,220,88,40
525561,Bôrka,366,72,19.67
525570,Brdárka,50,20,40
525596,Čierna Lehota,463,199,42.98
525600,Čoltovo,383,62,16.18
525618,Dedinky,227,161,70.92
525626,Dlhá Ves,443,168,37.92
525634,Dobšiná,3617,987,27.28
525642,Drnava,510,177,34.7
525651,Gemerská Hôrka,1025,248,24.19
525669,Gemerská Poloma,1503,665,44.24
525677,Gemerské Teplice,299,123,41.13
525685,Gemerský Sad,241,99,41.07
525693,Gočaltovo,174,89,51.14
525707,Gočovo,258,154,59.68
525715,Hanková,55,33,60
525723,Henckovce,309,94,30.42
525731,Honce,290,161,55.51
525740,Hrhov,888,316,35.58
525758,Hrušov,276,107,38.76
525766,Hucín,688,80,11.62
525774,Chyžné,347,157,45.24
525782,Jablonov nad Turňou,608,280,46.05
525791,Jelšava,2369,484,20.43
525812,Kameňany,597,132,22.11
525821,Kečovo,274,116,42.33
525839,Kobeliarovo,309,123,39.8
525847,Koceľovce,174,85,48.85
525855,Kováčová,76,49,64.47
525863,Krásnohorská Dlhá Lúka,569,264,46.39
525871,Krásnohorské Podhradie,2026,531,26.2
525898,Kunova Teplica,556,110,19.78
525901,Licince,534,139,26.02
525910,Lipovník,422,196,46.44
525928,Lubeník,1014,306,30.17
525936,Lúčka,157,56,35.66
525944,Magnezitovce,360,132,36.66
525952,Markuška,119,54,45.37
525961,Meliata,151,61,40.39
525987,Muráň,924,367,39.71
525995,Muránska Dlhá Lúka,695,297,42.73
526002,Muránska Huta,206,128,62.13
526011,Muránska Lehota,161,88,54.65
526029,Muránska Zdychava,184,82,44.56
526037,Nandraž,173,48,27.74
526045,Nižná Slaná,922,309,33.51
526053,Ochtiná,420,119,28.33
526061,Pača,457,278,60.83
526070,Pašková,244,36,14.75
526088,Petrovo,77,37,48.05
526096,Plešivec,1791,566,31.6
526100,Prihradzany,63,35,55.55
526118,Rákoš,319,111,34.79
526126,Rakovnica,498,264,53.01
526134,Rejdová,523,204,39
526142,Revúca,9056,3847,42.48
526151,Revúcka Lehota,246,164,66.66
526177,Rochovce,269,103,38.28
526185,Roštár,432,86,19.9
526193,Rozložná,149,50,33.55
526207,Rožňavské Bystré,471,247,52.44
526215,Rudná,594,295,49.66
526223,Silica,432,134,31.01
526231,Silická Brezová,122,79,64.75
526240,Silická Jablonica,155,84,54.19
526258,Sirk,881,235,26.67
526266,Slavec,378,143,37.83
526274,Slavoška,80,35,43.75
526282,Slavošovce,1375,434,31.56
526291,Stratená,100,77,77
526304,Šivetice,260,79,30.38
526312,Štítnik,1191,472,39.63
526321,Turčok,204,62,30.39
526339,Vlachovo,663,413,62.29
526347,Vyšná Slaná,403,212,52.6
526355,Spišská Nová Ves,27734,14211,51.24
526363,Arnutovce,552,164,29.71
526371,Baldovce,127,85,66.92
526380,Beharovce,148,100,67.56
526398,Betlanovce,570,204,35.78
526401,Bijacovce,676,328,48.52
526410,Brutovce,132,74,56.06
526428,Buglovce,214,125,58.41
526436,Bystrany,2384,395,16.56
526444,Danišovce,451,292,64.74
526452,Dlhé Stráže,434,209,48.15
526461,Doľany,451,152,33.7
526479,Domaňovce,715,383,53.56
526487,Dravce,642,265,41.27
526495,Dúbrava,265,159,60
526509,Gelnica,4712,2249,47.72
526517,Granč - Petrovce,507,299,58.97
526525,Harakovce,47,31,65.95
526533,Harichovce,1483,805,54.28
526541,Helcmanovce,1022,434,42.46
526550,Henclová,101,71,70.29
526568,Hincovce,206,114,55.33
526576,Hnilčík,468,223,47.64
526584,Hnilec,359,154,42.89
526592,Hrabušice,1858,606,32.61
526606,Vyšné Repaše,78,50,64.1
526614,Vyšný Slavkov,233,153,65.66
526631,Závadka,437,169,38.67
526649,Žakarovce,511,268,52.44
526657,Žehra,1534,279,18.18
526665,Stará Ľubovňa,11988,5331,44.46
526673,Čirč,969,466,48.09
526681,Ďurková,186,106,56.98
526690,Forbasy,349,212,60.74
526703,Hajtovka,58,35,60.34
526711,Haligovce,511,223,43.63
526720,Hniezdne,1093,490,44.83
526738,Hraničné,155,69,44.51
526746,Hromoš,390,226,57.94
526754,Chmeľnica,785,420,53.5
526762,Jakubany,2043,697,34.11
526771,Jarabina,720,324,45
526789,Kamienka,1033,483,46.75
526797,Kolačkov,839,361,43.02
526801,Kremná,79,42,53.16
526819,Kyjov,539,232,43.04
526827,Lacková,132,83,62.87
526835,Legnava,99,46,46.46
526843,Lesnica,381,188,49.34
526851,Litmanová,523,210,40.15
526860,Lomnička,1823,97,5.32
526878,Ľubotín,1007,469,46.57
526886,Malý Lipník,360,215,59.72
526894,Matysová,58,44,75.86
526908,Mníšek nad Popradom,445,225,50.56
526916,Nižné Ružbachy,474,249,52.53
526924,Nová Ľubovňa,2316,1270,54.83
526932,Obručné,35,27,77.14
526941,Orlov,522,280,53.63
526959,Plaveč,1400,724,51.71
526967,Plavnica,1251,710,56.75
526975,Podolínec,2331,1028,44.1
526983,Pusté Pole,176,108,61.36
526991,Ruská Voľa nad Popradom,73,42,57.53
527009,Starina,55,39,70.9
527017,Stráňany,151,82,54.3
527025,Sulín,249,135,54.21
527033,Šambron,290,180,62.06
527041,Šarišské Jastrabie,951,414,43.53
527050,Údol,306,204,66.66
527068,Veľká Lesná,375,226,60.26
527076,Veľký Lipník,697,374,53.65
527084,Vislanka,214,95,44.39
527092,Vyšné Ružbachy,1166,592,50.77
527106,Svidník,8120,3972,48.91
527114,Baňa,170,78,45.88
527122,Belejovce,21,12,57.14
527131,Beňadikovce,153,73,47.71
527149,Bodružal,49,29,59.18
527157,Breznica,651,337,51.76
527165,Breznička,106,55,51.88
527173,Brusnica,230,113,49.13
527181,Bukovce,418,202,48.32
527190,Bystrá,22,21,95.45
527203,Bžany,194,115,59.27
527211,Cernina,456,211,46.27
527220,Cigla,75,46,61.33
527238,Dlhoňa,69,46,66.66
527246,Dobroslava,41,28,68.29
527254,Dubová,171,86,50.29
527262,Duplín,401,214,53.36
527271,Fijaš,110,76,69.09
527289,Gribov,144,83,57.63
527297,Havaj,307,152,49.51
527301,Havranec,12,10,83.33
527319,Hrabovčík,241,165,68.46
527327,Hunkovce,249,102,40.96
527335,Chotča,504,249,49.4
527343,Jakušovce,36,23,63.88
527351,Jurkova Voľa,68,40,58.82
527360,Kapišová,370,147,39.72
527378,Kečkovce,184,51,27.71
527386,Kolbovce,141,61,43.26
527394,Korejovce,70,51,72.85
527408,Korunková,56,41,73.21
527416,Kožuchovce,48,39,81.25
527424,Krajná Bystrá,329,146,44.37
527432,Krajná Poľana,165,72,43.63
527441,Krajná Porúbka,39,28,71.79
527459,Krajné Čierno,77,45,58.44
527467,Krišľovce,36,20,55.55
527475,Krušinec,188,84,44.68
527483,Kružlová,504,128,25.39
527491,Kurimka,288,147,51.04
527505,Ladomirová,778,287,36.88
527513,Lomné,204,105,51.47
527521,Makovce,120,69,57.5
527530,Malá Poľana,85,49,57.64
527548,Matovce,94,57,60.63
527556,Medvedie,43,35,81.39
527564,Mestisko,349,203,58.16
527572,Miková,105,46,43.8
527581,Miňovce,283,168,59.36
527599,Miroľa,56,40,71.42
527602,Mlynárovce,181,96,53.03
527611,Mrázovce,67,42,62.68
527629,Nižná Jedľová,93,61,65.59
527637,Nižná Olšava,308,155,50.32
527645,Nižná Pisaná,76,52,68.42
527653,Nižný Komárnik,119,67,56.3
527661,Nižný Mirošov,210,86,40.95
527670,Nižný Orlík,260,178,68.46
527688,Nová Polianka,58,33,56.89
527696,Okrúhle,461,235,50.97
527700,Oľšavka,156,88,56.41
527718,Potôčky,61,37,60.65
527726,Potoky,78,42,53.84
527734,Príkra,17,13,76.47
527742,Pstriná,66,43,65.15
527751,Radoma,342,170,49.7
527769,Rakovčík,117,71,60.68
527777,Rovné,392,210,53.57
527785,Roztoky,286,85,29.72
527793,Kručov,179,114,63.68
527807,Soboš,125,77,61.6
527815,Soľník,32,21,65.62
527823,Staškovce,211,113,53.55
527831,Stročín,437,181,41.41
527840,Stropkov,7643,3520,46.05
527858,Svidnička,115,68,59.13
527866,Šandal,248,121,48.79
527874,Šarbov,15,13,86.66
527882,Šarišský Štiavnik,200,114,57
527891,Šemetkovce,71,44,61.97
527904,Štefurov,86,43,50
527912,Tisinec,391,221,56.52
527921,Tokajík,90,50,55.55
527939,Turany nad Ondavou,296,165,55.74
527947,Vagrinec,86,50,58.13
527955,Valkovce,175,104,59.42
527963,Vápeník,36,28,77.77
527971,Varechovce,119,61,51.26
527980,Veľkrop,177,71,40.11
527998,Vislava,169,99,58.57
528005,Vladiča,69,39,56.52
528013,Vojtovce,88,43,48.86
528021,Vyškovce,121,68,56.19
528030,Vyšná Jedľová,155,108,69.67
528048,Vyšná Olšava,462,240,51.94
528056,Vyšná Pisaná,67,54,80.59
528064,Vyšný Komárnik,66,40,60.6
528072,Vyšný Mirošov,451,170,37.69
528081,Vyšný Orlík,320,175,54.68
528099,Trebišov,17182,6844,39.83
528102,Bačka,469,137,29.21
528111,Bačkov,538,271,50.37
528129,Bara,224,90,40.17
528137,Beša,301,105,34.88
528145,Biel,1108,316,28.51
528153,Svätá Mária,467,188,40.25
528161,Boľ,583,124,21.26
528170,Borša,954,453,47.48
528188,Boťany,955,260,27.22
528200,Brehov,460,143,31.08
528218,Brezina,508,235,46.25
528226,Byšta,120,99,82.5
528234,Cejkov,959,460,47.96
528242,Čeľovce,417,179,42.92
528251,Čerhov,601,236,39.26
528269,Černochov,165,76,46.06
528277,Čičarovce,696,242,34.77
528285,Čierna,355,141,39.71
528293,Čierna nad Tisou,2750,624,22.69
528307,Čierne Pole,270,116,42.96
528315,Dargov,513,285,55.55
528323,Dobrá,396,99,25
528331,Drahňov,1040,185,17.78
528340,Dvorianky,522,304,58.23
528358,Egreš,331,117,35.34
528366,Hraň,1248,456,36.53
528374,Hrčeľ,685,159,23.21
528382,Hriadky,349,171,48.99
528391,Ižkovce,86,51,59.3
528404,Kapušianske Kľačany,664,213,32.07
528412,Kašov,233,113,48.49
528421,Kazimír,673,282,41.9
528439,Kožuchov,152,83,54.6
528447,Kráľovský Chlmec,5907,1445,24.46
528455,Kravany,263,124,47.14
528463,Krišovská Liesková,665,184,27.66
528471,Kuzmice,1359,593,43.63
528480,Kysta,335,174,51.94
528498,Ladmovce,266,119,44.73
528501,Lastovce,840,207,24.64
528510,Leles,1449,338,23.32
528528,Luhyňa,248,124,50
528536,Malé Ozorovce,430,238,55.34
528544,Malé Trakany,912,222,24.34
528552,Malý Horeš,900,327,36.33
528561,Malý Kamenec,392,157,40.05
528579,Maťovské Vojkovce,515,106,20.58
528587,Michaľany,1380,596,43.18
528609,Nižný Žipov,1080,339,31.38
528617,Novosad,815,317,38.89
528625,Nový Ruskov,533,317,59.47
528633,Oborín,570,170,29.82
528641,Plechotice,578,281,48.61
528650,Svätuše,663,181,27.3
528668,Poľany,379,109,28.75
528676,Parchovany,1494,640,42.83
528684,Pribeník,812,283,34.85
528692,Ptrukša,384,153,39.84
528706,Rad,426,172,40.37
528714,Ruská,450,113,25.11
528722,Sečovce,6301,2445,38.8
528731,Holčíkovce,370,218,58.91
528749,Jasenovce,169,98,57.98
528757,Jastrabie nad Topľou,357,154,43.13
528765,Juskova Voľa,252,182,72.22
528773,Kamenná Poruba,1033,274,26.52
528781,Kladzany,448,256,57.14
528790,Komárany,377,210,55.7
528803,Košarovce,454,251,55.28
528811,Kučín,393,116,29.51
528820,Kvakovce,392,189,48.21
528838,Majerovce,353,217,61.47
528846,Malá Domaša,454,218,48.01
528854,Matiaška,219,130,59.36
528862,Medzianky,248,151,60.88
528871,Merník,481,262,54.46
528889,Michalok,254,146,57.48
528897,Nižná Sitnica,249,138,55.42
528901,Nižný Hrabovec,1300,549,42.23
528919,Nižný Hrušov,1256,719,57.24
528927,Nižný Kručov,308,186,60.38
528935,Nová Kelča,296,175,59.12
528943,Ondavské Matiašovce,617,265,42.94
528951,Pakostov,369,211,57.18
528960,Pavlovce,619,347,56.05
528978,Petkovce,112,82,73.21
528986,Petrovce,364,217,59.61
528994,Piskorovce,100,52,52
529001,Poša,649,236,36.36
529010,Prituľany,42,33,78.57
529028,Prosačov,151,41,27.15
529036,Radvanovce,174,104,59.77
529044,Rafajovce,119,53,44.53
529052,Remeniny,235,150,63.82
529061,Rohožník,37,25,67.56
529079,Rudlov,520,240,46.15
529087,Ruská Kajňa,83,68,81.92
529095,Ruská Poruba,182,97,53.29
529109,Ruská Voľa,65,20,30.76
529117,Vyšný Kazimír,167,104,62.27
529125,Sačurov,1652,672,40.67
529133,Sečovská Polianka,2077,935,45.01
529141,Sedliská,1102,504,45.73
529150,Skrabské,562,206,36.65
529168,Slovenská Kajňa,630,308,48.88
529176,Soľ,1878,630,33.54
529184,Štefanovce,80,44,55
529192,Tovarné,853,418,49
529206,Tovarnianska Polianka,88,57,64.77
529214,Vavrinec,57,36,63.15
529222,Vechec,1979,582,29.4
529231,Vlača,183,118,64.48
529249,Vyšná Sitnica,278,172,61.87
529257,Vyšný Žipov,896,417,46.54
529265,Zámutov,2390,770,32.21
529273,Závada,60,26,43.33
529281,Zlatník,62,43,69.35
529290,Žalobín,623,229,36.75
542652,Bánovce nad Bebravou,13674,7499,54.84
542661,Belince,300,182,60.66
542695,Biskupová,195,119,61.02
542709,Blesovce,276,172,62.31
542717,Bojná,1641,918,55.94
542733,Bošany,3273,1831,55.94
542741,Brezolupy,410,252,61.46
542776,Cimenná,81,55,67.9
542792,Čermany,315,195,61.9
542806,Čierna Lehota,112,74,66.07
542822,Dežerice,849,498,58.65
542849,Dolné Naštice,472,285,60.38
542857,Dubnička,112,84,75
542873,Dvorec,398,241,60.55
542881,Hajná Nová Ves,284,152,53.52
542890,Haláčovce,268,170,63.43
542920,Horné Naštice,405,267,65.92
542938,Horné Obdokovce,1217,655,53.82
542954,Horné Štitáre,516,282,54.65
542962,Hradište,794,425,53.52
542971,Hrušovany,888,540,60.81
543004,Chynorany,2176,1240,56.98
543039,Kamanová,508,274,53.93
543047,Klátova Nová Ves,1302,810,62.21
543055,Kolačno,708,429,60.59
543063,Koniarovce,533,330,61.91
543071,Kovarce,1274,680,53.37
543080,Krásna Ves,407,249,61.17
543101,Krnča,1132,672,59.36
543110,Krtovce,256,150,58.59
543136,Kšinná,393,263,66.92
543144,Hrišovce,242,143,59.09
543152,Chrasť nad Hornádom,631,225,35.65
543161,Iliašovce,785,391,49.8
543179,Jablonov,730,312,42.73
543187,Jaklovce,1492,780,52.27
543195,Jamník,917,521,56.81
543209,Kaľava,294,141,47.95
543225,Klčov,492,253,51.42
543233,Kluknava,1226,709,57.83
543241,Kojšov,570,330,57.89
543250,Kolinovce,439,174,39.63
543268,Krompachy,6013,2493,41.46
543276,Kurimany,317,217,68.45
543284,Letanovce,1568,503,32.07
543292,Levoča,10958,4639,42.33
543306,Lieskovany,295,189,64.06
543314,Lúčka,105,63,60
543322,Margecany,1581,970,61.35
543331,Markušovce,3015,710,23.54
543349,Matejovce nad Hornádom,429,247,57.57
543357,Mlynky,441,256,58.04
543365,Mníšek nad Hnilcom,1264,381,30.14
543373,Nálepkovo,2246,514,22.88
543381,Nemešany,346,230,66.47
543390,Nižné Repaše,140,99,70.71
543403,Odorín,791,465,58.78
543411,Olcnava,799,418,52.31
543420,Oľšavica,201,145,72.13
543438,Oľšavka,151,96,63.57
543446,Ordzovany,133,73,54.88
543454,Pavľany,53,31,58.49
543462,Poľanovce,137,84,61.31
543471,Pongrácovce,103,67,65.04
543489,Poráč,807,326,40.39
543497,Prakovce,2490,984,39.51
543501,Richnava,1716,312,18.18
543519,Rudňany,2776,623,22.44
543527,Slatvina,239,161,67.36
543535,Slovinky,1423,642,45.11
543551,Smolnícka Huta,353,142,40.22
543560,Smolník,835,343,41.07
543578,Spišské Podhradie,2975,1359,45.68
543586,Spišské Tomášovce,1640,636,38.78
543594,Spišské Vlachy,2629,1301,49.48
543608,Spišský Hrhov,1295,629,48.57
543616,Spišský Hrušov,1045,525,50.23
543624,Spišský Štvrtok,2007,721,35.92
543632,Stará Voda,165,87,52.72
543641,Studenec,421,221,52.49
543659,Švedlár,1565,378,24.15
543667,Teplička,880,414,47.04
543675,Torysky,291,168,57.73
543683,Úhorná,119,70,58.82
543691,Uloža,190,112,58.94
543705,Veľký Folkmar,750,434,57.86
543713,Vítkovce,449,120,26.72
543721,Vojkovce,330,200,60.6
543730,Sirník,460,154,33.47
543748,Slivník,618,312,50.48
543756,Slovenské Nové Mesto,853,274,32.12
543764,Soľnička,194,59,30.41
543772,Somotor,1142,345,30.21
543781,Stankovce,115,56,48.69
543799,Strážne,470,191,40.63
543802,Streda nad Bodrogom,1903,529,27.79
543811,Svinice,175,59,33.71
543829,Trnávka,144,76,52.77
543845,Veľaty,659,278,42.18
543853,Veľké Kapušany,6971,1891,27.12
543861,Veľké Ozorovce,582,255,43.81
543870,Veľké Raškovce,268,82,30.59
543888,Veľké Slemence,439,114,25.96
543896,Veľké Trakany,1196,271,22.65
543900,Veľký Horeš,833,170,20.4
543918,Veľký Kamenec,619,157,25.36
543926,Viničky,368,136,36.95
543934,Višňov,196,83,42.34
543942,Vojany,668,139,20.8
543951,Vojčice,1627,566,34.78
543969,Vojka,408,77,18.87
543977,Zatín,593,139,23.44
543985,Zbehňov,286,111,38.81
543993,Zemplín,86,86,100
544001,Zemplínska Nová Ves,729,320,43.89
544019,Zemplínska Teplica,1263,504,39.9
544027,Zemplínske Hradište,918,378,41.17
544035,Zemplínske Jastrabie,489,191,39.05
544043,Zemplínsky Branč,394,126,31.97
544051,Vranov nad Topľou,16578,7810,47.11
544060,Babie,198,103,52.02
544078,Banské,1334,468,35.08
544086,Benkovce,430,201,46.74
544094,Bystré,2144,1008,47.01
544108,Cabov,302,192,63.57
544116,Čaklov,1957,764,39.03
544124,Čičava,875,215,24.57
544132,Čierne nad Topľou,579,352,60.79
544141,Ďapalovce,335,220,65.67
544159,Davidov,620,331,53.38
544167,Detrík,44,22,50
544175,Dlhé Klčovo,1077,520,48.28
544183,Ďurďoš,197,67,34.01
544191,Giglovce,127,70,55.11
544205,Girovce,49,36,73.46
544213,Hanušovce nad Topľou,2754,1157,42.01
544221,Hermanovce nad Topľou,562,317,56.4
544230,Hlinné,1345,409,30.4
545333,Dunajská Lužná,5806,3721,64.08
545350,Hontianske Trsťany,266,165,62.03
545589,Cabaj - Čápor,3392,1842,54.3
545635,Horné Lefantovce,713,421,59.04
545651,Veľké Držkovce,530,339,63.96
545686,Melčice - Lieskové,1317,809,61.42
545741,Trenčianske Stankovce,2711,1670,61.6
545961,Turčianske Jaseno,368,215,58.42
546640,Dolný Lieskov,666,332,49.84
546682,Skalka nad Váhom,981,584,59.53
547522,Bitarová,686,407,59.32
547557,Brezany,515,329,63.88
547590,Hričovské Podhradie,291,176,60.48
547611,Ovčiarsko,561,353,62.92
547620,Paština Závada,212,129,60.84
555487,Igram,456,287,62.93
555495,Kaplna,718,437,60.86
555509,Zálesie,1799,1211,67.31
555517,Bellova Ves,284,160,56.33
555541,Dunajský Klátov,677,183,27.03
555568,Horné Mýto,778,173,22.23
555576,Trhová Hradská,1817,476,26.19
555606,Macov,414,242,58.45
555649,Mad,485,183,37.73
555665,Malé Dvorníky,970,347,35.77
555673,Veľké Dvorníky,1097,291,26.52
555720,Povoda,783,227,28.99
555746,Vieska,354,161,45.48
555754,Matúškovo,1833,1005,54.82
555789,Dolná Streda,1412,789,55.87
555819,Bodzianske Lúky,154,50,32.46
555827,Virt,276,99,35.86
555843,Čata,855,287,33.56
555851,Malý Lapáš,1056,659,62.4
555860,Veľký Lapáš,1583,949,59.94
555878,Horná Kráľová,1534,780,50.84
555886,Čechynce,1031,623,60.42
555908,Malý Cetín,398,246,61.8
555916,Červený Hrádok,370,218,58.91
555924,Malé Vozokany,276,152,55.07
555932,Veľké Vozokany,343,237,69.09
555959,Hosťová,347,185,53.31
555967,Telince,307,136,44.29
555991,Svätoplukovo,1137,648,56.99
556025,Vlkas,259,167,64.47
556033,Pavlová,184,86,46.73
556050,Úľany nad Žitavou,1268,746,58.83
556092,Nána,1002,372,37.12
556114,Sekule,1466,822,56.07
556122,Rohov,319,155,48.58
556131,Rybky,350,225,64.28
556149,Krušovce,1441,758,52.6
556157,Jacovce,1511,850,56.25
556165,Chrabrany,737,449,60.92
556173,Livina,101,56,55.44
556190,Livinské Opatovce,220,143,65
556211,Orešany,277,143,51.62
556220,Ardanovce,185,104,56.21
556238,Svrbice,168,104,61.9
556246,Krásno,433,287,66.28
556262,Dvorany nad Nitrou,662,383,57.85
556271,Turčianky,120,84,70
556289,Otrhánky,317,213,67.19
556297,Čeľadince,420,251,59.76
556327,Solčianky,243,136,55.96
556351,Horné Chlebany,292,182,62.32
556360,Libichava,125,79,63.2
556408,Chudá Lehota,185,121,65.4
556416,Ješkova Ves,414,240,57.97
556424,Haluzice,88,71,80.68
556441,Zemianske Podhradie,619,334,53.95
556459,Nová Ves nad Váhom,450,277,61.55
556475,Zamarovce,913,631,69.11
556483,Križovany nad Dudváhom,1446,879,60.78
556491,Opoj,1005,631,62.78
556513,Vlčkovce,1103,676,61.28
556521,Dolné Zelenice,494,305,61.74
556530,Horné Zelenice,564,312,55.31
556548,Šterusy,381,232,60.89
556556,Pavlice,445,281,63.14
556564,Slovenská Nová Ves,427,259,60.65
556572,Veľké Orvište,853,475,55.68
556581,Hubina,448,253,56.47
556599,Dlhá,359,204,56.82
556602,Horné Trhovište,496,311,62.7
556611,Tekolďany,105,65,61.9
556645,Tepličky,268,148,55.22
556653,Radošovce,308,182,59.09
556661,Dolné Lovčice,651,419,64.36
556670,Šelpice,731,434,59.37
556688,Lošonec,513,286,55.75
556696,Nitrianske Hrnčiarovce,1936,1097,56.66
556742,Pochabany,219,124,56.62
556777,Jesenské,32,17,53.12
556785,Malé Chyndice,311,189,60.77
556793,Borčany,216,113,52.31
556807,Ižipovce,91,64,70.32
556823,Medzany,770,418,54.28
557251,Bystrá,333,287,86.18
557269,Turecká,140,92,65.71
557277,Kynceľová,326,202,61.96
557285,Nemce,957,586,61.23
557293,Vlkanová,1059,542,51.18
557307,Vidiná,1414,800,56.57
557315,Biskupice,904,254,28.09
557323,Ďubákovo,80,53,66.25
557331,Gregorova Vieska,119,61,51.26
557340,Trenč,357,58,16.24
557358,Vrútky,6051,3386,55.95
557391,Borčice,557,345,61.93
557404,Kameničany,442,303,68.55
557412,Sedmerovec,354,199,56.21
557421,Slavnica,737,401,54.4
557439,Dolné Kočkovce,984,629,63.92
557447,Nimnica,639,399,62.44
557471,Streženice,839,524,62.45
557480,Slopná,393,239,60.81
557498,Vydrná,240,147,61.25
557501,Kvašov,523,300,57.36
557510,Hatné,499,294,58.91
557552,Klieština,268,160,59.7
557561,Čelkova Lehota,139,109,78.41
557579,Malé Lednice,397,251,63.22
557595,Sádočné,141,96,68.08
557609,Ďurďové,142,101,71.12
557617,Krivoklát,194,98,50.51
557625,Vršatské Podhradie,192,111,57.81
557633,Bodiná,386,240,62.17
557692,Horná Breznica,385,197,51.16
557706,Lipník,464,283,60.99
557714,Jalovec,494,298,60.32
557757,Abovce,503,119,23.65
557765,Riečka,177,40,22.59
557790,Nižný Skálnik,157,81,51.59
557811,Rimavské Zalužany,268,159,59.32
557820,Sása,133,34,25.56
557854,Rakytník,214,73,34.11
557889,Gemerské Michalovce,73,29,39.72
557901,Vyšné Valice,204,71,34.8
557919,Dulovo,165,43,26.06
557927,Zacharovce,304,113,37.17
557935,Lietavská Lúčka,1542,926,60.05
557960,Porúbka,426,263,61.73
557986,Ďurčiná,865,536,61.96
557994,Kľače,330,210,63.63
558087,Lukavica,210,160,76.19
558133,Lieskovec,1109,669,60.32
558168,Nezbudská Lúčka,335,206,61.49
558192,Malý Krtíš,392,208,53.06
558206,Malé Straciny,117,50,42.73
558214,Veľké Straciny,135,66,48.88
558222,Počarová,131,99,75.57
558273,Bulhary,239,41,17.15
558281,Liptovská Porúbka,1000,365,36.5
558320,Ivanka pri Nitre,2470,1365,55.26
558338,Ducové,372,216,58.06
558354,Bašovce,277,182,65.7
558397,Šípkové,262,160,61.06
559547,Jasenov,988,599,60.62
559598,Hažín nad Cirochou,557,276,49.55
559610,Rokytovce,139,70,50.35
559636,Sopkovce,93,52,55.91
559644,Gruzovce,105,72,68.57
559652,Maškovce,51,30,58.82
559687,Kechnec,884,331,37.44
559784,Turňa nad Bodvou,2793,783,28.03
559831,Bočiar,188,97,51.59
559865,Sokoľany,970,373,38.45
559873,Dvorníky - Včeláre,427,202,47.3
559881,Zádiel,134,47,35.07
559890,Štôla,439,262,59.68
559938,Malá Franková,151,92,60.92
559971,Lipníky,475,230,48.42
559989,Suchá Dolina,168,89,52.97
560022,Brzotín,1042,283,27.15
560031,Čučma,494,193,39.06
560049,Jovice,602,210,34.88
560065,Kružná,387,140,36.17
560073,Vyšný Hrabovec,158,72,45.56
560103,Vysoké Tatry,3936,2553,64.86
560154,Smižany,6919,2950,42.63
580236,Hronsek,544,351,64.52
580244,Malachov,940,651,69.25
580252,Milhosť,314,97,30.89
580287,Liptovský Peter,1049,605,57.67
580309,Mikušovce,239,93,38.91
580317,Utekáč,694,382,55.04
580368,Tatranská Javorina,186,124,66.66
580384,Mokrá Lúka,446,255,57.17
580449,Brodzany,742,463,62.39
580457,Tovarníky,1265,785,62.05
580473,Biely Kostol,1976,1156,58.5
580520,Korytárky,786,461,58.65
580546,Orovnica,441,225,51.02
580554,Čenkovce,921,440,47.77
580597,Kyselica,213,116,54.46
580601,Dukovce,234,139,59.4
580791,Radoľa,1254,741,59.09
580813,Bziny,449,258,57.46
580856,Horný Lieskov,369,210,56.91
580864,Podskalie,124,82,66.12
580899,Lužianky,2667,1381,51.78
580911,Holiare,373,134,35.92
580937,Bohunice,126,88,69.84
580953,Malé Uherce,688,397,57.7
581020,Hrnčiarovce nad Parnou,2085,1407,67.48
581097,Ľudovítová,204,116,56.86
581135,Malé Kozmálovce,329,152,46.2
581160,Veľké Kozmálovce,604,389,64.4
581241,Malý Slavkov,907,357,39.36
581305,Nemčice,817,485,59.36
581348,Petrova Lehota,155,83,53.54
581399,Banka,1830,1017,55.57
581488,Zvončín,814,535,65.72
581585,Veľká Lúka,648,416,64.19
581607,Brehy,856,467,54.55
581623,Babindol,585,308,52.64
581640,Korytné,80,58,72.5
581658,Práznovce,783,406,51.85
581674,Hencovce,1047,528,50.42
581691,Štefanovičová,280,169,60.35
581704,Kuzmice,592,352,59.45
581712,Šuja,262,154,58.77
581747,Horná Ves,511,290,56.75
581895,Hrkovce,244,85,34.83
581984,Hlboké nad Váhom,782,466,59.59
582000,Bratislava,388401,240350,61.8819210043228
582051,Zlatno,366,141,38.52
582093,Vyšný Medzev,442,221,50
582140,Lackovce,686,392,57.14
582301,Bohunice,611,360,58.91
582361,Obid,947,267,28.19
582387,Čab,623,375,60.19
582425,Dolné Lefantovce,582,339,58.24
582514,Kostoľany nad Hornádom,1008,587,58.23
582522,Potônske Lúky,250,106,42.4
582549,Nový Svet,97,62,63.91
582638,Malá Mača,481,256,53.22
582697,Bádice,325,173,53.23
582719,Štitáre,927,582,62.78
582816,Žitavany,1528,869,56.87
599310,Chorváty,89,56,62.92
599328,Ladomerská Vieska,637,355,55.72
599336,Lutila,1106,730,66
599981,Košice,185347,93772,50.5926721230988
